vertex	distance_after_supersteps
0	0
1	1
2	1
3	1
4	1
5	1
6	1
7	1
8	1
9	1
10	1
11	1
12	1
13	1
14	1
15	1
16	1
17	1
18	1
19	1
20	1
21	1
22	1
23	1
24	1
25	1
26	1
27	1
28	1
29	1
30	1
31	1
32	1
33	1
34	1
35	1
36	1
37	1
38	1
39	1
40	1
41	1
42	1
43	1
44	1
45	1
46	1
47	1
48	1
49	1
50	1
51	1
52	1
53	1
54	1
55	1
56	1
57	1
58	1
59	1
60	1
61	1
62	1
63	1
64	1
65	1
66	1
67	1
68	1
69	1
70	1
71	1
72	1
73	1
74	1
75	1
76	1
77	1
78	1
79	1
80	1
81	1
82	1
83	1
84	1
85	1
86	1
87	1
88	1
89	1
90	1
91	1
92	1
93	1
94	1
95	1
96	1
97	1
98	1
99	1
100	1
101	1
102	1
103	1
104	1
105	1
106	1
107	1
108	1
109	1
110	1
111	1
112	1
113	1
114	1
115	1
116	1
117	1
118	1
119	1
120	1
121	1
122	1
123	1
124	1
125	1
126	1
127	1
128	1
129	1
130	1
131	1
132	1
133	1
134	1
135	1
136	1
137	1
138	1
139	1
140	1
141	1
142	1
143	1
144	1
145	1
146	1
147	1
148	1
149	1
150	1
151	1
152	1
153	1
154	1
155	1
156	1
157	1
158	1
159	1
160	1
161	1
162	1
163	1
164	1
165	1
166	1
167	1
168	1
169	1
170	1
171	1
172	1
173	1
174	1
175	1
176	1
177	1
178	1
179	1
180	1
181	1
182	1
183	1
184	1
185	1
186	1
187	1
188	1
189	1
190	1
191	1
192	1
193	1
194	1
195	1
196	1
197	1
198	1
199	1
200	1
201	1
202	1
203	1
204	1
205	1
206	1
207	1
208	1
209	1
210	1
211	1
212	1
213	1
214	1
215	1
216	1
217	1
218	1
219	1
220	1
221	1
222	1
223	1
224	1
225	1
226	1
227	1
228	1
229	1
230	1
231	1
232	1
233	1
234	1
235	1
236	1
237	1
238	1
239	1
240	1
241	1
242	1
243	1
244	1
245	1
246	1
247	1
248	1
249	1
250	1
251	1
252	1
253	1
254	1
255	1
256	1
257	1
258	1
259	1
260	1
261	1
262	1
263	1
264	1
265	1
266	1
267	1
268	1
269	1
270	1
271	1
272	1
273	1
274	1
275	1
276	1
277	1
278	1
279	1
280	1
281	1
282	1
283	1
284	1
285	1
286	1
287	1
288	1
289	1
290	1
291	1
292	1
293	1
294	1
295	1
296	1
297	1
298	1
299	1
300	1
301	1
302	1
303	1
304	1
305	1
306	1
307	1
308	1
309	1
310	1
311	1
312	1
313	1
314	1
315	1
316	1
317	1
318	1
319	1
320	1
321	1
322	1
323	1
324	1
325	1
326	1
327	1
328	1
329	1
330	1
331	1
332	1
333	1
334	1
335	1
336	1
337	1
338	1
339	1
340	1
341	1
342	1
343	1
344	1
345	1
346	1
347	1
348	1
349	1
350	1
351	1
352	1
353	1
354	1
355	1
356	1
357	1
358	1
359	1
360	1
361	1
362	1
363	1
364	1
365	1
366	1
367	1
368	1
369	1
370	1
371	1
372	1
373	1
374	1
375	1
376	1
377	1
378	1
379	1
380	1
381	1
382	1
383	1
384	1
385	1
386	1
387	1
388	1
389	1
390	1
391	1
392	1
393	1
394	1
395	1
396	1
397	1
398	1
399	1
400	1
401	1
402	1
403	1
404	1
405	1
406	1
407	1
408	1
409	1
410	1
411	1
412	1
413	1
414	1
415	1
416	1
417	1
418	1
419	1
420	1
421	1
422	1
423	1
424	1
425	1
426	1
427	1
428	1
429	1
430	1
431	1
432	1
433	1
434	1
435	1
436	1
437	1
438	1
439	1
440	1
441	1
442	1
443	1
444	1
445	1
446	1
447	1
448	1
449	1
450	1
451	1
452	1
453	1
454	1
455	1
456	1
457	1
458	1
459	1
460	1
461	1
462	1
463	1
464	1
465	1
466	1
467	1
468	1
469	1
470	1
471	1
472	1
473	1
474	1
475	1
476	1
477	1
478	1
479	1
480	1
481	1
482	1
483	1
484	1
485	1
486	1
487	1
488	1
489	1
490	1
491	1
492	1
493	1
494	1
495	1
496	1
497	1
498	1
499	1
500	1
501	1
502	1
503	1
504	1
505	1
506	1
507	1
508	1
509	1
510	1
511	1
512	1
513	1
514	1
515	1
516	1
517	1
518	1
519	1
520	1
521	1
522	1
523	1
524	1
525	1
526	1
527	1
528	1
529	1
530	1
531	1
532	1
533	1
534	1
535	1
536	1
537	1
538	1
539	1
540	1
541	1
542	1
543	1
544	1
545	1
546	1
547	1
548	1
549	1
550	1
551	1
552	1
553	1
554	1
555	1
556	1
557	1
558	1
559	1
560	1
561	1
562	1
563	1
564	1
565	1
566	1
567	1
568	1
569	1
570	1
571	1
572	1
573	1
574	1
575	1
576	1
577	1
578	1
579	1
580	1
581	1
582	1
583	1
584	1
585	1
586	1
587	1
588	1
589	1
590	1
591	1
592	1
593	1
594	1
595	1
596	1
597	1
598	1
599	1
600	1
601	1
602	1
603	1
604	1
605	1
606	1
607	1
608	1
609	1
610	1
611	1
612	1
613	1
614	1
615	1
616	1
617	1
618	1
619	1
620	1
621	1
622	1
623	1
624	1
625	1
626	1
627	1
628	1
629	1
630	1
631	1
632	1
633	1
634	1
635	1
636	1
637	1
638	1
639	1
640	1
641	1
642	1
643	1
644	1
645	1
646	1
647	1
648	1
649	1
650	1
651	1
652	1
653	1
654	1
655	1
656	1
657	1
658	1
659	1
660	1
661	1
662	1
663	1
664	1
665	1
666	1
667	1
668	1
669	1
670	1
671	1
672	1
673	1
674	1
675	1
676	1
677	1
678	1
679	1
680	1
681	1
682	1
683	1
684	1
685	1
686	1
687	1
688	1
689	1
690	1
691	1
692	1
693	1
694	1
695	1
696	1
697	1
698	1
699	1
700	1
701	1
702	1
703	1
704	1
705	1
706	1
707	1
708	1
709	1
710	1
711	1
712	1
713	1
714	1
715	1
716	1
717	1
718	1
719	1
720	1
721	1
722	1
723	1
724	1
725	1
726	1
727	1
728	1
729	1
730	1
731	1
732	1
733	1
734	1
735	1
736	1
737	1
738	1
739	1
740	1
741	1
742	1
743	1
744	1
745	1
746	1
747	1
748	1
749	1
750	1
751	1
752	1
753	1
754	1
755	1
756	1
757	1
758	1
759	1
760	1
761	1
762	1
763	1
764	1
765	1
766	1
767	1
768	1
769	1
770	1
771	1
772	1
773	1
774	1
775	1
776	1
777	1
778	1
779	1
780	1
781	1
782	1
783	1
784	1
785	1
786	1
787	1
788	1
789	1
790	1
791	1
792	1
793	1
794	1
795	1
796	1
797	1
798	1
799	1
800	1
801	1
802	1
803	1
804	1
805	1
806	1
807	1
808	1
809	1
810	1
811	1
812	1
813	1
814	1
815	1
816	1
817	1
818	1
819	1
820	1
821	1
822	1
823	1
824	1
825	1
826	1
827	1
828	1
829	1
830	1
831	1
832	1
833	1
834	1
835	1
836	1
837	1
838	1
839	1
840	1
841	1
842	1
843	1
844	1
845	1
846	1
847	1
848	1
849	1
850	1
851	1
852	1
853	1
854	1
855	1
856	1
857	1
858	1
859	1
860	1
861	1
862	1
863	1
864	1
865	1
866	1
867	1
868	1
869	1
870	1
871	1
872	1
873	1
874	1
875	1
876	1
877	1
878	1
879	1
880	1
881	1
882	1
883	1
884	1
885	1
886	1
887	1
888	1
889	1
890	1
891	1
892	1
893	1
894	1
895	1
896	1
897	1
898	1
899	1
900	1
901	1
902	1
903	1
904	1
905	1
906	1
907	1
908	1
909	1
910	1
911	1
912	1
913	1
914	1
915	1
916	1
917	1
918	1
919	1
920	1
921	1
922	1
923	1
924	1
925	1
926	1
927	1
928	1
929	1
930	1
931	1
932	1
933	1
934	1
935	1
936	1
937	1
938	1
939	1
940	1
941	1
942	1
943	1
944	1
945	1
946	1
947	1
948	1
949	1
950	1
951	1
952	1
953	1
954	1
955	1
956	1
957	1
958	1
959	1
960	1
961	1
962	1
963	1
964	1
965	1
966	1
967	1
968	1
969	1
970	1
971	1
972	1
973	1
974	1
975	1
976	1
977	1
978	1
979	1
980	1
981	1
982	1
983	1
984	1
985	1
986	1
987	1
988	1
989	1
990	1
991	1
992	1
993	1
994	1
995	1
996	1
997	1
998	1
999	1
1000	1
1001	1
1002	1
1003	1
1004	1
1005	1
1006	1
1007	1
1008	1
1009	1
1010	1
1011	1
1012	1
1013	1
1014	1
1015	1
1016	1
1017	1
1018	1
1019	1
1020	1
1021	1
1022	1
1023	1
1024	1
1025	1
1026	1
1027	1
1028	1
1029	1
1030	1
1031	1
1032	1
1033	1
1034	1
1035	1
1036	1
1037	1
1038	1
1039	1
1040	1
1041	1
1042	1
1043	1
1044	1
1045	1
1046	1
1047	1
1048	1
1049	1
1050	1
1051	1
1052	1
1053	1
1054	1
1055	1
1056	1
1057	1
1058	1
1059	1
1060	1
1061	1
1062	1
1063	1
1064	1
1065	1
1066	1
1067	1
1068	1
1069	1
1070	1
1071	1
1072	1
1073	1
1074	1
1075	1
1076	1
1077	1
1078	1
1079	1
1080	1
1081	1
1082	1
1083	1
1084	1
1085	1
1086	1
1087	1
1088	1
1089	1
1090	1
1091	1
1092	1
1093	1
1094	1
1095	1
1096	1
1097	1
1098	1
1099	1
1100	1
1101	1
1102	1
1103	1
1104	1
1105	1
1106	1
1107	1
1108	1
1109	1
1110	1
1111	1
1112	1
1113	1
1114	1
1115	1
1116	1
1117	1
1118	1
1119	1
1120	1
1121	1
1122	1
1123	1
1124	1
1125	1
1126	1
1127	1
1128	1
1129	1
1130	1
1131	1
1132	1
1133	1
1134	1
1135	1
1136	1
1137	1
1138	1
1139	1
1140	1
1141	1
1142	1
1143	1
1144	1
1145	1
1146	1
1147	1
1148	1
1149	1
1150	1
1151	1
1152	1
1153	1
1154	1
1155	1
1156	1
1157	1
1158	1
1159	1
1160	1
1161	1
1162	1
1163	1
1164	1
1165	1
1166	1
1167	1
1168	1
1169	1
1170	1
1171	1
1172	1
1173	1
1174	1
1175	1
1176	1
1177	1
1178	1
1179	1
1180	1
1181	1
1182	1
1183	1
1184	1
1185	1
1186	1
1187	1
1188	1
1189	1
1190	1
1191	1
1192	1
1193	1
1194	1
1195	1
1196	1
1197	1
1198	1
1199	1
1200	1
1201	1
1202	1
1203	1
1204	1
1205	1
1206	1
1207	1
1208	1
1209	1
1210	1
1211	1
1212	1
1213	1
1214	1
1215	1
1216	1
1217	1
1218	1
1219	1
1220	1
1221	1
1222	1
1223	1
1224	1
1225	1
1226	1
1227	1
1228	1
1229	1
1230	1
1231	1
1232	1
1233	1
1234	1
1235	1
1236	1
1237	1
1238	1
1239	1
1240	1
1241	1
1242	1
1243	1
1244	1
1245	1
1246	1
1247	1
1248	1
1249	1
1250	1
1251	1
1252	1
1253	1
1254	1
1255	1
1256	1
1257	1
1258	1
1259	1
1260	1
1261	1
1262	1
1263	1
1264	1
1265	1
1266	1
1267	1
1268	1
1269	1
1270	1
1271	1
1272	1
1273	1
1274	1
1275	1
1276	1
1277	1
1278	1
1279	1
1280	1
1281	1
1282	1
1283	1
1284	1
1285	1
1286	1
1287	1
1288	1
1289	1
1290	1
1291	1
1292	1
1293	1
1294	1
1295	1
1296	1
1297	1
1298	1
1299	1
1300	1
1301	1
1302	1
1303	1
1304	1
1305	1
1306	1
1307	1
1308	1
1309	1
1310	1
1311	1
1312	1
1313	1
1314	1
1315	1
1316	1
1317	1
1318	1
1319	1
1320	1
1321	1
1322	1
1323	1
1324	1
1325	1
1326	1
1327	1
1328	1
1329	1
1330	1
1331	1
1332	1
1333	1
1334	1
1335	1
1336	1
1337	1
1338	1
1339	1
1340	1
1341	1
1342	1
1343	1
1344	1
1345	1
1346	1
1347	1
1348	1
1349	1
1350	1
1351	1
1352	1
1353	1
1354	1
1355	1
1356	1
1357	1
1358	1
1359	1
1360	1
1361	1
1362	1
1363	1
1364	1
1365	1
1366	1
1367	1
1368	1
1369	1
1370	1
1371	1
1372	1
1373	1
1374	1
1375	1
1376	1
1377	1
1378	1
1379	1
1380	1
1381	1
1382	1
1383	1
1384	1
1385	1
1386	1
1387	1
1388	1
1389	1
1390	1
1391	1
1392	1
1393	1
1394	1
1395	1
1396	1
1397	1
1398	1
1399	1
1400	1
1401	1
1402	1
1403	1
1404	1
1405	1
1406	1
1407	1
1408	1
1409	1
1410	1
1411	1
1412	1
1413	1
1414	1
1415	1
1416	1
1417	1
1418	1
1419	1
1420	1
1421	1
1422	1
1423	1
1424	1
1425	1
1426	1
1427	1
1428	1
1429	1
1430	1
1431	1
1432	1
1433	1
1434	1
1435	1
1436	1
1437	1
1438	1
1439	1
1440	1
1441	1
1442	1
1443	1
1444	1
1445	1
1446	1
1447	1
1448	1
1449	1
1450	1
1451	1
1452	1
1453	1
1454	1
1455	1
1456	1
1457	1
1458	1
1459	1
1460	1
1461	1
1462	1
1463	1
1464	1
1465	1
1466	1
1467	1
1468	1
1469	1
1470	1
1471	1
1472	1
1473	1
1474	1
1475	1
1476	1
1477	1
1478	1
1479	1
1480	1
1481	1
1482	1
1483	1
1484	1
1485	1
1486	1
1487	1
1488	1
1489	1
1490	1
1491	1
1492	1
1493	1
1494	1
1495	1
1496	1
1497	1
1498	1
1499	1
1500	1
1501	1
1502	1
1503	1
1504	1
1505	1
1506	1
1507	1
1508	1
1509	1
1510	1
1511	1
1512	1
1513	1
1514	1
1515	1
1516	1
1517	1
1518	1
1519	1
1520	1
1521	1
1522	1
1523	1
1524	1
1525	1
1526	1
1527	1
1528	1
1529	1
1530	1
1531	1
1532	1
1533	1
1534	1
1535	1
1536	1
1537	1
1538	1
1539	1
1540	1
1541	1
1542	1
1543	1
1544	1
1545	1
1546	1
1547	1
1548	1
1549	1
1550	1
1551	1
1552	1
1553	1
1554	1
1555	1
1556	1
1557	1
1558	1
1559	1
1560	1
1561	1
1562	1
1563	1
1564	1
1565	1
1566	1
1567	1
1568	1
1569	1
1570	1
1571	1
1572	1
1573	1
1574	1
1575	1
1576	1
1577	1
1578	1
1579	1
1580	1
1581	1
1582	1
1583	1
1584	1
1585	1
1586	1
1587	1
1588	1
1589	1
1590	1
1591	1
1592	1
1593	1
1594	1
1595	1
1596	1
1597	1
1598	1
1599	1
1600	1
1601	1
1602	1
1603	1
1604	1
1605	1
1606	1
1607	1
1608	1
1609	1
1610	1
1611	1
1612	1
1613	1
1614	1
1615	1
1616	1
1617	1
1618	1
1619	1
1620	1
1621	1
1622	1
1623	1
1624	1
1625	1
1626	1
1627	1
1628	1
1629	1
1630	1
1631	1
1632	1
1633	1
1634	1
1635	1
1636	1
1637	1
1638	1
1639	1
1640	1
1641	1
1642	1
1643	1
1644	1
1645	1
1646	1
1647	1
1648	1
1649	1
1650	1
1651	1
1652	1
1653	1
1654	1
1655	1
1656	1
1657	1
1658	1
1659	1
1660	1
1661	1
1662	1
1663	1
1664	1
1665	1
1666	1
1667	1
1668	1
1669	1
1670	1
1671	1
1672	1
1673	1
1674	1
1675	1
1676	1
1677	1
1678	1
1679	1
1680	1
1681	1
1682	1
1683	1
1684	1
1685	1
1686	1
1687	1
1688	1
1689	1
1690	1
1691	1
1692	1
1693	1
1694	1
1695	1
1696	1
1697	1
1698	1
1699	1
1700	1
1701	1
1702	1
1703	1
1704	1
1705	1
1706	1
1707	1
1708	1
1709	1
1710	1
1711	1
1712	1
1713	1
1714	1
1715	1
1716	1
1717	1
1718	1
1719	1
1720	1
1721	1
1722	1
1723	1
1724	1
1725	1
1726	1
1727	1
1728	1
1729	1
1730	1
1731	1
1732	1
1733	1
1734	1
1735	1
1736	1
1737	1
1738	1
1739	1
1740	1
1741	1
1742	1
1743	1
1744	1
1745	1
1746	1
1747	1
1748	1
1749	1
1750	1
1751	1
1752	1
1753	1
1754	1
1755	1
1756	1
1757	1
1758	1
1759	1
1760	1
1761	1
1762	1
1763	1
1764	1
1765	1
1766	1
1767	1
1768	1
1769	1
1770	1
1771	1
1772	1
1773	1
1774	1
1775	1
1776	1
1777	1
1778	1
1779	1
1780	1
1781	1
1782	1
1783	1
1784	1
1785	1
1786	1
1787	1
1788	1
1789	1
1790	1
1791	1
1792	1
1793	1
1794	1
1795	1
1796	1
1797	1
1798	1
1799	1
1800	1
1801	1
1802	1
1803	1
1804	1
1805	1
1806	1
1807	1
1808	1
1809	1
1810	1
1811	1
1812	1
1813	1
1814	1
1815	1
1816	1
1817	1
1818	1
1819	1
1820	1
1821	1
1822	1
1823	1
1824	1
1825	1
1826	1
1827	1
1828	1
1829	1
1830	1
1831	1
1832	1
1833	1
1834	1
1835	1
1836	1
1837	1
1838	1
1839	1
1840	1
1841	1
1842	1
1843	1
1844	1
1845	1
1846	1
1847	1
1848	1
1849	1
1850	1
1851	1
1852	1
1853	1
1854	1
1855	1
1856	1
1857	1
1858	1
1859	1
1860	1
1861	1
1862	1
1863	1
1864	1
1865	1
1866	1
1867	1
1868	1
1869	1
1870	1
1871	1
1872	1
1873	1
1874	1
1875	1
1876	1
1877	1
1878	1
1879	1
1880	1
1881	1
1882	1
1883	1
1884	1
1885	1
1886	1
1887	1
1888	1
1889	1
1890	1
1891	1
1892	1
1893	1
1894	1
1895	1
1896	1
1897	1
1898	1
1899	1
1900	1
1901	1
1902	1
1903	1
1904	1
1905	1
1906	1
1907	1
1908	1
1909	1
1910	1
1911	1
1912	1
1913	1
1914	1
1915	1
1916	1
1917	1
1918	1
1919	1
1920	1
1921	1
1922	1
1923	1
1924	1
1925	1
1926	1
1927	1
1928	1
1929	1
1930	1
1931	1
1932	1
1933	1
1934	1
1935	1
1936	1
1937	1
1938	1
1939	1
1940	1
1941	1
1942	1
1943	1
1944	1
1945	1
1946	1
1947	1
1948	1
1949	1
1950	1
1951	1
1952	1
1953	1
1954	1
1955	1
1956	1
1957	1
1958	1
1959	1
1960	1
1961	1
1962	1
1963	1
1964	1
1965	1
1966	1
1967	1
1968	1
1969	1
1970	1
1971	1
1972	1
1973	1
1974	1
1975	1
1976	1
1977	1
1978	1
1979	1
1980	1
1981	1
1982	1
1983	1
1984	1
1985	1
1986	1
1987	1
1988	1
1989	1
1990	1
1991	1
1992	1
1993	1
1994	1
1995	1
1996	1
1997	1
1998	1
1999	1
2000	1
2001	1
2002	1
2003	1
2004	1
2005	1
2006	1
2007	1
2008	1
2009	1
2010	1
2011	1
2012	1
2013	1
2014	1
2015	1
2016	1
2017	1
2018	1
2019	1
2020	1
2021	1
2022	1
2023	1
2024	1
2025	1
2026	1
2027	1
2028	1
2029	1
2030	1
2031	1
2032	1
2033	1
2034	1
2035	1
2036	1
2037	1
2038	1
2039	1
2040	1
2041	1
2042	1
2043	1
2044	1
2045	1
2046	1
2047	1
2048	1
2049	1
2050	1
2051	1
2052	1
2053	1
2054	1
2055	1
2056	1
2057	1
2058	1
2059	1
2060	1
2061	1
2062	1
2063	1
2064	1
2065	1
2066	1
2067	1
2068	1
2069	1
2070	1
2071	1
2072	1
2073	1
2074	1
2075	1
2076	1
2077	1
2078	1
2079	1
2080	1
2081	1
2082	1
2083	1
2084	1
2085	1
2086	1
2087	1
2088	1
2089	1
2090	1
2091	1
2092	1
2093	1
2094	1
2095	1
2096	1
2097	1
2098	1
2099	1
2100	1
2101	1
2102	1
2103	1
2104	1
2105	1
2106	1
2107	1
2108	1
2109	1
2110	1
2111	1
2112	1
2113	1
2114	1
2115	1
2116	1
2117	1
2118	1
2119	1
2120	1
2121	1
2122	1
2123	1
2124	1
2125	1
2126	1
2127	1
2128	1
2129	1
2130	1
2131	1
2132	1
2133	1
2134	1
2135	1
2136	1
2137	1
2138	1
2139	1
2140	1
2141	1
2142	1
2143	1
2144	1
2145	1
2146	1
2147	1
2148	1
2149	1
2150	1
2151	1
2152	1
2153	1
2154	1
2155	1
2156	1
2157	1
2158	1
2159	1
2160	1
2161	1
2162	1
2163	1
2164	1
2165	1
2166	1
2167	1
2168	1
2169	1
2170	1
2171	1
2172	1
2173	1
2174	1
2175	1
2176	1
2177	1
2178	1
2179	1
2180	1
2181	1
2182	1
2183	1
2184	1
2185	1
2186	1
2187	1
2188	1
2189	1
2190	1
2191	1
2192	1
2193	1
2194	1
2195	1
2196	1
2197	1
2198	1
2199	1
2200	1
2201	1
2202	1
2203	1
2204	1
2205	1
2206	1
2207	1
2208	1
2209	1
2210	1
2211	1
2212	1
2213	1
2214	1
2215	1
2216	1
2217	1
2218	1
2219	1
2220	1
2221	1
2222	1
2223	1
2224	1
2225	1
2226	1
2227	1
2228	1
2229	1
2230	1
2231	1
2232	1
2233	1
2234	1
2235	1
2236	1
2237	1
2238	1
2239	1
2240	1
2241	1
2242	1
2243	1
2244	1
2245	1
2246	1
2247	1
2248	1
2249	1
2250	1
2251	1
2252	1
2253	1
2254	1
2255	1
2256	1
2257	1
2258	1
2259	1
2260	1
2261	1
2262	1
2263	1
2264	1
2265	1
2266	1
2267	1
2268	1
2269	1
2270	1
2271	1
2272	1
2273	1
2274	1
2275	1
2276	1
2277	1
2278	1
2279	1
2280	1
2281	1
2282	1
2283	1
2284	1
2285	1
2286	1
2287	1
2288	1
2289	1
2290	1
2291	1
2292	1
2293	1
2294	1
2295	1
2296	1
2297	1
2298	1
2299	1
2300	1
2301	1
2302	1
2303	1
2304	1
2305	1
2306	1
2307	1
2308	1
2309	1
2310	1
2311	1
2312	1
2313	1
2314	1
2315	1
2316	1
2317	1
2318	1
2319	1
2320	1
2321	1
2322	1
2323	1
2324	1
2325	1
2326	1
2327	1
2328	1
2329	1
2330	1
2331	1
2332	1
2333	1
2334	1
2335	1
2336	1
2337	1
2338	1
2339	1
2340	1
2341	1
2342	1
2343	1
2344	1
2345	1
2346	1
2347	1
2348	1
2349	1
2350	1
2351	1
2352	1
2353	1
2354	1
2355	1
2356	1
2357	1
2358	1
2359	1
2360	1
2361	1
2362	1
2363	1
2364	1
2365	1
2366	1
2367	1
2368	1
2369	1
2370	1
2371	1
2372	1
2373	1
2374	1
2375	1
2376	1
2377	1
2378	1
2379	1
2380	1
2381	1
2382	1
2383	1
2384	1
2385	1
2386	1
2387	1
2388	1
2389	1
2390	1
2391	1
2392	1
2393	1
2394	1
2395	1
2396	1
2397	1
2398	1
2399	1
2400	1
2401	1
2402	1
2403	1
2404	1
2405	1
2406	1
2407	1
2408	1
2409	1
2410	1
2411	1
2412	1
2413	1
2414	1
2415	1
2416	1
2417	1
2418	1
2419	1
2420	1
2421	1
2422	1
2423	1
2424	1
2425	1
2426	1
2427	1
2428	1
2429	1
2430	1
2431	1
2432	1
2433	1
2434	1
2435	1
2436	1
2437	1
2438	1
2439	1
2440	1
2441	1
2442	1
2443	1
2444	1
2445	1
2446	1
2447	1
2448	1
2449	1
2450	1
2451	1
2452	1
2453	1
2454	1
2455	1
2456	1
2457	1
2458	1
2459	1
2460	1
2461	1
2462	1
2463	1
2464	1
2465	1
2466	1
2467	1
2468	1
2469	1
2470	1
2471	1
2472	1
2473	1
2474	1
2475	1
2476	1
2477	1
2478	1
2479	1
2480	1
2481	1
2482	1
2483	1
2484	1
2485	1
2486	1
2487	1
2488	1
2489	1
2490	1
2491	1
2492	1
2493	1
2494	1
2495	1
2496	1
2497	1
2498	1
2499	1
2500	1
2501	1
2502	1
2503	1
2504	1
2505	1
2506	1
2507	1
2508	1
2509	1
2510	1
2511	1
2512	1
2513	1
2514	1
2515	1
2516	1
2517	1
2518	1
2519	1
2520	1
2521	1
2522	1
2523	1
2524	1
2525	1
2526	1
2527	1
2528	1
2529	1
2530	1
2531	1
2532	1
2533	1
2534	1
2535	1
2536	1
2537	1
2538	1
2539	1
2540	1
2541	1
2542	1
2543	1
2544	1
2545	1
2546	1
2547	1
2548	1
2549	1
2550	1
2551	1
2552	1
2553	1
2554	1
2555	1
2556	1
2557	1
2558	1
2559	1
2560	1
2561	1
2562	1
2563	1
2564	1
2565	1
2566	1
2567	1
2568	1
2569	1
2570	1
2571	1
2572	1
2573	1
2574	1
2575	1
2576	1
2577	1
2578	1
2579	1
2580	1
2581	1
2582	1
2583	1
2584	1
2585	1
2586	1
2587	1
2588	1
2589	1
2590	1
2591	1
2592	1
2593	1
2594	1
2595	1
2596	1
2597	1
2598	1
2599	1
2600	1
2601	1
2602	1
2603	1
2604	1
2605	1
2606	1
2607	1
2608	1
2609	1
2610	1
2611	1
2612	1
2613	1
2614	1
2615	1
2616	1
2617	1
2618	1
2619	1
2620	1
2621	1
2622	1
2623	1
2624	1
2625	1
2626	1
2627	1
2628	1
2629	1
2630	1
2631	1
2632	1
2633	1
2634	1
2635	1
2636	1
2637	1
2638	1
2639	1
2640	1
2641	1
2642	1
2643	1
2644	1
2645	1
2646	1
2647	1
2648	1
2649	1
2650	1
2651	1
2652	1
2653	1
2654	1
2655	1
2656	1
2657	1
2658	1
2659	1
2660	1
2661	1
2662	1
2663	1
2664	1
2665	1
2666	1
2667	1
2668	1
2669	1
2670	1
2671	1
2672	1
2673	1
2674	1
2675	1
2676	1
2677	1
2678	1
2679	1
2680	1
2681	1
2682	1
2683	1
2684	1
2685	1
2686	1
2687	1
2688	1
2689	1
2690	1
2691	1
2692	1
2693	1
2694	1
2695	1
2696	1
2697	1
2698	1
2699	1
2700	1
2701	1
2702	1
2703	1
2704	1
2705	1
2706	1
2707	1
2708	1
2709	1
2710	1
2711	1
2712	1
2713	1
2714	1
2715	1
2716	1
2717	1
2718	1
2719	1
2720	1
2721	1
2722	1
2723	1
2724	1
2725	1
2726	1
2727	1
2728	1
2729	1
2730	1
2731	1
2732	1
2733	1
2734	1
2735	1
2736	1
2737	1
2738	1
2739	1
2740	1
2741	1
2742	1
2743	1
2744	1
2745	1
2746	1
2747	1
2748	1
2749	1
2750	1
2751	1
2752	1
2753	1
2754	1
2755	1
2756	1
2757	1
2758	1
2759	1
2760	1
2761	1
2762	1
2763	1
2764	1
2765	1
2766	1
2767	1
2768	1
2769	1
2770	1
2771	1
2772	1
2773	1
2774	1
2775	1
2776	1
2777	1
2778	1
2779	1
2780	1
2781	1
2782	1
2783	1
2784	1
2785	1
2786	1
2787	1
2788	1
2789	1
2790	1
2791	1
2792	1
2793	1
2794	1
2795	1
2796	1
2797	1
2798	1
2799	1
2800	1
2801	1
2802	1
2803	1
2804	1
2805	1
2806	1
2807	1
2808	1
2809	1
2810	1
2811	1
2812	1
2813	1
2814	1
2815	1
2816	1
2817	1
2818	1
2819	1
2820	1
2821	1
2822	1
2823	1
2824	1
2825	1
2826	1
2827	1
2828	1
2829	1
2830	1
2831	1
2832	1
2833	1
2834	1
2835	1
2836	1
2837	1
2838	1
2839	1
2840	1
2841	1
2842	1
2843	1
2844	1
2845	1
2846	1
2847	1
2848	1
2849	1
2850	1
2851	1
2852	1
2853	1
2854	1
2855	1
2856	1
2857	1
2858	1
2859	1
2860	1
2861	1
2862	1
2863	1
2864	1
2865	1
2866	1
2867	1
2868	1
2869	1
2870	1
2871	1
2872	1
2873	1
2874	1
2875	1
2876	1
2877	1
2878	1
2879	1
2880	1
2881	1
2882	1
2883	1
2884	1
2885	1
2886	1
2887	1
2888	1
2889	1
2890	1
2891	1
2892	1
2893	1
2894	1
2895	1
2896	1
2897	1
2898	1
2899	1
2900	1
2901	1
2902	1
2903	1
2904	1
2905	1
2906	1
2907	1
2908	1
2909	1
2910	1
2911	1
2912	1
2913	1
2914	1
2915	1
2916	1
2917	1
2918	1
2919	1
2920	1
2921	1
2922	1
2923	1
2924	1
2925	1
2926	1
2927	1
2928	1
2929	1
2930	1
2931	1
2932	1
2933	1
2934	1
2935	1
2936	1
2937	1
2938	1
2939	1
2940	1
2941	1
2942	1
2943	1
2944	1
2945	1
2946	1
2947	1
2948	1
2949	1
2950	1
2951	1
2952	1
2953	1
2954	1
2955	1
2956	1
2957	1
2958	1
2959	1
2960	1
2961	1
2962	1
2963	1
2964	1
2965	1
2966	1
2967	1
2968	1
2969	1
2970	1
2971	1
2972	1
2973	1
2974	1
2975	1
2976	1
2977	1
2978	1
2979	1
2980	1
2981	1
2982	1
2983	1
2984	1
2985	1
2986	1
2987	1
2988	1
2989	1
2990	1
2991	1
2992	1
2993	1
2994	1
2995	1
2996	1
2997	1
2998	1
2999	1
3000	1
3001	1
3002	1
3003	1
3004	1
3005	1
3006	1
3007	1
3008	1
3009	1
3010	1
3011	1
3012	1
3013	1
3014	1
3015	1
3016	1
3017	1
3018	1
3019	1
3020	1
3021	1
3022	1
3023	1
3024	1
3025	1
3026	1
3027	1
3028	1
3029	1
3030	1
3031	1
3032	1
3033	1
3034	1
3035	1
3036	1
3037	1
3038	1
3039	1
3040	1
3041	1
3042	1
3043	1
3044	1
3045	1
3046	1
3047	1
3048	1
3049	1
3050	1
3051	1
3052	1
3053	1
3054	1
3055	1
3056	1
3057	1
3058	1
3059	1
3060	1
3061	1
3062	1
3063	1
3064	1
3065	1
3066	1
3067	1
3068	1
3069	1
3070	1
3071	1
3072	1
3073	1
3074	1
3075	1
3076	1
3077	1
3078	1
3079	1
3080	1
3081	1
3082	1
3083	1
3084	1
3085	1
3086	1
3087	1
3088	1
3089	1
3090	1
3091	1
3092	1
3093	1
3094	1
3095	1
3096	1
3097	1
3098	1
3099	1
3100	1
3101	1
3102	1
3103	1
3104	1
3105	1
3106	1
3107	1
3108	1
3109	1
3110	1
3111	1
3112	1
3113	1
3114	1
3115	1
3116	1
3117	1
3118	1
3119	1
3120	1
3121	1
3122	1
3123	1
3124	1
3125	1
3126	1
3127	1
3128	1
3129	1
3130	1
3131	1
3132	1
3133	1
3134	1
3135	1
3136	1
3137	1
3138	1
3139	1
3140	1
3141	1
3142	1
3143	1
3144	1
3145	1
3146	1
3147	1
3148	1
3149	1
3150	1
3151	1
3152	1
3153	1
3154	1
3155	1
3156	1
3157	1
3158	1
3159	1
3160	1
3161	1
3162	1
3163	1
3164	1
3165	1
3166	1
3167	1
3168	1
3169	1
3170	1
3171	1
3172	1
3173	1
3174	1
3175	1
3176	1
3177	1
3178	1
3179	1
3180	1
3181	1
3182	1
3183	1
3184	1
3185	1
3186	1
3187	1
3188	1
3189	1
3190	1
3191	1
3192	1
3193	1
3194	1
3195	1
3196	1
3197	1
3198	1
3199	1
3200	1
3201	1
3202	1
3203	1
3204	1
3205	1
3206	1
3207	1
3208	1
3209	1
3210	1
3211	1
3212	1
3213	1
3214	1
3215	1
3216	1
3217	1
3218	1
3219	1
3220	1
3221	1
3222	1
3223	1
3224	1
3225	1
3226	1
3227	1
3228	1
3229	1
3230	1
3231	1
3232	1
3233	1
3234	1
3235	1
3236	1
3237	1
3238	1
3239	1
3240	1
3241	1
3242	1
3243	1
3244	1
3245	1
3246	1
3247	1
3248	1
3249	1
3250	1
3251	1
3252	1
3253	1
3254	1
3255	1
3256	1
3257	1
3258	1
3259	1
3260	1
3261	1
3262	1
3263	1
3264	1
3265	1
3266	1
3267	1
3268	1
3269	1
3270	1
3271	1
3272	1
3273	1
3274	1
3275	1
3276	1
3277	1
3278	1
3279	1
3280	1
3281	1
3282	1
3283	1
3284	1
3285	1
3286	1
3287	1
3288	1
3289	1
3290	1
3291	1
3292	1
3293	1
3294	1
3295	1
3296	1
3297	1
3298	1
3299	1
3300	1
3301	1
3302	1
3303	1
3304	1
3305	1
3306	1
3307	1
3308	1
3309	1
3310	1
3311	1
3312	1
3313	1
3314	1
3315	1
3316	1
3317	1
3318	1
3319	1
3320	1
3321	1
3322	1
3323	1
3324	1
3325	1
3326	1
3327	1
3328	1
3329	1
3330	1
3331	1
3332	1
3333	1
3334	1
3335	1
3336	1
3337	1
3338	1
3339	1
3340	1
3341	1
3342	1
3343	1
3344	1
3345	1
3346	1
3347	1
3348	1
3349	1
3350	1
3351	1
3352	1
3353	1
3354	1
3355	1
3356	1
3357	1
3358	1
3359	1
3360	1
3361	1
3362	1
3363	1
3364	1
3365	1
3366	1
3367	1
3368	1
3369	1
3370	1
3371	1
3372	1
3373	1
3374	1
3375	1
3376	1
3377	1
3378	1
3379	1
3380	1
3381	1
3382	1
3383	1
3384	1
3385	1
3386	1
3387	1
3388	1
3389	1
3390	1
3391	1
3392	1
3393	1
3394	1
3395	1
3396	1
3397	1
3398	1
3399	1
3400	1
3401	1
3402	1
3403	1
3404	1
3405	1
3406	1
3407	1
3408	1
3409	1
3410	1
3411	1
3412	1
3413	1
3414	1
3415	1
3416	1
3417	1
3418	1
3419	1
3420	1
3421	1
3422	1
3423	1
3424	1
3425	1
3426	1
3427	1
3428	1
3429	1
3430	1
3431	1
3432	1
3433	1
3434	1
3435	1
3436	1
3437	1
3438	1
3439	1
3440	1
3441	1
3442	1
3443	1
3444	1
3445	1
3446	1
3447	1
3448	1
3449	1
3450	1
3451	1
3452	1
3453	1
3454	1
3455	1
3456	1
3457	1
3458	1
3459	1
3460	1
3461	1
3462	1
3463	1
3464	1
3465	1
3466	1
3467	1
3468	1
3469	1
3470	1
3471	1
3472	1
3473	1
3474	1
3475	1
3476	1
3477	1
3478	1
3479	1
3480	1
3481	1
3482	1
3483	1
3484	1
3485	1
3486	1
3487	1
3488	1
3489	1
3490	1
3491	1
3492	1
3493	1
3494	1
3495	1
3496	1
3497	1
3498	1
3499	1
3500	1
3501	1
3502	1
3503	1
3504	1
3505	1
3506	1
3507	1
3508	1
3509	1
3510	1
3511	1
3512	1
3513	1
3514	1
3515	1
3516	1
3517	1
3518	1
3519	1
3520	1
3521	1
3522	1
3523	1
3524	1
3525	1
3526	1
3527	1
3528	1
3529	1
3530	1
3531	1
3532	1
3533	1
3534	1
3535	1
3536	1
3537	1
3538	1
3539	1
3540	1
3541	1
3542	1
3543	1
3544	1
3545	1
3546	1
3547	1
3548	1
3549	1
3550	1
3551	1
3552	1
3553	1
3554	1
3555	1
3556	1
3557	1
3558	1
3559	1
3560	1
3561	1
3562	1
3563	1
3564	1
3565	1
3566	1
3567	1
3568	1
3569	1
3570	1
3571	1
3572	1
3573	1
3574	1
3575	1
3576	1
3577	1
3578	1
3579	1
3580	1
3581	1
3582	1
3583	1
3584	1
3585	1
3586	1
3587	1
3588	1
3589	1
3590	1
3591	1
3592	1
3593	1
3594	1
3595	1
3596	1
3597	1
3598	1
3599	1
3600	1
3601	1
3602	1
3603	1
3604	1
3605	1
3606	1
3607	1
3608	1
3609	1
3610	1
3611	1
3612	1
3613	1
3614	1
3615	1
3616	1
3617	1
3618	1
3619	1
3620	1
3621	1
3622	1
3623	1
3624	1
3625	1
3626	1
3627	1
3628	1
3629	1
3630	1
3631	1
3632	1
3633	1
3634	1
3635	1
3636	1
3637	1
3638	1
3639	1
3640	1
3641	1
3642	1
3643	1
3644	1
3645	1
3646	1
3647	1
3648	1
3649	1
3650	1
3651	1
3652	1
3653	1
3654	1
3655	1
3656	1
3657	1
3658	1
3659	1
3660	1
3661	1
3662	1
3663	1
3664	1
3665	1
3666	1
3667	1
3668	1
3669	1
3670	1
3671	1
3672	1
3673	1
3674	1
3675	1
3676	1
3677	1
3678	1
3679	1
3680	1
3681	1
3682	1
3683	1
3684	1
3685	1
3686	1
3687	1
3688	1
3689	1
3690	1
3691	1
3692	1
3693	1
3694	1
3695	1
3696	1
3697	1
3698	1
3699	1
3700	1
3701	1
3702	1
3703	1
3704	1
3705	1
3706	1
3707	1
3708	1
3709	1
3710	1
3711	1
3712	1
3713	1
3714	1
3715	1
3716	1
3717	1
3718	1
3719	1
3720	1
3721	1
3722	1
3723	1
3724	1
3725	1
3726	1
3727	1
3728	1
3729	1
3730	1
3731	1
3732	1
3733	1
3734	1
3735	1
3736	1
3737	1
3738	1
3739	1
3740	1
3741	1
3742	1
3743	1
3744	1
3745	1
3746	1
3747	1
3748	1
3749	1
3750	1
3751	1
3752	1
3753	1
3754	1
3755	1
3756	1
3757	1
3758	1
3759	1
3760	1
3761	1
3762	1
3763	1
3764	1
3765	1
3766	1
3767	1
3768	1
3769	1
3770	1
3771	1
3772	1
3773	1
3774	1
3775	1
3776	1
3777	1
3778	1
3779	1
3780	1
3781	1
3782	1
3783	1
3784	1
3785	1
3786	1
3787	1
3788	1
3789	1
3790	1
3791	1
3792	1
3793	1
3794	1
3795	1
3796	1
3797	1
3798	1
3799	1
3800	1
3801	1
3802	1
3803	1
3804	1
3805	1
3806	1
3807	1
3808	1
3809	1
3810	1
3811	1
3812	1
3813	1
3814	1
3815	1
3816	1
3817	1
3818	1
3819	1
3820	1
3821	1
3822	1
3823	1
3824	1
3825	1
3826	1
3827	1
3828	1
3829	1
3830	1
3831	1
3832	1
3833	1
3834	1
3835	1
3836	1
3837	1
3838	1
3839	1
3840	1
3841	1
3842	1
3843	1
3844	1
3845	1
3846	1
3847	1
3848	1
3849	1
3850	1
3851	1
3852	1
3853	1
3854	1
3855	1
3856	1
3857	1
3858	1
3859	1
3860	1
3861	1
3862	1
3863	1
3864	1
3865	1
3866	1
3867	1
3868	1
3869	1
3870	1
3871	1
3872	1
3873	1
3874	1
3875	1
3876	1
3877	1
3878	1
3879	1
3880	1
3881	1
3882	1
3883	1
3884	1
3885	1
3886	1
3887	1
3888	1
3889	1
3890	1
3891	1
3892	1
3893	1
3894	1
3895	1
3896	1
3897	1
3898	1
3899	1
3900	1
3901	1
3902	1
3903	1
3904	1
3905	1
3906	1
3907	1
3908	1
3909	1
3910	1
3911	1
3912	1
3913	1
3914	1
3915	1
3916	1
3917	1
3918	1
3919	1
3920	1
3921	1
3922	1
3923	1
3924	1
3925	1
3926	1
3927	1
3928	1
3929	1
3930	1
3931	1
3932	1
3933	1
3934	1
3935	1
3936	1
3937	1
3938	1
3939	1
3940	1
3941	1
3942	1
3943	1
3944	1
3945	1
3946	1
3947	1
3948	1
3949	1
3950	1
3951	1
3952	1
3953	1
3954	1
3955	1
3956	1
3957	1
3958	1
3959	1
3960	1
3961	1
3962	1
3963	1
3964	1
3965	1
3966	1
3967	1
3968	1
3969	1
3970	1
3971	1
3972	1
3973	1
3974	1
3975	1
3976	1
3977	1
3978	1
3979	1
3980	1
3981	1
3982	1
3983	1
3984	1
3985	1
3986	1
3987	1
3988	1
3989	1
3990	1
3991	1
3992	1
3993	1
3994	1
3995	1
3996	1
3997	1
3998	1
3999	1
4000	1
4001	1
4002	1
4003	1
4004	1
4005	1
4006	1
4007	1
4008	1
4009	1
4010	1
4011	1
4012	1
4013	1
4014	1
4015	1
4016	1
4017	1
4018	1
4019	1
4020	1
4021	1
4022	1
4023	1
4024	1
4025	1
4026	1
4027	1
4028	1
4029	1
4030	1
4031	1
4032	1
4033	1
4034	1
4035	1
4036	1
4037	1
4038	1
4039	1
4040	1
4041	1
4042	1
4043	1
4044	1
4045	1
4046	1
4047	1
4048	1
4049	1
4050	1
4051	1
4052	1
4053	1
4054	1
4055	1
4056	1
4057	1
4058	1
4059	1
4060	1
4061	1
4062	1
4063	1
4064	1
4065	1
4066	1
4067	1
4068	1
4069	1
4070	1
4071	1
4072	1
4073	1
4074	1
4075	1
4076	1
4077	1
4078	1
4079	1
4080	1
4081	1
4082	1
4083	1
4084	1
4085	1
4086	1
4087	1
4088	1
4089	1
4090	1
4091	1
4092	1
4093	1
4094	1
4095	1
4096	1
4097	1
4098	1
4099	1
4100	1
4101	1
4102	1
4103	1
4104	1
4105	1
4106	1
4107	1
4108	1
4109	1
4110	1
4111	1
4112	1
4113	1
4114	1
4115	1
4116	1
4117	1
4118	1
4119	1
4120	1
4121	1
4122	1
4123	1
4124	1
4125	1
4126	1
4127	1
4128	1
4129	1
4130	1
4131	1
4132	1
4133	1
4134	1
4135	1
4136	1
4137	1
4138	1
4139	1
4140	1
4141	1
4142	1
4143	1
4144	1
4145	1
4146	1
4147	1
4148	1
4149	1
4150	1
4151	1
4152	1
4153	1
4154	1
4155	1
4156	1
4157	1
4158	1
4159	1
4160	1
4161	1
4162	1
4163	1
4164	1
4165	1
4166	1
4167	1
4168	1
4169	1
4170	1
4171	1
4172	1
4173	1
4174	1
4175	1
4176	1
4177	1
4178	1
4179	1
4180	1
4181	1
4182	1
4183	1
4184	1
4185	1
4186	1
4187	1
4188	1
4189	1
4190	1
4191	1
4192	1
4193	1
4194	1
4195	1
4196	1
4197	1
4198	1
4199	1
4200	1
4201	1
4202	1
4203	1
4204	1
4205	1
4206	1
4207	1
4208	1
4209	1
4210	1
4211	1
4212	1
4213	1
4214	1
4215	1
4216	1
4217	1
4218	1
4219	1
4220	1
4221	1
4222	1
4223	1
4224	1
4225	1
4226	1
4227	1
4228	1
4229	1
4230	1
4231	1
4232	1
4233	1
4234	1
4235	1
4236	1
4237	1
4238	1
4239	1
4240	1
4241	1
4242	1
4243	1
4244	1
4245	1
4246	1
4247	1
4248	1
4249	1
4250	1
4251	1
4252	1
4253	1
4254	1
4255	1
4256	1
4257	1
4258	1
4259	1
4260	1
4261	1
4262	1
4263	1
4264	1
4265	1
4266	1
4267	1
4268	1
4269	1
4270	1
4271	1
4272	1
4273	1
4274	1
4275	1
4276	1
4277	1
4278	1
4279	1
4280	1
4281	1
4282	1
4283	1
4284	1
4285	1
4286	1
4287	1
4288	1
4289	1
4290	1
4291	1
4292	1
4293	1
4294	1
4295	1
4296	1
4297	1
4298	1
4299	1
4300	1
4301	1
4302	1
4303	1
4304	1
4305	1
4306	1
4307	1
4308	1
4309	1
4310	1
4311	1
4312	1
4313	1
4314	1
4315	1
4316	1
4317	1
4318	1
4319	1
4320	1
4321	1
4322	1
4323	1
4324	1
4325	1
4326	1
4327	1
4328	1
4329	1
4330	1
4331	1
4332	1
4333	1
4334	1
4335	1
4336	1
4337	1
4338	1
4339	1
4340	1
4341	1
4342	1
4343	1
4344	1
4345	1
4346	1
4347	1
4348	1
4349	1
4350	1
4351	1
4352	1
4353	1
4354	1
4355	1
4356	1
4357	1
4358	1
4359	1
4360	1
4361	1
4362	1
4363	1
4364	1
4365	1
4366	1
4367	1
4368	1
4369	1
4370	1
4371	1
4372	1
4373	1
4374	1
4375	1
4376	1
4377	1
4378	1
4379	1
4380	1
4381	1
4382	1
4383	1
4384	1
4385	1
4386	1
4387	1
4388	1
4389	1
4390	1
4391	1
4392	1
4393	1
4394	1
4395	1
4396	1
4397	1
4398	1
4399	1
4400	1
4401	1
4402	1
4403	1
4404	1
4405	1
4406	1
4407	1
4408	1
4409	1
4410	1
4411	1
4412	1
4413	1
4414	1
4415	1
4416	1
4417	1
4418	1
4419	1
4420	1
4421	1
4422	1
4423	1
4424	1
4425	1
4426	1
4427	1
4428	1
4429	1
4430	1
4431	1
4432	1
4433	1
4434	1
4435	1
4436	1
4437	1
4438	1
4439	1
4440	1
4441	1
4442	1
4443	1
4444	1
4445	1
4446	1
4447	1
4448	1
4449	1
4450	1
4451	1
4452	1
4453	1
4454	1
4455	1
4456	1
4457	1
4458	1
4459	1
4460	1
4461	1
4462	1
4463	1
4464	1
4465	1
4466	1
4467	1
4468	1
4469	1
4470	1
4471	1
4472	1
4473	1
4474	1
4475	1
4476	1
4477	1
4478	1
4479	1
4480	1
4481	1
4482	1
4483	1
4484	1
4485	1
4486	1
4487	1
4488	1
4489	1
4490	1
4491	1
4492	1
4493	1
4494	1
4495	1
4496	1
4497	1
4498	1
4499	1
4500	1
4501	1
4502	1
4503	1
4504	1
4505	1
4506	1
4507	1
4508	1
4509	1
4510	1
4511	1
4512	1
4513	1
4514	1
4515	1
4516	1
4517	1
4518	1
4519	1
4520	1
4521	1
4522	1
4523	1
4524	1
4525	1
4526	1
4527	1
4528	1
4529	1
4530	1
4531	1
4532	1
4533	1
4534	1
4535	1
4536	1
4537	1
4538	1
4539	1
4540	1
4541	1
4542	1
4543	1
4544	1
4545	1
4546	1
4547	1
4548	1
4549	1
4550	1
4551	1
4552	1
4553	1
4554	1
4555	1
4556	1
4557	1
4558	1
4559	1
4560	1
4561	1
4562	1
4563	1
4564	1
4565	1
4566	1
4567	1
4568	1
4569	1
4570	1
4571	1
4572	1
4573	1
4574	1
4575	1
4576	1
4577	1
4578	1
4579	1
4580	1
4581	1
4582	1
4583	1
4584	1
4585	1
4586	1
4587	1
4588	1
4589	1
4590	1
4591	1
4592	1
4593	1
4594	1
4595	1
4596	1
4597	1
4598	1
4599	1
4600	1
4601	1
4602	1
4603	1
4604	1
4605	1
4606	1
4607	1
4608	1
4609	1
4610	1
4611	1
4612	1
4613	1
4614	1
4615	1
4616	1
4617	1
4618	1
4619	1
4620	1
4621	1
4622	1
4623	1
4624	1
4625	1
4626	1
4627	1
4628	1
4629	1
4630	1
4631	1
4632	1
4633	1
4634	1
4635	1
4636	1
4637	1
4638	1
4639	1
4640	1
4641	1
4642	1
4643	1
4644	1
4645	1
4646	1
4647	1
4648	1
4649	1
4650	1
4651	1
4652	1
4653	1
4654	1
4655	1
4656	1
4657	1
4658	1
4659	1
4660	1
4661	1
4662	1
4663	1
4664	1
4665	1
4666	1
4667	1
4668	1
4669	1
4670	1
4671	1
4672	1
4673	1
4674	1
4675	1
4676	1
4677	1
4678	1
4679	1
4680	1
4681	1
4682	1
4683	1
4684	1
4685	1
4686	1
4687	1
4688	1
4689	1
4690	1
4691	1
4692	1
4693	1
4694	1
4695	1
4696	1
4697	1
4698	1
4699	1
4700	1
4701	1
4702	1
4703	1
4704	1
4705	1
4706	1
4707	1
4708	1
4709	1
4710	1
4711	1
4712	1
4713	1
4714	1
4715	1
4716	1
4717	1
4718	1
4719	1
4720	1
4721	1
4722	1
4723	1
4724	1
4725	1
4726	1
4727	1
4728	1
4729	1
4730	1
4731	1
4732	1
4733	1
4734	1
4735	1
4736	1
4737	1
4738	1
4739	1
4740	1
4741	1
4742	1
4743	1
4744	1
4745	1
4746	1
4747	1
4748	1
4749	1
4750	1
4751	1
4752	1
4753	1
4754	1
4755	1
4756	1
4757	1
4758	1
4759	1
4760	1
4761	1
4762	1
4763	1
4764	1
4765	1
4766	1
4767	1
4768	1
4769	1
4770	1
4771	1
4772	1
4773	1
4774	1
4775	1
4776	1
4777	1
4778	1
4779	1
4780	1
4781	1
4782	1
4783	1
4784	1
4785	1
4786	1
4787	1
4788	1
4789	1
4790	1
4791	1
4792	1
4793	1
4794	1
4795	1
4796	1
4797	1
4798	1
4799	1
4800	1
4801	1
4802	1
4803	1
4804	1
4805	1
4806	1
4807	1
4808	1
4809	1
4810	1
4811	1
4812	1
4813	1
4814	1
4815	1
4816	1
4817	1
4818	1
4819	1
4820	1
4821	1
4822	1
4823	1
4824	1
4825	1
4826	1
4827	1
4828	1
4829	1
4830	1
4831	1
4832	1
4833	1
4834	1
4835	1
4836	1
4837	1
4838	1
4839	1
4840	1
4841	1
4842	1
4843	1
4844	1
4845	1
4846	1
4847	1
4848	1
4849	1
4850	1
4851	1
4852	1
4853	1
4854	1
4855	1
4856	1
4857	1
4858	1
4859	1
4860	1
4861	1
4862	1
4863	1
4864	1
4865	1
4866	1
4867	1
4868	1
4869	1
4870	1
4871	1
4872	1
4873	1
4874	1
4875	1
4876	1
4877	1
4878	1
4879	1
4880	1
4881	1
4882	1
4883	1
4884	1
4885	1
4886	1
4887	1
4888	1
4889	1
4890	1
4891	1
4892	1
4893	1
4894	1
4895	1
4896	1
4897	1
4898	1
4899	1
4900	1
4901	1
4902	1
4903	1
4904	1
4905	1
4906	1
4907	1
4908	1
4909	1
4910	1
4911	1
4912	1
4913	1
4914	1
4915	1
4916	1
4917	1
4918	1
4919	1
4920	1
4921	1
4922	1
4923	1
4924	1
4925	1
4926	1
4927	1
4928	1
4929	1
4930	1
4931	1
4932	1
4933	1
4934	1
4935	1
4936	1
4937	1
4938	1
4939	1
4940	1
4941	1
4942	1
4943	1
4944	1
4945	1
4946	1
4947	1
4948	1
4949	1
4950	1
4951	1
4952	1
4953	1
4954	1
4955	1
4956	1
4957	1
4958	1
4959	1
4960	1
4961	1
4962	1
4963	1
4964	1
4965	1
4966	1
4967	1
4968	1
4969	1
4970	1
4971	1
4972	1
4973	1
4974	1
4975	1
4976	1
4977	1
4978	1
4979	1
4980	1
4981	1
4982	1
4983	1
4984	1
4985	1
4986	1
4987	1
4988	1
4989	1
4990	1
4991	1
4992	1
4993	1
4994	1
4995	1
4996	1
4997	1
4998	1
4999	1
5000	1
5001	1
5002	1
5003	1
5004	1
5005	1
5006	1
5007	1
5008	1
5009	1
5010	1
5011	1
5012	1
5013	1
5014	1
5015	1
5016	1
5017	1
5018	1
5019	1
5020	1
5021	1
5022	1
5023	1
5024	1
5025	1
5026	1
5027	1
5028	1
5029	1
5030	1
5031	1
5032	1
5033	1
5034	1
5035	1
5036	1
5037	1
5038	1
5039	1
5040	1
5041	1
5042	1
5043	1
5044	1
5045	1
5046	1
5047	1
5048	1
5049	1
5050	1
5051	1
5052	1
5053	1
5054	1
5055	1
5056	1
5057	1
5058	1
5059	1
5060	1
5061	1
5062	1
5063	1
5064	1
5065	1
5066	1
5067	1
5068	1
5069	1
5070	1
5071	1
5072	1
5073	1
5074	1
5075	1
5076	1
5077	1
5078	1
5079	1
5080	1
5081	1
5082	1
5083	1
5084	1
5085	1
5086	1
5087	1
5088	1
5089	1
5090	1
5091	1
5092	1
5093	1
5094	1
5095	1
5096	1
5097	1
5098	1
5099	1
5100	1
5101	1
5102	1
5103	1
5104	1
5105	1
5106	1
5107	1
5108	1
5109	1
5110	1
5111	1
5112	1
5113	1
5114	1
5115	1
5116	1
5117	1
5118	1
5119	1
5120	1
5121	1
5122	1
5123	1
5124	1
5125	1
5126	1
5127	1
5128	1
5129	1
5130	1
5131	1
5132	1
5133	1
5134	1
5135	1
5136	1
5137	1
5138	1
5139	1
5140	1
5141	1
5142	1
5143	1
5144	1
5145	1
5146	1
5147	1
5148	1
5149	1
5150	1
5151	1
5152	1
5153	1
5154	1
5155	1
5156	1
5157	1
5158	1
5159	1
5160	1
5161	1
5162	1
5163	1
5164	1
5165	1
5166	1
5167	1
5168	1
5169	1
5170	1
5171	1
5172	1
5173	1
5174	1
5175	1
5176	1
5177	1
5178	1
5179	1
5180	1
5181	1
5182	1
5183	1
5184	1
5185	1
5186	1
5187	1
5188	1
5189	1
5190	1
5191	1
5192	1
5193	1
5194	1
5195	1
5196	1
5197	1
5198	1
5199	1
5200	1
5201	1
5202	1
5203	1
5204	1
5205	1
5206	1
5207	1
5208	1
5209	1
5210	1
5211	1
5212	1
5213	1
5214	1
5215	1
5216	1
5217	1
5218	1
5219	1
5220	1
5221	1
5222	1
5223	1
5224	1
5225	1
5226	1
5227	1
5228	1
5229	1
5230	1
5231	1
5232	1
5233	1
5234	1
5235	1
5236	1
5237	1
5238	1
5239	1
5240	1
5241	1
5242	1
5243	1
5244	1
5245	1
5246	1
5247	1
5248	1
5249	1
5250	1
5251	1
5252	1
5253	1
5254	1
5255	1
5256	1
5257	1
5258	1
5259	1
5260	1
5261	1
5262	1
5263	1
5264	1
5265	1
5266	1
5267	1
5268	1
5269	1
5270	1
5271	1
5272	1
5273	1
5274	1
5275	1
5276	1
5277	1
5278	1
5279	1
5280	1
5281	1
5282	1
5283	1
5284	1
5285	1
5286	1
5287	1
5288	1
5289	1
5290	1
5291	1
5292	1
5293	1
5294	1
5295	1
5296	1
5297	1
5298	1
5299	1
5300	1
5301	1
5302	1
5303	1
5304	1
5305	1
5306	1
5307	1
5308	1
5309	1
5310	1
5311	1
5312	1
5313	1
5314	1
5315	1
5316	1
5317	1
5318	1
5319	1
5320	1
5321	1
5322	1
5323	1
5324	1
5325	1
5326	1
5327	1
5328	1
5329	1
5330	1
5331	1
5332	1
5333	1
5334	1
5335	1
5336	1
5337	1
5338	1
5339	1
5340	1
5341	1
5342	1
5343	1
5344	1
5345	1
5346	1
5347	1
5348	1
5349	1
5350	1
5351	1
5352	1
5353	1
5354	1
5355	1
5356	1
5357	1
5358	1
5359	1
5360	1
5361	1
5362	1
5363	1
5364	1
5365	1
5366	1
5367	1
5368	1
5369	1
5370	1
5371	1
5372	1
5373	1
5374	1
5375	1
5376	1
5377	1
5378	1
5379	1
5380	1
5381	1
5382	1
5383	1
5384	1
5385	1
5386	1
5387	1
5388	1
5389	1
5390	1
5391	1
5392	1
5393	1
5394	1
5395	1
5396	1
5397	1
5398	1
5399	1
5400	1
5401	1
5402	1
5403	1
5404	1
5405	1
5406	1
5407	1
5408	1
5409	1
5410	1
5411	1
5412	1
5413	1
5414	1
5415	1
5416	1
5417	1
5418	1
5419	1
5420	1
5421	1
5422	1
5423	1
5424	1
5425	1
5426	1
5427	1
5428	1
5429	1
5430	1
5431	1
5432	1
5433	1
5434	1
5435	1
5436	1
5437	1
5438	1
5439	1
5440	1
5441	1
5442	1
5443	1
5444	1
5445	1
5446	1
5447	1
5448	1
5449	1
5450	1
5451	1
5452	1
5453	1
5454	1
5455	1
5456	1
5457	1
5458	1
5459	1
5460	1
5461	1
5462	1
5463	1
5464	1
5465	1
5466	1
5467	1
5468	1
5469	1
5470	1
5471	1
5472	1
5473	1
5474	1
5475	1
5476	1
5477	1
5478	1
5479	1
5480	1
5481	1
5482	1
5483	1
5484	1
5485	1
5486	1
5487	1
5488	1
5489	1
5490	1
5491	1
5492	1
5493	1
5494	1
5495	1
5496	1
5497	1
5498	1
5499	1
5500	1
5501	1
5502	1
5503	1
5504	1
5505	1
5506	1
5507	1
5508	1
5509	1
5510	1
5511	1
5512	1
5513	1
5514	1
5515	1
5516	1
5517	1
5518	1
5519	1
5520	1
5521	1
5522	1
5523	1
5524	1
5525	1
5526	1
5527	1
5528	1
5529	1
5530	1
5531	1
5532	1
5533	1
5534	1
5535	1
5536	1
5537	1
5538	1
5539	1
5540	1
5541	1
5542	1
5543	1
5544	1
5545	1
5546	1
5547	1
5548	1
5549	1
5550	1
5551	1
5552	1
5553	1
5554	1
5555	1
5556	1
5557	1
5558	1
5559	1
5560	1
5561	1
5562	1
5563	1
5564	1
5565	1
5566	1
5567	1
5568	1
5569	1
5570	1
5571	1
5572	1
5573	1
5574	1
5575	1
5576	1
5577	1
5578	1
5579	1
5580	1
5581	1
5582	1
5583	1
5584	1
5585	1
5586	1
5587	1
5588	1
5589	1
5590	1
5591	1
5592	1
5593	1
5594	1
5595	1
5596	1
5597	1
5598	1
5599	1
5600	1
5601	1
5602	1
5603	1
5604	1
5605	1
5606	1
5607	1
5608	1
5609	1
5610	1
5611	1
5612	1
5613	1
5614	1
5615	1
5616	1
5617	1
5618	1
5619	1
5620	1
5621	1
5622	1
5623	1
5624	1
5625	1
5626	1
5627	1
5628	1
5629	1
5630	1
5631	1
5632	1
5633	1
5634	1
5635	1
5636	1
5637	1
5638	1
5639	1
5640	1
5641	1
5642	1
5643	1
5644	1
5645	1
5646	1
5647	1
5648	1
5649	1
5650	1
5651	1
5652	1
5653	1
5654	1
5655	1
5656	1
5657	1
5658	1
5659	1
5660	1
5661	1
5662	1
5663	1
5664	1
5665	1
5666	1
5667	1
5668	1
5669	1
5670	1
5671	1
5672	1
5673	1
5674	1
5675	1
5676	1
5677	1
5678	1
5679	1
5680	1
5681	1
5682	1
5683	1
5684	1
5685	1
5686	1
5687	1
5688	1
5689	1
5690	1
5691	1
5692	1
5693	1
5694	1
5695	1
5696	1
5697	1
5698	1
5699	1
5700	1
5701	1
5702	1
5703	1
5704	1
5705	1
5706	1
5707	1
5708	1
5709	1
5710	1
5711	1
5712	1
5713	1
5714	1
5715	1
5716	1
5717	1
5718	1
5719	1
5720	1
5721	1
5722	1
5723	1
5724	1
5725	1
5726	1
5727	1
5728	1
5729	1
5730	1
5731	1
5732	1
5733	1
5734	1
5735	1
5736	1
5737	1
5738	1
5739	1
5740	1
5741	1
5742	1
5743	1
5744	1
5745	1
5746	1
5747	1
5748	1
5749	1
5750	1
5751	1
5752	1
5753	1
5754	1
5755	1
5756	1
5757	1
5758	1
5759	1
5760	1
5761	1
5762	1
5763	1
5764	1
5765	1
5766	1
5767	1
5768	1
5769	1
5770	1
5771	1
5772	1
5773	1
5774	1
5775	1
5776	1
5777	1
5778	1
5779	1
5780	1
5781	1
5782	1
5783	1
5784	1
5785	1
5786	1
5787	1
5788	1
5789	1
5790	1
5791	1
5792	1
5793	1
5794	1
5795	1
5796	1
5797	1
5798	1
5799	1
5800	1
5801	1
5802	1
5803	1
5804	1
5805	1
5806	1
5807	1
5808	1
5809	1
5810	1
5811	1
5812	1
5813	1
5814	1
5815	1
5816	1
5817	1
5818	1
5819	1
5820	1
5821	1
5822	1
5823	1
5824	1
5825	1
5826	1
5827	1
5828	1
5829	1
5830	1
5831	1
5832	1
5833	1
5834	1
5835	1
5836	1
5837	1
5838	1
5839	1
5840	1
5841	1
5842	1
5843	1
5844	1
5845	1
5846	1
5847	1
5848	1
5849	1
5850	1
5851	1
5852	1
5853	1
5854	1
5855	1
5856	1
5857	1
5858	1
5859	1
5860	1
5861	1
5862	1
5863	1
5864	1
5865	1
5866	1
5867	1
5868	1
5869	1
5870	1
5871	1
5872	1
5873	1
5874	1
5875	1
5876	1
5877	1
5878	1
5879	1
5880	1
5881	1
5882	1
5883	1
5884	1
5885	1
5886	1
5887	1
5888	1
5889	1
5890	1
5891	1
5892	1
5893	1
5894	1
5895	1
5896	1
5897	1
5898	1
5899	1
5900	1
5901	1
5902	1
5903	1
5904	1
5905	1
5906	1
5907	1
5908	1
5909	1
5910	1
5911	1
5912	1
5913	1
5914	1
5915	1
5916	1
5917	1
5918	1
5919	1
5920	1
5921	1
5922	1
5923	1
5924	1
5925	1
5926	1
5927	1
5928	1
5929	1
5930	1
5931	1
5932	1
5933	1
5934	1
5935	1
5936	1
5937	1
5938	1
5939	1
5940	1
5941	1
5942	1
5943	1
5944	1
5945	1
5946	1
5947	1
5948	1
5949	1
5950	1
5951	1
5952	1
5953	1
5954	1
5955	1
5956	1
5957	1
5958	1
5959	1
5960	1
5961	1
5962	1
5963	1
5964	1
5965	1
5966	1
5967	1
5968	1
5969	1
5970	1
5971	1
5972	1
5973	1
5974	1
5975	1
5976	1
5977	1
5978	1
5979	1
5980	1
5981	1
5982	1
5983	1
5984	1
5985	1
5986	1
5987	1
5988	1
5989	1
5990	1
5991	1
5992	1
5993	1
5994	1
5995	1
5996	1
5997	1
5998	1
5999	1
6000	1
6001	1
6002	1
6003	1
6004	1
6005	1
6006	1
6007	1
6008	1
6009	1
6010	1
6011	1
6012	1
6013	1
6014	1
6015	1
6016	1
6017	1
6018	1
6019	1
6020	1
6021	1
6022	1
6023	1
6024	1
6025	1
6026	1
6027	1
6028	1
6029	1
6030	1
6031	1
6032	1
6033	1
6034	1
6035	1
6036	1
6037	1
6038	1
6039	1
6040	1
6041	1
6042	1
6043	1
6044	1
6045	1
6046	1
6047	1
6048	1
6049	1
6050	1
6051	1
6052	1
6053	1
6054	1
6055	1
6056	1
6057	1
6058	1
6059	1
6060	1
6061	1
6062	1
6063	1
6064	1
6065	1
6066	1
6067	1
6068	1
6069	1
6070	1
6071	1
6072	1
6073	1
6074	1
6075	1
6076	1
6077	1
6078	1
6079	1
6080	1
6081	1
6082	1
6083	1
6084	1
6085	1
6086	1
6087	1
6088	1
6089	1
6090	1
6091	1
6092	1
6093	1
6094	1
6095	1
6096	1
6097	1
6098	1
6099	1
6100	1
6101	1
6102	1
6103	1
6104	1
6105	1
6106	1
6107	1
6108	1
6109	1
6110	1
6111	1
6112	1
6113	1
6114	1
6115	1
6116	1
6117	1
6118	1
6119	1
6120	1
6121	1
6122	1
6123	1
6124	1
6125	1
6126	1
6127	1
6128	1
6129	1
6130	1
6131	1
6132	1
6133	1
6134	1
6135	1
6136	1
6137	1
6138	1
6139	1
6140	1
6141	1
6142	1
6143	1
6144	1
6145	1
6146	1
6147	1
6148	1
6149	1
6150	1
6151	1
6152	1
6153	1
6154	1
6155	1
6156	1
6157	1
6158	1
6159	1
6160	1
6161	1
6162	1
6163	1
6164	1
6165	1
6166	1
6167	1
6168	1
6169	1
6170	1
6171	1
6172	1
6173	1
6174	1
6175	1
6176	1
6177	1
6178	1
6179	1
6180	1
6181	1
6182	1
6183	1
6184	1
6185	1
6186	1
6187	1
6188	1
6189	1
6190	1
6191	1
6192	1
6193	1
6194	1
6195	1
6196	1
6197	1
6198	1
6199	1
6200	1
6201	1
6202	1
6203	1
6204	1
6205	1
6206	1
6207	1
6208	1
6209	1
6210	1
6211	1
6212	1
6213	1
6214	1
6215	1
6216	1
6217	1
6218	1
6219	1
6220	1
6221	1
6222	1
6223	1
6224	1
6225	1
6226	1
6227	1
6228	1
6229	1
6230	1
6231	1
6232	1
6233	1
6234	1
6235	1
6236	1
6237	1
6238	1
6239	1
6240	1
6241	1
6242	1
6243	1
6244	1
6245	1
6246	1
6247	1
6248	1
6249	1
6250	1
6251	1
6252	1
6253	1
6254	1
6255	1
6256	1
6257	1
6258	1
6259	1
6260	1
6261	1
6262	1
6263	1
6264	1
6265	1
6266	1
6267	1
6268	1
6269	1
6270	1
6271	1
6272	1
6273	1
6274	1
6275	1
6276	1
6277	1
6278	1
6279	1
6280	1
6281	1
6282	1
6283	1
6284	1
6285	1
6286	1
6287	1
6288	1
6289	1
6290	1
6291	1
6292	1
6293	1
6294	1
6295	1
6296	1
6297	1
6298	1
6299	1
6300	1
6301	1
6302	1
6303	1
6304	1
6305	1
6306	1
6307	1
6308	1
6309	1
6310	1
6311	1
6312	1
6313	1
6314	1
6315	1
6316	1
6317	1
6318	1
6319	1
6320	1
6321	1
6322	1
6323	1
6324	1
6325	1
6326	1
6327	1
6328	1
6329	1
6330	1
6331	1
6332	1
6333	1
6334	1
6335	1
6336	1
6337	1
6338	1
6339	1
6340	1
6341	1
6342	1
6343	1
6344	1
6345	1
6346	1
6347	1
6348	1
6349	1
6350	1
6351	1
6352	1
6353	1
6354	1
6355	1
6356	1
6357	1
6358	1
6359	1
6360	1
6361	1
6362	1
6363	1
6364	1
6365	1
6366	1
6367	1
6368	1
6369	1
6370	1
6371	1
6372	1
6373	1
6374	1
6375	1
6376	1
6377	1
6378	1
6379	1
6380	1
6381	1
6382	1
6383	1
6384	1
6385	1
6386	1
6387	1
6388	1
6389	1
6390	1
6391	1
6392	1
6393	1
6394	1
6395	1
6396	1
6397	1
6398	1
6399	1
6400	1
6401	1
6402	1
6403	1
6404	1
6405	1
6406	1
6407	1
6408	1
6409	1
6410	1
6411	1
6412	1
6413	1
6414	1
6415	1
6416	1
6417	1
6418	1
6419	1
6420	1
6421	1
6422	1
6423	1
6424	1
6425	1
6426	1
6427	1
6428	1
6429	1
6430	1
6431	1
6432	1
6433	1
6434	1
6435	1
6436	1
6437	1
6438	1
6439	1
6440	1
6441	1
6442	1
6443	1
6444	1
6445	1
6446	1
6447	1
6448	1
6449	1
6450	1
6451	1
6452	1
6453	1
6454	1
6455	1
6456	1
6457	1
6458	1
6459	1
6460	1
6461	1
6462	1
6463	1
6464	1
6465	1
6466	1
6467	1
6468	1
6469	1
6470	1
6471	1
6472	1
6473	1
6474	1
6475	1
6476	1
6477	1
6478	1
6479	1
6480	1
6481	1
6482	1
6483	1
6484	1
6485	1
6486	1
6487	1
6488	1
6489	1
6490	1
6491	1
6492	1
6493	1
6494	1
6495	1
6496	1
6497	1
6498	1
6499	1
6500	1
6501	1
6502	1
6503	1
6504	1
6505	1
6506	1
6507	1
6508	1
6509	1
6510	1
6511	1
6512	1
6513	1
6514	1
6515	1
6516	1
6517	1
6518	1
6519	1
6520	1
6521	1
6522	1
6523	1
6524	1
6525	1
6526	1
6527	1
6528	1
6529	1
6530	1
6531	1
6532	1
6533	1
6534	1
6535	1
6536	1
6537	1
6538	1
6539	1
6540	1
6541	1
6542	1
6543	1
6544	1
6545	1
6546	1
6547	1
6548	1
6549	1
6550	1
6551	1
6552	1
6553	1
6554	1
6555	1
6556	1
6557	1
6558	1
6559	1
6560	1
6561	1
6562	1
6563	1
6564	1
6565	1
6566	1
6567	1
6568	1
6569	1
6570	1
6571	1
6572	1
6573	1
6574	1
6575	1
6576	1
6577	1
6578	1
6579	1
6580	1
6581	1
6582	1
6583	1
6584	1
6585	1
6586	1
6587	1
6588	1
6589	1
6590	1
6591	1
6592	1
6593	1
6594	1
6595	1
6596	1
6597	1
6598	1
6599	1
6600	1
6601	1
6602	1
6603	1
6604	1
6605	1
6606	1
6607	1
6608	1
6609	1
6610	1
6611	1
6612	1
6613	1
6614	1
6615	1
6616	1
6617	1
6618	1
6619	1
6620	1
6621	1
6622	1
6623	1
6624	1
6625	1
6626	1
6627	1
6628	1
6629	1
6630	1
6631	1
6632	1
6633	1
6634	1
6635	1
6636	1
6637	1
6638	1
6639	1
6640	1
6641	1
6642	1
6643	1
6644	1
6645	1
6646	1
6647	1
6648	1
6649	1
6650	1
6651	1
6652	1
6653	1
6654	1
6655	1
6656	1
6657	1
6658	1
6659	1
6660	1
6661	1
6662	1
6663	1
6664	1
6665	1
6666	1
6667	1
6668	1
6669	1
6670	1
6671	1
6672	1
6673	1
6674	1
6675	1
6676	1
6677	1
6678	1
6679	1
6680	1
6681	1
6682	1
6683	1
6684	1
6685	1
6686	1
6687	1
6688	1
6689	1
6690	1
6691	1
6692	1
6693	1
6694	1
6695	1
6696	1
6697	1
6698	1
6699	1
6700	1
6701	1
6702	1
6703	1
6704	1
6705	1
6706	1
6707	1
6708	1
6709	1
6710	1
6711	1
6712	1
6713	1
6714	1
6715	1
6716	1
6717	1
6718	1
6719	1
6720	1
6721	1
6722	1
6723	1
6724	1
6725	1
6726	1
6727	1
6728	1
6729	1
6730	1
6731	1
6732	1
6733	1
6734	1
6735	1
6736	1
6737	1
6738	1
6739	1
6740	1
6741	1
6742	1
6743	1
6744	1
6745	1
6746	1
6747	1
6748	1
6749	1
6750	1
6751	1
6752	1
6753	1
6754	1
6755	1
6756	1
6757	1
6758	1
6759	1
6760	1
6761	1
6762	1
6763	1
6764	1
6765	1
6766	1
6767	1
6768	1
6769	1
6770	1
6771	1
6772	1
6773	1
6774	1
6775	1
6776	1
6777	1
6778	1
6779	1
6780	1
6781	1
6782	1
6783	1
6784	1
6785	1
6786	1
6787	1
6788	1
6789	1
6790	1
6791	1
6792	1
6793	1
6794	1
6795	1
6796	1
6797	1
6798	1
6799	1
6800	1
6801	1
6802	1
6803	1
6804	1
6805	1
6806	1
6807	1
6808	1
6809	1
6810	1
6811	1
6812	1
6813	1
6814	1
6815	1
6816	1
6817	1
6818	1
6819	1
6820	1
6821	1
6822	1
6823	1
6824	1
6825	1
6826	1
6827	1
6828	1
6829	1
6830	1
6831	1
6832	1
6833	1
6834	1
6835	1
6836	1
6837	1
6838	1
6839	1
6840	1
6841	1
6842	1
6843	1
6844	1
6845	1
6846	1
6847	1
6848	1
6849	1
6850	1
6851	1
6852	1
6853	1
6854	1
6855	1
6856	1
6857	1
6858	1
6859	1
6860	1
6861	1
6862	1
6863	1
6864	1
6865	1
6866	1
6867	1
6868	1
6869	1
6870	1
6871	1
6872	1
6873	1
6874	1
6875	1
6876	1
6877	1
6878	1
6879	1
6880	1
6881	1
6882	1
6883	1
6884	1
6885	1
6886	1
6887	1
6888	1
6889	1
6890	1
6891	1
6892	1
6893	1
6894	1
6895	1
6896	1
6897	1
6898	1
6899	1
6900	1
6901	1
6902	1
6903	1
6904	1
6905	1
6906	1
6907	1
6908	1
6909	1
6910	1
6911	1
6912	1
6913	1
6914	1
6915	1
6916	1
6917	1
6918	1
6919	1
6920	1
6921	1
6922	1
6923	1
6924	1
6925	1
6926	1
6927	1
6928	1
6929	1
6930	1
6931	1
6932	1
6933	1
6934	1
6935	1
6936	1
6937	1
6938	1
6939	1
6940	1
6941	1
6942	1
6943	1
6944	1
6945	1
6946	1
6947	1
6948	1
6949	1
6950	1
6951	1
6952	1
6953	1
6954	1
6955	1
6956	1
6957	1
6958	1
6959	1
6960	1
6961	1
6962	1
6963	1
6964	1
6965	1
6966	1
6967	1
6968	1
6969	1
6970	1
6971	1
6972	1
6973	1
6974	1
6975	1
6976	1
6977	1
6978	1
6979	1
6980	1
6981	1
6982	1
6983	1
6984	1
6985	1
6986	1
6987	1
6988	1
6989	1
6990	1
6991	1
6992	1
6993	1
6994	1
6995	1
6996	1
6997	1
6998	1
6999	1
7000	1
7001	1
7002	1
7003	1
7004	1
7005	1
7006	1
7007	1
7008	1
7009	1
7010	1
7011	1
7012	1
7013	1
7014	1
7015	1
7016	1
7017	1
7018	1
7019	1
7020	1
7021	1
7022	1
7023	1
7024	1
7025	1
7026	1
7027	1
7028	1
7029	1
7030	1
7031	1
7032	1
7033	1
7034	1
7035	1
7036	1
7037	1
7038	1
7039	1
7040	1
7041	1
7042	1
7043	1
7044	1
7045	1
7046	1
7047	1
7048	1
7049	1
7050	1
7051	1
7052	1
7053	1
7054	1
7055	1
7056	1
7057	1
7058	1
7059	1
7060	1
7061	1
7062	1
7063	1
7064	1
7065	1
7066	1
7067	1
7068	1
7069	1
7070	1
7071	1
7072	1
7073	1
7074	1
7075	1
7076	1
7077	1
7078	1
7079	1
7080	1
7081	1
7082	1
7083	1
7084	1
7085	1
7086	1
7087	1
7088	1
7089	1
7090	1
7091	1
7092	1
7093	1
7094	1
7095	1
7096	1
7097	1
7098	1
7099	1
7100	1
7101	1
7102	1
7103	1
7104	1
7105	1
7106	1
7107	1
7108	1
7109	1
7110	1
7111	1
7112	1
7113	1
7114	1
7115	1
7116	1
7117	1
7118	1
7119	1
7120	1
7121	1
7122	1
7123	1
7124	1
7125	1
7126	1
7127	1
7128	1
7129	1
7130	1
7131	1
7132	1
7133	1
7134	1
7135	1
7136	1
7137	1
7138	1
7139	1
7140	1
7141	1
7142	1
7143	1
7144	1
7145	1
7146	1
7147	1
7148	1
7149	1
7150	1
7151	1
7152	1
7153	1
7154	1
7155	1
7156	1
7157	1
7158	1
7159	1
7160	1
7161	1
7162	1
7163	1
7164	1
7165	1
7166	1
7167	1
7168	1
7169	1
7170	1
7171	1
7172	1
7173	1
7174	1
7175	1
7176	1
7177	1
7178	1
7179	1
7180	1
7181	1
7182	1
7183	1
7184	1
7185	1
7186	1
7187	1
7188	1
7189	1
7190	1
7191	1
7192	1
7193	1
7194	1
7195	1
7196	1
7197	1
7198	1
7199	1
7200	1
7201	1
7202	1
7203	1
7204	1
7205	1
7206	1
7207	1
7208	1
7209	1
7210	1
7211	1
7212	1
7213	1
7214	1
7215	1
7216	1
7217	1
7218	1
7219	1
7220	1
7221	1
7222	1
7223	1
7224	1
7225	1
7226	1
7227	1
7228	1
7229	1
7230	1
7231	1
7232	1
7233	1
7234	1
7235	1
7236	1
7237	1
7238	1
7239	1
7240	1
7241	1
7242	1
7243	1
7244	1
7245	1
7246	1
7247	1
7248	1
7249	1
7250	1
7251	1
7252	1
7253	1
7254	1
7255	1
7256	1
7257	1
7258	1
7259	1
7260	1
7261	1
7262	1
7263	1
7264	1
7265	1
7266	1
7267	1
7268	1
7269	1
7270	1
7271	1
7272	1
7273	1
7274	1
7275	1
7276	1
7277	1
7278	1
7279	1
7280	1
7281	1
7282	1
7283	1
7284	1
7285	1
7286	1
7287	1
7288	1
7289	1
7290	1
7291	1
7292	1
7293	1
7294	1
7295	1
7296	1
7297	1
7298	1
7299	1
7300	1
7301	1
7302	1
7303	1
7304	1
7305	1
7306	1
7307	1
7308	1
7309	1
7310	1
7311	1
7312	1
7313	1
7314	1
7315	1
7316	1
7317	1
7318	1
7319	1
7320	1
7321	1
7322	1
7323	1
7324	1
7325	1
7326	1
7327	1
7328	1
7329	1
7330	1
7331	1
7332	1
7333	1
7334	1
7335	1
7336	1
7337	1
7338	1
7339	1
7340	1
7341	1
7342	1
7343	1
7344	1
7345	1
7346	1
7347	1
7348	1
7349	1
7350	1
7351	1
7352	1
7353	1
7354	1
7355	1
7356	1
7357	1
7358	1
7359	1
7360	1
7361	1
7362	1
7363	1
7364	1
7365	1
7366	1
7367	1
7368	1
7369	1
7370	1
7371	1
7372	1
7373	1
7374	1
7375	1
7376	1
7377	1
7378	1
7379	1
7380	1
7381	1
7382	1
7383	1
7384	1
7385	1
7386	1
7387	1
7388	1
7389	1
7390	1
7391	1
7392	1
7393	1
7394	1
7395	1
7396	1
7397	1
7398	1
7399	1
7400	1
7401	1
7402	1
7403	1
7404	1
7405	1
7406	1
7407	1
7408	1
7409	1
7410	1
7411	1
7412	1
7413	1
7414	1
7415	1
7416	1
7417	1
7418	1
7419	1
7420	1
7421	1
7422	1
7423	1
7424	1
7425	1
7426	1
7427	1
7428	1
7429	1
7430	1
7431	1
7432	1
7433	1
7434	1
7435	1
7436	1
7437	1
7438	1
7439	1
7440	1
7441	1
7442	1
7443	1
7444	1
7445	1
7446	1
7447	1
7448	1
7449	1
7450	1
7451	1
7452	1
7453	1
7454	1
7455	1
7456	1
7457	1
7458	1
7459	1
7460	1
7461	1
7462	1
7463	1
7464	1
7465	1
7466	1
7467	1
7468	1
7469	1
7470	1
7471	1
7472	1
7473	1
7474	1
7475	1
7476	1
7477	1
7478	1
7479	1
7480	1
7481	1
7482	1
7483	1
7484	1
7485	1
7486	1
7487	1
7488	1
7489	1
7490	1
7491	1
7492	1
7493	1
7494	1
7495	1
7496	1
7497	1
7498	1
7499	1
7500	1
7501	1
7502	1
7503	1
7504	1
7505	1
7506	1
7507	1
7508	1
7509	1
7510	1
7511	1
7512	1
7513	1
7514	1
7515	1
7516	1
7517	1
7518	1
7519	1
7520	1
7521	1
7522	1
7523	1
7524	1
7525	1
7526	1
7527	1
7528	1
7529	1
7530	1
7531	1
7532	1
7533	1
7534	1
7535	1
7536	1
7537	1
7538	1
7539	1
7540	1
7541	1
7542	1
7543	1
7544	1
7545	1
7546	1
7547	1
7548	1
7549	1
7550	1
7551	1
7552	1
7553	1
7554	1
7555	1
7556	1
7557	1
7558	1
7559	1
7560	1
7561	1
7562	1
7563	1
7564	1
7565	1
7566	1
7567	1
7568	1
7569	1
7570	1
7571	1
7572	1
7573	1
7574	1
7575	1
7576	1
7577	1
7578	1
7579	1
7580	1
7581	1
7582	1
7583	1
7584	1
7585	1
7586	1
7587	1
7588	1
7589	1
7590	1
7591	1
7592	1
7593	1
7594	1
7595	1
7596	1
7597	1
7598	1
7599	1
7600	1
7601	1
7602	1
7603	1
7604	1
7605	1
7606	1
7607	1
7608	1
7609	1
7610	1
7611	1
7612	1
7613	1
7614	1
7615	1
7616	1
7617	1
7618	1
7619	1
7620	1
7621	1
7622	1
7623	1
7624	1
7625	1
7626	1
7627	1
7628	1
7629	1
7630	1
7631	1
7632	1
7633	1
7634	1
7635	1
7636	1
7637	1
7638	1
7639	1
7640	1
7641	1
7642	1
7643	1
7644	1
7645	1
7646	1
7647	1
7648	1
7649	1
7650	1
7651	1
7652	1
7653	1
7654	1
7655	1
7656	1
7657	1
7658	1
7659	1
7660	1
7661	1
7662	1
7663	1
7664	1
7665	1
7666	1
7667	1
7668	1
7669	1
7670	1
7671	1
7672	1
7673	1
7674	1
7675	1
7676	1
7677	1
7678	1
7679	1
7680	1
7681	1
7682	1
7683	1
7684	1
7685	1
7686	1
7687	1
7688	1
7689	1
7690	1
7691	1
7692	1
7693	1
7694	1
7695	1
7696	1
7697	1
7698	1
7699	1
7700	1
7701	1
7702	1
7703	1
7704	1
7705	1
7706	1
7707	1
7708	1
7709	1
7710	1
7711	1
7712	1
7713	1
7714	1
7715	1
7716	1
7717	1
7718	1
7719	1
7720	1
7721	1
7722	1
7723	1
7724	1
7725	1
7726	1
7727	1
7728	1
7729	1
7730	1
7731	1
7732	1
7733	1
7734	1
7735	1
7736	1
7737	1
7738	1
7739	1
7740	1
7741	1
7742	1
7743	1
7744	1
7745	1
7746	1
7747	1
7748	1
7749	1
7750	1
7751	1
7752	1
7753	1
7754	1
7755	1
7756	1
7757	1
7758	1
7759	1
7760	1
7761	1
7762	1
7763	1
7764	1
7765	1
7766	1
7767	1
7768	1
7769	1
7770	1
7771	1
7772	1
7773	1
7774	1
7775	1
7776	1
7777	1
7778	1
7779	1
7780	1
7781	1
7782	1
7783	1
7784	1
7785	1
7786	1
7787	1
7788	1
7789	1
7790	1
7791	1
7792	1
7793	1
7794	1
7795	1
7796	1
7797	1
7798	1
7799	1
7800	1
7801	1
7802	1
7803	1
7804	1
7805	1
7806	1
7807	1
7808	1
7809	1
7810	1
7811	1
7812	1
7813	1
7814	1
7815	1
7816	1
7817	1
7818	1
7819	1
7820	1
7821	1
7822	1
7823	1
7824	1
7825	1
7826	1
7827	1
7828	1
7829	1
7830	1
7831	1
7832	1
7833	1
7834	1
7835	1
7836	1
7837	1
7838	1
7839	1
7840	1
7841	1
7842	1
7843	1
7844	1
7845	1
7846	1
7847	1
7848	1
7849	1
7850	1
7851	1
7852	1
7853	1
7854	1
7855	1
7856	1
7857	1
7858	1
7859	1
7860	1
7861	1
7862	1
7863	1
7864	1
7865	1
7866	1
7867	1
7868	1
7869	1
7870	1
7871	1
7872	1
7873	1
7874	1
7875	1
7876	1
7877	1
7878	1
7879	1
7880	1
7881	1
7882	1
7883	1
7884	1
7885	1
7886	1
7887	1
7888	1
7889	1
7890	1
7891	1
7892	1
7893	1
7894	1
7895	1
7896	1
7897	1
7898	1
7899	1
7900	1
7901	1
7902	1
7903	1
7904	1
7905	1
7906	1
7907	1
7908	1
7909	1
7910	1
7911	1
7912	1
7913	1
7914	1
7915	1
7916	1
7917	1
7918	1
7919	1
7920	1
7921	1
7922	1
7923	1
7924	1
7925	1
7926	1
7927	1
7928	1
7929	1
7930	1
7931	1
7932	1
7933	1
7934	1
7935	1
7936	1
7937	1
7938	1
7939	1
7940	1
7941	1
7942	1
7943	1
7944	1
7945	1
7946	1
7947	1
7948	1
7949	1
7950	1
7951	1
7952	1
7953	1
7954	1
7955	1
7956	1
7957	1
7958	1
7959	1
7960	1
7961	1
7962	1
7963	1
7964	1
7965	1
7966	1
7967	1
7968	1
7969	1
7970	1
7971	1
7972	1
7973	1
7974	1
7975	1
7976	1
7977	1
7978	1
7979	1
7980	1
7981	1
7982	1
7983	1
7984	1
7985	1
7986	1
7987	1
7988	1
7989	1
7990	1
7991	1
7992	1
7993	1
7994	1
7995	1
7996	1
7997	1
7998	1
7999	1
8000	1
8001	1
8002	1
8003	1
8004	1
8005	1
8006	1
8007	1
8008	1
8009	1
8010	1
8011	1
8012	1
8013	1
8014	1
8015	1
8016	1
8017	1
8018	1
8019	1
8020	1
8021	1
8022	1
8023	1
8024	1
8025	1
8026	1
8027	1
8028	1
8029	1
8030	1
8031	1
8032	1
8033	1
8034	1
8035	1
8036	1
8037	1
8038	1
8039	1
8040	1
8041	1
8042	1
8043	1
8044	1
8045	1
8046	1
8047	1
8048	1
8049	1
8050	1
8051	1
8052	1
8053	1
8054	1
8055	1
8056	1
8057	1
8058	1
8059	1
8060	1
8061	1
8062	1
8063	1
8064	1
8065	1
8066	1
8067	1
8068	1
8069	1
8070	1
8071	1
8072	1
8073	1
8074	1
8075	1
8076	1
8077	1
8078	1
8079	1
8080	1
8081	1
8082	1
8083	1
8084	1
8085	1
8086	1
8087	1
8088	1
8089	1
8090	1
8091	1
8092	1
8093	1
8094	1
8095	1
8096	1
8097	1
8098	1
8099	1
8100	1
8101	1
8102	1
8103	1
8104	1
8105	1
8106	1
8107	1
8108	1
8109	1
8110	1
8111	1
8112	1
8113	1
8114	1
8115	1
8116	1
8117	1
8118	1
8119	1
8120	1
8121	1
8122	1
8123	1
8124	1
8125	1
8126	1
8127	1
8128	1
8129	1
8130	1
8131	1
8132	1
8133	1
8134	1
8135	1
8136	1
8137	1
8138	1
8139	1
8140	1
8141	1
8142	1
8143	1
8144	1
8145	1
8146	1
8147	1
8148	1
8149	1
8150	1
8151	1
8152	1
8153	1
8154	1
8155	1
8156	1
8157	1
8158	1
8159	1
8160	1
8161	1
8162	1
8163	1
8164	1
8165	1
8166	1
8167	1
8168	1
8169	1
8170	1
8171	1
8172	1
8173	1
8174	1
8175	1
8176	1
8177	1
8178	1
8179	1
8180	1
8181	1
8182	1
8183	1
8184	1
8185	1
8186	1
8187	1
8188	1
8189	1
8190	1
8191	1
8192	1
8193	1
8194	2
8195	INF
8196	INF
8197	INF
8198	INF
8199	INF
8200	INF
8201	INF
8202	INF
8203	INF
8204	INF
8205	INF
8206	INF
8207	INF
8208	INF
8209	INF
8210	INF
8211	INF
8212	INF
8213	INF
8214	INF
8215	INF
8216	INF
8217	INF
8218	INF
8219	INF
8220	INF
8221	INF
8222	INF
8223	INF
8224	INF
8225	INF
8226	INF
8227	INF
8228	INF
8229	INF
8230	INF
8231	INF
8232	INF
8233	INF
8234	INF
8235	INF
8236	INF
8237	INF
8238	INF
8239	INF
8240	INF
8241	INF
8242	INF
8243	INF
8244	INF
8245	INF
8246	INF
8247	INF
8248	INF
8249	INF
8250	INF
8251	INF
8252	INF
8253	INF
8254	INF
8255	INF
8256	INF
8257	INF
8258	INF
8259	INF
8260	INF
8261	INF
8262	INF
8263	INF
8264	INF
8265	INF
8266	INF
8267	INF
8268	INF
8269	INF
8270	INF
8271	INF
8272	INF
8273	INF
8274	INF
8275	INF
8276	INF
8277	INF
8278	INF
8279	INF
8280	INF
8281	INF
8282	INF
8283	INF
8284	INF
8285	INF
8286	INF
8287	INF
8288	INF
8289	INF
8290	INF
8291	INF
8292	INF
8293	INF
8294	INF
8295	INF
8296	INF
8297	INF
8298	INF
8299	INF
8300	INF
8301	INF
8302	INF
8303	INF
8304	INF
8305	INF
8306	INF
8307	INF
8308	INF
8309	INF
8310	INF
8311	INF
8312	INF
8313	INF
8314	INF
8315	INF
8316	INF
8317	INF
8318	INF
8319	INF
8320	INF
8321	INF
8322	INF
8323	INF
8324	INF
8325	INF
8326	INF
8327	INF
8328	INF
8329	INF
8330	INF
8331	INF
8332	INF
8333	INF
8334	INF
8335	INF
8336	INF
8337	INF
8338	INF
8339	INF
8340	INF
8341	INF
8342	INF
8343	INF
8344	INF
8345	INF
8346	INF
8347	INF
8348	INF
8349	INF
8350	INF
8351	INF
8352	INF
8353	INF
8354	INF
8355	INF
8356	INF
8357	INF
8358	INF
8359	INF
8360	INF
8361	INF
8362	INF
8363	INF
8364	INF
8365	INF
8366	INF
8367	INF
8368	INF
8369	INF
8370	INF
8371	INF
8372	INF
8373	INF
8374	INF
8375	INF
8376	INF
8377	INF
8378	INF
8379	INF
8380	INF
8381	INF
8382	INF
8383	INF
8384	INF
8385	INF
8386	INF
8387	INF
8388	INF
8389	INF
8390	INF
8391	INF
8392	INF
8393	INF
8394	INF
8395	INF
8396	INF
8397	INF
8398	INF
8399	INF
8400	INF
8401	INF
8402	INF
8403	INF
8404	INF
8405	INF
8406	INF
8407	INF
8408	INF
8409	INF
8410	INF
8411	INF
8412	INF
8413	INF
8414	INF
8415	INF
8416	INF
8417	INF
8418	INF
8419	INF
8420	INF
8421	INF
8422	INF
8423	INF
8424	INF
8425	INF
8426	INF
8427	INF
8428	INF
8429	INF
8430	INF
8431	INF
8432	INF
8433	INF
8434	INF
8435	INF
8436	INF
8437	INF
8438	INF
8439	INF
8440	INF
8441	INF
8442	INF
8443	INF
8444	INF
8445	INF
8446	INF
8447	INF
8448	INF
8449	INF
8450	INF
8451	INF
8452	INF
8453	INF
8454	INF
8455	INF
8456	INF
8457	INF
8458	INF
8459	INF
8460	INF
8461	INF
8462	INF
8463	INF
8464	INF
8465	INF
8466	INF
8467	INF
8468	INF
8469	INF
8470	INF
8471	INF
8472	INF
8473	INF
8474	INF
8475	INF
8476	INF
8477	INF
8478	INF
8479	INF
8480	INF
8481	INF
8482	INF
8483	INF
8484	INF
8485	INF
8486	INF
8487	INF
8488	INF
8489	INF
8490	INF
8491	INF
8492	INF
8493	INF
8494	INF
8495	INF
8496	INF
8497	INF
8498	INF
8499	INF
8500	INF
8501	INF
8502	INF
8503	INF
8504	INF
8505	INF
8506	INF
8507	INF
8508	INF
8509	INF
8510	INF
8511	INF
8512	INF
8513	INF
8514	INF
8515	INF
8516	INF
8517	INF
8518	INF
8519	INF
8520	INF
8521	INF
8522	INF
8523	INF
8524	INF
8525	INF
8526	INF
8527	INF
8528	INF
8529	INF
8530	INF
8531	INF
8532	INF
8533	INF
8534	INF
8535	INF
8536	INF
8537	INF
8538	INF
8539	INF
8540	INF
8541	INF
8542	INF
8543	INF
8544	INF
8545	INF
8546	INF
8547	INF
8548	INF
8549	INF
8550	INF
8551	INF
8552	INF
8553	INF
8554	INF
8555	INF
8556	INF
8557	INF
8558	INF
8559	INF
8560	INF
8561	INF
8562	INF
8563	INF
8564	INF
8565	INF
8566	INF
8567	INF
8568	INF
8569	INF
8570	INF
8571	INF
8572	INF
8573	INF
8574	INF
8575	INF
8576	INF
8577	INF
8578	INF
8579	INF
8580	INF
8581	INF
8582	INF
8583	INF
8584	INF
8585	INF
8586	INF
8587	INF
8588	INF
8589	INF
8590	INF
8591	INF
8592	INF
8593	INF
8594	INF
8595	INF
8596	INF
8597	INF
8598	INF
8599	INF
8600	INF
8601	INF
8602	INF
8603	INF
8604	INF
8605	INF
8606	INF
8607	INF
8608	INF
8609	INF
8610	INF
8611	INF
8612	INF
8613	INF
8614	INF
8615	INF
8616	INF
8617	INF
8618	INF
8619	INF
8620	INF
8621	INF
8622	INF
8623	INF
8624	INF
8625	INF
8626	INF
8627	INF
8628	INF
8629	INF
8630	INF
8631	INF
8632	INF
8633	INF
8634	INF
8635	INF
8636	INF
8637	INF
8638	INF
8639	INF
8640	INF
8641	INF
8642	INF
8643	INF
8644	INF
8645	INF
8646	INF
8647	INF
8648	INF
8649	INF
8650	INF
8651	INF
8652	INF
8653	INF
8654	INF
8655	INF
8656	INF
8657	INF
8658	INF
8659	INF
8660	INF
8661	INF
8662	INF
8663	INF
8664	INF
8665	INF
8666	INF
8667	INF
8668	INF
8669	INF
8670	INF
8671	INF
8672	INF
8673	INF
8674	INF
8675	INF
8676	INF
8677	INF
8678	INF
8679	INF
8680	INF
8681	INF
8682	INF
8683	INF
8684	INF
8685	INF
8686	INF
8687	INF
8688	INF
8689	INF
8690	INF
8691	INF
8692	INF
8693	INF
8694	INF
8695	INF
8696	INF
8697	INF
8698	INF
8699	INF
8700	INF
8701	INF
8702	INF
8703	INF
8704	INF
8705	INF
8706	INF
8707	INF
8708	INF
8709	INF
8710	INF
8711	INF
8712	INF
8713	INF
8714	INF
8715	INF
8716	INF
8717	INF
8718	INF
8719	INF
8720	INF
8721	INF
8722	INF
8723	INF
8724	INF
8725	INF
8726	INF
8727	INF
8728	INF
8729	INF
8730	INF
8731	INF
8732	INF
8733	INF
8734	INF
8735	INF
8736	INF
8737	INF
8738	INF
8739	INF
8740	INF
8741	INF
8742	INF
8743	INF
8744	INF
8745	INF
8746	INF
8747	INF
8748	INF
8749	INF
8750	INF
8751	INF
8752	INF
8753	INF
8754	INF
8755	INF
8756	INF
8757	INF
8758	INF
8759	INF
8760	INF
8761	INF
8762	INF
8763	INF
8764	INF
8765	INF
8766	INF
8767	INF
8768	INF
8769	INF
8770	INF
8771	INF
8772	INF
8773	INF
8774	INF
8775	INF
8776	INF
8777	INF
8778	INF
8779	INF
8780	INF
8781	INF
8782	INF
8783	INF
8784	INF
8785	INF
8786	INF
8787	INF
8788	INF
8789	INF
8790	INF
8791	INF
8792	INF
8793	INF
8794	INF
8795	INF
8796	INF
8797	INF
8798	INF
8799	INF
8800	INF
8801	INF
8802	INF
8803	INF
8804	INF
8805	INF
8806	INF
8807	INF
8808	INF
8809	INF
8810	INF
8811	INF
8812	INF
8813	INF
8814	INF
8815	INF
8816	INF
8817	INF
8818	INF
8819	INF
8820	INF
8821	INF
8822	INF
8823	INF
8824	INF
8825	INF
8826	INF
8827	INF
8828	INF
8829	INF
8830	INF
8831	INF
8832	INF
8833	INF
8834	INF
8835	INF
8836	INF
8837	INF
8838	INF
8839	INF
8840	INF
8841	INF
8842	INF
8843	INF
8844	INF
8845	INF
8846	INF
8847	INF
8848	INF
8849	INF
8850	INF
8851	INF
8852	INF
8853	INF
8854	INF
8855	INF
8856	INF
8857	INF
8858	INF
8859	INF
8860	INF
8861	INF
8862	INF
8863	INF
8864	INF
8865	INF
8866	INF
8867	INF
8868	INF
8869	INF
8870	INF
8871	INF
8872	INF
8873	INF
8874	INF
8875	INF
8876	INF
8877	INF
8878	INF
8879	INF
8880	INF
8881	INF
8882	INF
8883	INF
8884	INF
8885	INF
8886	INF
8887	INF
8888	INF
8889	INF
8890	INF
8891	INF
8892	INF
8893	INF
8894	INF
8895	INF
8896	INF
8897	INF
8898	INF
8899	INF
8900	INF
8901	INF
8902	INF
8903	INF
8904	INF
8905	INF
8906	INF
8907	INF
8908	INF
8909	INF
8910	INF
8911	INF
8912	INF
8913	INF
8914	INF
8915	INF
8916	INF
8917	INF
8918	INF
8919	INF
8920	INF
8921	INF
8922	INF
8923	INF
8924	INF
8925	INF
8926	INF
8927	INF
8928	INF
8929	INF
8930	INF
8931	INF
8932	INF
8933	INF
8934	INF
8935	INF
8936	INF
8937	INF
8938	INF
8939	INF
8940	INF
8941	INF
8942	INF
8943	INF
8944	INF
8945	INF
8946	INF
8947	INF
8948	INF
8949	INF
8950	INF
8951	INF
8952	INF
8953	INF
8954	INF
8955	INF
8956	INF
8957	INF
8958	INF
8959	INF
8960	INF
8961	INF
8962	INF
8963	INF
8964	INF
8965	INF
8966	INF
8967	INF
8968	INF
8969	INF
8970	INF
8971	INF
8972	INF
8973	INF
8974	INF
8975	INF
8976	INF
8977	INF
8978	INF
8979	INF
8980	INF
8981	INF
8982	INF
8983	INF
8984	INF
8985	INF
8986	INF
8987	INF
8988	INF
8989	INF
8990	INF
8991	INF
8992	INF
8993	INF
8994	INF
8995	INF
8996	INF
8997	INF
8998	INF
8999	INF
9000	INF
9001	INF
9002	INF
9003	INF
9004	INF
9005	INF
9006	INF
9007	INF
9008	INF
9009	INF
9010	INF
9011	INF
9012	INF
9013	INF
9014	INF
9015	INF
9016	INF
9017	INF
9018	INF
9019	INF
9020	INF
9021	INF
9022	INF
9023	INF
9024	INF
9025	INF
9026	INF
9027	INF
9028	INF
9029	INF
9030	INF
9031	INF
9032	INF
9033	INF
9034	INF
9035	INF
9036	INF
9037	INF
9038	INF
9039	INF
9040	INF
9041	INF
9042	INF
9043	INF
9044	INF
9045	INF
9046	INF
9047	INF
9048	INF
9049	INF
9050	INF
9051	INF
9052	INF
9053	INF
9054	INF
9055	INF
9056	INF
9057	INF
9058	INF
9059	INF
9060	INF
9061	INF
9062	INF
9063	INF
9064	INF
9065	INF
9066	INF
9067	INF
9068	INF
9069	INF
9070	INF
9071	INF
9072	INF
9073	INF
9074	INF
9075	INF
9076	INF
9077	INF
9078	INF
9079	INF
9080	INF
9081	INF
9082	INF
9083	INF
9084	INF
9085	INF
9086	INF
9087	INF
9088	INF
9089	INF
9090	INF
9091	INF
9092	INF
9093	INF
9094	INF
9095	INF
9096	INF
9097	INF
9098	INF
9099	INF
9100	INF
9101	INF
9102	INF
9103	INF
9104	INF
9105	INF
9106	INF
9107	INF
9108	INF
9109	INF
9110	INF
9111	INF
9112	INF
9113	INF
9114	INF
9115	INF
9116	INF
9117	INF
9118	INF
9119	INF
9120	INF
9121	INF
9122	INF
9123	INF
9124	INF
9125	INF
9126	INF
9127	INF
9128	INF
9129	INF
9130	INF
9131	INF
9132	INF
9133	INF
9134	INF
9135	INF
9136	INF
9137	INF
9138	INF
9139	INF
9140	INF
9141	INF
9142	INF
9143	INF
9144	INF
9145	INF
9146	INF
9147	INF
9148	INF
9149	INF
9150	INF
9151	INF
9152	INF
9153	INF
9154	INF
9155	INF
9156	INF
9157	INF
9158	INF
9159	INF
9160	INF
9161	INF
9162	INF
9163	INF
9164	INF
9165	INF
9166	INF
9167	INF
9168	INF
9169	INF
9170	INF
9171	INF
9172	INF
9173	INF
9174	INF
9175	INF
9176	INF
9177	INF
9178	INF
9179	INF
9180	INF
9181	INF
9182	INF
9183	INF
9184	INF
9185	INF
9186	INF
9187	INF
9188	INF
9189	INF
9190	INF
9191	INF
9192	INF
9193	INF
9194	INF
9195	INF
9196	INF
9197	INF
9198	INF
9199	INF
9200	INF
9201	INF
9202	INF
9203	INF
9204	INF
9205	INF
9206	INF
9207	INF
9208	INF
9209	INF
9210	INF
9211	INF
9212	INF
9213	INF
9214	INF
9215	INF
9216	INF
9217	INF
9218	INF
9219	INF
9220	INF
9221	INF
9222	INF
9223	INF
9224	INF
9225	INF
9226	INF
9227	INF
9228	INF
9229	INF
9230	INF
9231	INF
9232	INF
9233	INF
9234	INF
9235	INF
9236	INF
9237	INF
9238	INF
9239	INF
9240	INF
9241	INF
9242	INF
9243	INF
9244	INF
9245	INF
9246	INF
9247	INF
9248	INF
9249	INF
9250	INF
9251	INF
9252	INF
9253	INF
9254	INF
9255	INF
9256	INF
9257	INF
9258	INF
9259	INF
9260	INF
9261	INF
9262	INF
9263	INF
9264	INF
9265	INF
9266	INF
9267	INF
9268	INF
9269	INF
9270	INF
9271	INF
9272	INF
9273	INF
9274	INF
9275	INF
9276	INF
9277	INF
9278	INF
9279	INF
9280	INF
9281	INF
9282	INF
9283	INF
9284	INF
9285	INF
9286	INF
9287	INF
9288	INF
9289	INF
9290	INF
9291	INF
9292	INF
9293	INF
9294	INF
9295	INF
9296	INF
9297	INF
9298	INF
9299	INF
9300	INF
9301	INF
9302	INF
9303	INF
9304	INF
9305	INF
9306	INF
9307	INF
9308	INF
9309	INF
9310	INF
9311	INF
9312	INF
9313	INF
9314	INF
9315	INF
9316	INF
9317	INF
9318	INF
9319	INF
9320	INF
9321	INF
9322	INF
9323	INF
9324	INF
9325	INF
9326	INF
9327	INF
9328	INF
9329	INF
9330	INF
9331	INF
9332	INF
9333	INF
9334	INF
9335	INF
9336	INF
9337	INF
9338	INF
9339	INF
9340	INF
9341	INF
9342	INF
9343	INF
9344	INF
9345	INF
9346	INF
9347	INF
9348	INF
9349	INF
9350	INF
9351	INF
9352	INF
9353	INF
9354	INF
9355	INF
9356	INF
9357	INF
9358	INF
9359	INF
9360	INF
9361	INF
9362	INF
9363	INF
9364	INF
9365	INF
9366	INF
9367	INF
9368	INF
9369	INF
9370	INF
9371	INF
9372	INF
9373	INF
9374	INF
9375	INF
9376	INF
9377	INF
9378	INF
9379	INF
9380	INF
9381	INF
9382	INF
9383	INF
9384	INF
9385	INF
9386	INF
9387	INF
9388	INF
9389	INF
9390	INF
9391	INF
9392	INF
9393	INF
9394	INF
9395	INF
9396	INF
9397	INF
9398	INF
9399	INF
9400	INF
9401	INF
9402	INF
9403	INF
9404	INF
9405	INF
9406	INF
9407	INF
9408	INF
9409	INF
9410	INF
9411	INF
9412	INF
9413	INF
9414	INF
9415	INF
9416	INF
9417	INF
9418	INF
9419	INF
9420	INF
9421	INF
9422	INF
9423	INF
9424	INF
9425	INF
9426	INF
9427	INF
9428	INF
9429	INF
9430	INF
9431	INF
9432	INF
9433	INF
9434	INF
9435	INF
9436	INF
9437	INF
9438	INF
9439	INF
9440	INF
9441	INF
9442	INF
9443	INF
9444	INF
9445	INF
9446	INF
9447	INF
9448	INF
9449	INF
9450	INF
9451	INF
9452	INF
9453	INF
9454	INF
9455	INF
9456	INF
9457	INF
9458	INF
9459	INF
9460	INF
9461	INF
9462	INF
9463	INF
9464	INF
9465	INF
9466	INF
9467	INF
9468	INF
9469	INF
9470	INF
9471	INF
9472	INF
9473	INF
9474	INF
9475	INF
9476	INF
9477	INF
9478	INF
9479	INF
9480	INF
9481	INF
9482	INF
9483	INF
9484	INF
9485	INF
9486	INF
9487	INF
9488	INF
9489	INF
9490	INF
9491	INF
9492	INF
9493	INF
9494	INF
9495	INF
9496	INF
9497	INF
9498	INF
9499	INF
9500	INF
9501	INF
9502	INF
9503	INF
9504	INF
9505	INF
9506	INF
9507	INF
9508	INF
9509	INF
9510	INF
9511	INF
9512	INF
9513	INF
9514	INF
9515	INF
9516	INF
9517	INF
9518	INF
9519	INF
9520	INF
9521	INF
9522	INF
9523	INF
9524	INF
9525	INF
9526	INF
9527	INF
9528	INF
9529	INF
9530	INF
9531	INF
9532	INF
9533	INF
9534	INF
9535	INF
9536	INF
9537	INF
9538	INF
9539	INF
9540	INF
9541	INF
9542	INF
9543	INF
9544	INF
9545	INF
9546	INF
9547	INF
9548	INF
9549	INF
9550	INF
9551	INF
9552	INF
9553	INF
9554	INF
9555	INF
9556	INF
9557	INF
9558	INF
9559	INF
9560	INF
9561	INF
9562	INF
9563	INF
9564	INF
9565	INF
9566	INF
9567	INF
9568	INF
9569	INF
9570	INF
9571	INF
9572	INF
9573	INF
9574	INF
9575	INF
9576	INF
9577	INF
9578	INF
9579	INF
9580	INF
9581	INF
9582	INF
9583	INF
9584	INF
9585	INF
9586	INF
9587	INF
9588	INF
9589	INF
9590	INF
9591	INF
9592	INF
9593	INF
9594	INF
9595	INF
9596	INF
9597	INF
9598	INF
9599	INF
9600	INF
9601	INF
9602	INF
9603	INF
9604	INF
9605	INF
9606	INF
9607	INF
9608	INF
9609	INF
9610	INF
9611	INF
9612	INF
9613	INF
9614	INF
9615	INF
9616	INF
9617	INF
9618	INF
9619	INF
9620	INF
9621	INF
9622	INF
9623	INF
9624	INF
9625	INF
9626	INF
9627	INF
9628	INF
9629	INF
9630	INF
9631	INF
9632	INF
9633	INF
9634	INF
9635	INF
9636	INF
9637	INF
9638	INF
9639	INF
9640	INF
9641	INF
9642	INF
9643	INF
9644	INF
9645	INF
9646	INF
9647	INF
9648	INF
9649	INF
9650	INF
9651	INF
9652	INF
9653	INF
9654	INF
9655	INF
9656	INF
9657	INF
9658	INF
9659	INF
9660	INF
9661	INF
9662	INF
9663	INF
9664	INF
9665	INF
9666	INF
9667	INF
9668	INF
9669	INF
9670	INF
9671	INF
9672	INF
9673	INF
9674	INF
9675	INF
9676	INF
9677	INF
9678	INF
9679	INF
9680	INF
9681	INF
9682	INF
9683	INF
9684	INF
9685	INF
9686	INF
9687	INF
9688	INF
9689	INF
9690	INF
9691	INF
9692	INF
9693	INF
9694	INF
9695	INF
9696	INF
9697	INF
9698	INF
9699	INF
9700	INF
9701	INF
9702	INF
9703	INF
9704	INF
9705	INF
9706	INF
9707	INF
9708	INF
9709	INF
9710	INF
9711	INF
9712	INF
9713	INF
9714	INF
9715	INF
9716	INF
9717	INF
9718	INF
9719	INF
9720	INF
9721	INF
9722	INF
9723	INF
9724	INF
9725	INF
9726	INF
9727	INF
9728	INF
9729	INF
9730	INF
9731	INF
9732	INF
9733	INF
9734	INF
9735	INF
9736	INF
9737	INF
9738	INF
9739	INF
9740	INF
9741	INF
9742	INF
9743	INF
9744	INF
9745	INF
9746	INF
9747	INF
9748	INF
9749	INF
9750	INF
9751	INF
9752	INF
9753	INF
9754	INF
9755	INF
9756	INF
9757	INF
9758	INF
9759	INF
9760	INF
9761	INF
9762	INF
9763	INF
9764	INF
9765	INF
9766	INF
9767	INF
9768	INF
9769	INF
9770	INF
9771	INF
9772	INF
9773	INF
9774	INF
9775	INF
9776	INF
9777	INF
9778	INF
9779	INF
9780	INF
9781	INF
9782	INF
9783	INF
9784	INF
9785	INF
9786	INF
9787	INF
9788	INF
9789	INF
9790	INF
9791	INF
9792	INF
9793	INF
9794	INF
9795	INF
9796	INF
9797	INF
9798	INF
9799	INF
9800	INF
9801	INF
9802	INF
9803	INF
9804	INF
9805	INF
9806	INF
9807	INF
9808	INF
9809	INF
9810	INF
9811	INF
9812	INF
9813	INF
9814	INF
9815	INF
9816	INF
9817	INF
9818	INF
9819	INF
9820	INF
9821	INF
9822	INF
9823	INF
9824	INF
9825	INF
9826	INF
9827	INF
9828	INF
9829	INF
9830	INF
9831	INF
9832	INF
9833	INF
9834	INF
9835	INF
9836	INF
9837	INF
9838	INF
9839	INF
9840	INF
9841	INF
9842	INF
9843	INF
9844	INF
9845	INF
9846	INF
9847	INF
9848	INF
9849	INF
9850	INF
9851	INF
9852	INF
9853	INF
9854	INF
9855	INF
9856	INF
9857	INF
9858	INF
9859	INF
9860	INF
9861	INF
9862	INF
9863	INF
9864	INF
9865	INF
9866	INF
9867	INF
9868	INF
9869	INF
9870	INF
9871	INF
9872	INF
9873	INF
9874	INF
9875	INF
9876	INF
9877	INF
9878	INF
9879	INF
9880	INF
9881	INF
9882	INF
9883	INF
9884	INF
9885	INF
9886	INF
9887	INF
9888	INF
9889	INF
9890	INF
9891	INF
9892	INF
9893	INF
9894	INF
9895	INF
9896	INF
9897	INF
9898	INF
9899	INF
9900	INF
9901	INF
9902	INF
9903	INF
9904	INF
9905	INF
9906	INF
9907	INF
9908	INF
9909	INF
9910	INF
9911	INF
9912	INF
9913	INF
9914	INF
9915	INF
9916	INF
9917	INF
9918	INF
9919	INF
9920	INF
9921	INF
9922	INF
9923	INF
9924	INF
9925	INF
9926	INF
9927	INF
9928	INF
9929	INF
9930	INF
9931	INF
9932	INF
9933	INF
9934	INF
9935	INF
9936	INF
9937	INF
9938	INF
9939	INF
9940	INF
9941	INF
9942	INF
9943	INF
9944	INF
9945	INF
9946	INF
9947	INF
9948	INF
9949	INF
9950	INF
9951	INF
9952	INF
9953	INF
9954	INF
9955	INF
9956	INF
9957	INF
9958	INF
9959	INF
9960	INF
9961	INF
9962	INF
9963	INF
9964	INF
9965	INF
9966	INF
9967	INF
9968	INF
9969	INF
9970	INF
9971	INF
9972	INF
9973	INF
9974	INF
9975	INF
9976	INF
9977	INF
9978	INF
9979	INF
9980	INF
9981	INF
9982	INF
9983	INF
9984	INF
9985	INF
9986	INF
9987	INF
9988	INF
9989	INF
9990	INF
9991	INF
9992	INF
9993	INF
9994	INF
9995	INF
9996	INF
9997	INF
9998	INF
9999	INF
10000	INF
10001	INF
10002	INF
10003	INF
10004	INF
10005	INF
10006	INF
10007	INF
10008	INF
10009	INF
10010	INF
10011	INF
10012	INF
10013	INF
10014	INF
10015	INF
10016	INF
10017	INF
10018	INF
10019	INF
10020	INF
10021	INF
10022	INF
10023	INF
10024	INF
10025	INF
10026	INF
10027	INF
10028	INF
10029	INF
10030	INF
10031	INF
10032	INF
10033	INF
10034	INF
10035	INF
10036	INF
10037	INF
10038	INF
10039	INF
10040	INF
10041	INF
10042	INF
10043	INF
10044	INF
10045	INF
10046	INF
10047	INF
10048	INF
10049	INF
10050	INF
10051	INF
10052	INF
10053	INF
10054	INF
10055	INF
10056	INF
10057	INF
10058	INF
10059	INF
10060	INF
10061	INF
10062	INF
10063	INF
10064	INF
10065	INF
10066	INF
10067	INF
10068	INF
10069	INF
10070	INF
10071	INF
10072	INF
10073	INF
10074	INF
10075	INF
10076	INF
10077	INF
10078	INF
10079	INF
10080	INF
10081	INF
10082	INF
10083	INF
10084	INF
10085	INF
10086	INF
10087	INF
10088	INF
10089	INF
10090	INF
10091	INF
10092	INF
10093	INF
10094	INF
10095	INF
10096	INF
10097	INF
10098	INF
10099	INF
10100	INF
10101	INF
10102	INF
10103	INF
10104	INF
10105	INF
10106	INF
10107	INF
10108	INF
10109	INF
10110	INF
10111	INF
10112	INF
10113	INF
10114	INF
10115	INF
10116	INF
10117	INF
10118	INF
10119	INF
10120	INF
10121	INF
10122	INF
10123	INF
10124	INF
10125	INF
10126	INF
10127	INF
10128	INF
10129	INF
10130	INF
10131	INF
10132	INF
10133	INF
10134	INF
10135	INF
10136	INF
10137	INF
10138	INF
10139	INF
10140	INF
10141	INF
10142	INF
10143	INF
10144	INF
10145	INF
10146	INF
10147	INF
10148	INF
10149	INF
10150	INF
10151	INF
10152	INF
10153	INF
10154	INF
10155	INF
10156	INF
10157	INF
10158	INF
10159	INF
10160	INF
10161	INF
10162	INF
10163	INF
10164	INF
10165	INF
10166	INF
10167	INF
10168	INF
10169	INF
10170	INF
10171	INF
10172	INF
10173	INF
10174	INF
10175	INF
10176	INF
10177	INF
10178	INF
10179	INF
10180	INF
10181	INF
10182	INF
10183	INF
10184	INF
10185	INF
10186	INF
10187	INF
10188	INF
10189	INF
10190	INF
10191	INF
10192	INF
10193	INF
10194	INF
10195	INF
10196	INF
10197	INF
10198	INF
10199	INF
10200	INF
10201	INF
10202	INF
10203	INF
10204	INF
10205	INF
10206	INF
10207	INF
10208	INF
10209	INF
10210	INF
10211	INF
10212	INF
10213	INF
10214	INF
10215	INF
10216	INF
10217	INF
10218	INF
10219	INF
10220	INF
10221	INF
10222	INF
10223	INF
10224	INF
10225	INF
10226	INF
10227	INF
10228	INF
10229	INF
10230	INF
10231	INF
10232	INF
10233	INF
10234	INF
10235	INF
10236	INF
10237	INF
10238	INF
10239	INF
10240	INF
10241	INF
10242	INF
10243	INF
10244	INF
10245	INF
10246	INF
10247	INF
10248	INF
10249	INF
10250	INF
10251	INF
10252	INF
10253	INF
10254	INF
10255	INF
10256	INF
10257	INF
10258	INF
10259	INF
10260	INF
10261	INF
10262	INF
10263	INF
10264	INF
10265	INF
10266	INF
10267	INF
10268	INF
10269	INF
10270	INF
10271	INF
10272	INF
10273	INF
10274	INF
10275	INF
10276	INF
10277	INF
10278	INF
10279	INF
10280	INF
10281	INF
10282	INF
10283	INF
10284	INF
10285	INF
10286	INF
10287	INF
10288	INF
10289	INF
10290	INF
10291	INF
10292	INF
10293	INF
10294	INF
10295	INF
10296	INF
10297	INF
10298	INF
10299	INF
10300	INF
10301	INF
10302	INF
10303	INF
10304	INF
10305	INF
10306	INF
10307	INF
10308	INF
10309	INF
10310	INF
10311	INF
10312	INF
10313	INF
10314	INF
10315	INF
10316	INF
10317	INF
10318	INF
10319	INF
10320	INF
10321	INF
10322	INF
10323	INF
10324	INF
10325	INF
10326	INF
10327	INF
10328	INF
10329	INF
10330	INF
10331	INF
10332	INF
10333	INF
10334	INF
10335	INF
10336	INF
10337	INF
10338	INF
10339	INF
10340	INF
10341	INF
10342	INF
10343	INF
10344	INF
10345	INF
10346	INF
10347	INF
10348	INF
10349	INF
10350	INF
10351	INF
10352	INF
10353	INF
10354	INF
10355	INF
10356	INF
10357	INF
10358	INF
10359	INF
10360	INF
10361	INF
10362	INF
10363	INF
10364	INF
10365	INF
10366	INF
10367	INF
10368	INF
10369	INF
10370	INF
10371	INF
10372	INF
10373	INF
10374	INF
10375	INF
10376	INF
10377	INF
10378	INF
10379	INF
10380	INF
10381	INF
10382	INF
10383	INF
10384	INF
10385	INF
10386	INF
10387	INF
10388	INF
10389	INF
10390	INF
10391	INF
10392	INF
10393	INF
10394	INF
10395	INF
10396	INF
10397	INF
10398	INF
10399	INF
10400	INF
10401	INF
10402	INF
10403	INF
10404	INF
10405	INF
10406	INF
10407	INF
10408	INF
10409	INF
10410	INF
10411	INF
10412	INF
10413	INF
10414	INF
10415	INF
10416	INF
10417	INF
10418	INF
10419	INF
10420	INF
10421	INF
10422	INF
10423	INF
10424	INF
10425	INF
10426	INF
10427	INF
10428	INF
10429	INF
10430	INF
10431	INF
10432	INF
10433	INF
10434	INF
10435	INF
10436	INF
10437	INF
10438	INF
10439	INF
10440	INF
10441	INF
10442	INF
10443	INF
10444	INF
10445	INF
10446	INF
10447	INF
10448	INF
10449	INF
10450	INF
10451	INF
10452	INF
10453	INF
10454	INF
10455	INF
10456	INF
10457	INF
10458	INF
10459	INF
10460	INF
10461	INF
10462	INF
10463	INF
10464	INF
10465	INF
10466	INF
10467	INF
10468	INF
10469	INF
10470	INF
10471	INF
10472	INF
10473	INF
10474	INF
10475	INF
10476	INF
10477	INF
10478	INF
10479	INF
10480	INF
10481	INF
10482	INF
10483	INF
10484	INF
10485	INF
10486	INF
10487	INF
10488	INF
10489	INF
10490	INF
10491	INF
10492	INF
10493	INF
10494	INF
10495	INF
10496	INF
10497	INF
10498	INF
10499	INF
10500	INF
10501	INF
10502	INF
10503	INF
10504	INF
10505	INF
10506	INF
10507	INF
10508	INF
10509	INF
10510	INF
10511	INF
10512	INF
10513	INF
10514	INF
10515	INF
10516	INF
10517	INF
10518	INF
10519	INF
10520	INF
10521	INF
10522	INF
10523	INF
10524	INF
10525	INF
10526	INF
10527	INF
10528	INF
10529	INF
10530	INF
10531	INF
10532	INF
10533	INF
10534	INF
10535	INF
10536	INF
10537	INF
10538	INF
10539	INF
10540	INF
10541	INF
10542	INF
10543	INF
10544	INF
10545	INF
10546	INF
10547	INF
10548	INF
10549	INF
10550	INF
10551	INF
10552	INF
10553	INF
10554	INF
10555	INF
10556	INF
10557	INF
10558	INF
10559	INF
10560	INF
10561	INF
10562	INF
10563	INF
10564	INF
10565	INF
10566	INF
10567	INF
10568	INF
10569	INF
10570	INF
10571	INF
10572	INF
10573	INF
10574	INF
10575	INF
10576	INF
10577	INF
10578	INF
10579	INF
10580	INF
10581	INF
10582	INF
10583	INF
10584	INF
10585	INF
10586	INF
10587	INF
10588	INF
10589	INF
10590	INF
10591	INF
10592	INF
10593	INF
10594	INF
10595	INF
10596	INF
10597	INF
10598	INF
10599	INF
10600	INF
10601	INF
10602	INF
10603	INF
10604	INF
10605	INF
10606	INF
10607	INF
10608	INF
10609	INF
10610	INF
10611	INF
10612	INF
10613	INF
10614	INF
10615	INF
10616	INF
10617	INF
10618	INF
10619	INF
10620	INF
10621	INF
10622	INF
10623	INF
10624	INF
10625	INF
10626	INF
10627	INF
10628	INF
10629	INF
10630	INF
10631	INF
10632	INF
10633	INF
10634	INF
10635	INF
10636	INF
10637	INF
10638	INF
10639	INF
10640	INF
10641	INF
10642	INF
10643	INF
10644	INF
10645	INF
10646	INF
10647	INF
10648	INF
10649	INF
10650	INF
10651	INF
10652	INF
10653	INF
10654	INF
10655	INF
10656	INF
10657	INF
10658	INF
10659	INF
10660	INF
10661	INF
10662	INF
10663	INF
10664	INF
10665	INF
10666	INF
10667	INF
10668	INF
10669	INF
10670	INF
10671	INF
10672	INF
10673	INF
10674	INF
10675	INF
10676	INF
10677	INF
10678	INF
10679	INF
10680	INF
10681	INF
10682	INF
10683	INF
10684	INF
10685	INF
10686	INF
10687	INF
10688	INF
10689	INF
10690	INF
10691	INF
10692	INF
10693	INF
10694	INF
10695	INF
10696	INF
10697	INF
10698	INF
10699	INF
10700	INF
10701	INF
10702	INF
10703	INF
10704	INF
10705	INF
10706	INF
10707	INF
10708	INF
10709	INF
10710	INF
10711	INF
10712	INF
10713	INF
10714	INF
10715	INF
10716	INF
10717	INF
10718	INF
10719	INF
10720	INF
10721	INF
10722	INF
10723	INF
10724	INF
10725	INF
10726	INF
10727	INF
10728	INF
10729	INF
10730	INF
10731	INF
10732	INF
10733	INF
10734	INF
10735	INF
10736	INF
10737	INF
10738	INF
10739	INF
10740	INF
10741	INF
10742	INF
10743	INF
10744	INF
10745	INF
10746	INF
10747	INF
10748	INF
10749	INF
10750	INF
10751	INF
10752	INF
10753	INF
10754	INF
10755	INF
10756	INF
10757	INF
10758	INF
10759	INF
10760	INF
10761	INF
10762	INF
10763	INF
10764	INF
10765	INF
10766	INF
10767	INF
10768	INF
10769	INF
10770	INF
10771	INF
10772	INF
10773	INF
10774	INF
10775	INF
10776	INF
10777	INF
10778	INF
10779	INF
10780	INF
10781	INF
10782	INF
10783	INF
10784	INF
10785	INF
10786	INF
10787	INF
10788	INF
10789	INF
10790	INF
10791	INF
10792	INF
10793	INF
10794	INF
10795	INF
10796	INF
10797	INF
10798	INF
10799	INF
10800	INF
10801	INF
10802	INF
10803	INF
10804	INF
10805	INF
10806	INF
10807	INF
10808	INF
10809	INF
10810	INF
10811	INF
10812	INF
10813	INF
10814	INF
10815	INF
10816	INF
10817	INF
10818	INF
10819	INF
10820	INF
10821	INF
10822	INF
10823	INF
10824	INF
10825	INF
10826	INF
10827	INF
10828	INF
10829	INF
10830	INF
10831	INF
10832	INF
10833	INF
10834	INF
10835	INF
10836	INF
10837	INF
10838	INF
10839	INF
10840	INF
10841	INF
10842	INF
10843	INF
10844	INF
10845	INF
10846	INF
10847	INF
10848	INF
10849	INF
10850	INF
10851	INF
10852	INF
10853	INF
10854	INF
10855	INF
10856	INF
10857	INF
10858	INF
10859	INF
10860	INF
10861	INF
10862	INF
10863	INF
10864	INF
10865	INF
10866	INF
10867	INF
10868	INF
10869	INF
10870	INF
10871	INF
10872	INF
10873	INF
10874	INF
10875	INF
10876	INF
10877	INF
10878	INF
10879	INF
10880	INF
10881	INF
10882	INF
10883	INF
10884	INF
10885	INF
10886	INF
10887	INF
10888	INF
10889	INF
10890	INF
10891	INF
10892	INF
10893	INF
10894	INF
10895	INF
10896	INF
10897	INF
10898	INF
10899	INF
10900	INF
10901	INF
10902	INF
10903	INF
10904	INF
10905	INF
10906	INF
10907	INF
10908	INF
10909	INF
10910	INF
10911	INF
10912	INF
10913	INF
10914	INF
10915	INF
10916	INF
10917	INF
10918	INF
10919	INF
10920	INF
10921	INF
10922	INF
10923	INF
10924	INF
10925	INF
10926	INF
10927	INF
10928	INF
10929	INF
10930	INF
10931	INF
10932	INF
10933	INF
10934	INF
10935	INF
10936	INF
10937	INF
10938	INF
10939	INF
10940	INF
10941	INF
10942	INF
10943	INF
10944	INF
10945	INF
10946	INF
10947	INF
10948	INF
10949	INF
10950	INF
10951	INF
10952	INF
10953	INF
10954	INF
10955	INF
10956	INF
10957	INF
10958	INF
10959	INF
10960	INF
10961	INF
10962	INF
10963	INF
10964	INF
10965	INF
10966	INF
10967	INF
10968	INF
10969	INF
10970	INF
10971	INF
10972	INF
10973	INF
10974	INF
10975	INF
10976	INF
10977	INF
10978	INF
10979	INF
10980	INF
10981	INF
10982	INF
10983	INF
10984	INF
10985	INF
10986	INF
10987	INF
10988	INF
10989	INF
10990	INF
10991	INF
10992	INF
10993	INF
10994	INF
10995	INF
10996	INF
10997	INF
10998	INF
10999	INF
11000	INF
11001	INF
11002	INF
11003	INF
11004	INF
11005	INF
11006	INF
11007	INF
11008	INF
11009	INF
11010	INF
11011	INF
11012	INF
11013	INF
11014	INF
11015	INF
11016	INF
11017	INF
11018	INF
11019	INF
11020	INF
11021	INF
11022	INF
11023	INF
11024	INF
11025	INF
11026	INF
11027	INF
11028	INF
11029	INF
11030	INF
11031	INF
11032	INF
11033	INF
11034	INF
11035	INF
11036	INF
11037	INF
11038	INF
11039	INF
11040	INF
11041	INF
11042	INF
11043	INF
11044	INF
11045	INF
11046	INF
11047	INF
11048	INF
11049	INF
11050	INF
11051	INF
11052	INF
11053	INF
11054	INF
11055	INF
11056	INF
11057	INF
11058	INF
11059	INF
11060	INF
11061	INF
11062	INF
11063	INF
11064	INF
11065	INF
11066	INF
11067	INF
11068	INF
11069	INF
11070	INF
11071	INF
11072	INF
11073	INF
11074	INF
11075	INF
11076	INF
11077	INF
11078	INF
11079	INF
11080	INF
11081	INF
11082	INF
11083	INF
11084	INF
11085	INF
11086	INF
11087	INF
11088	INF
11089	INF
11090	INF
11091	INF
11092	INF
11093	INF
11094	INF
11095	INF
11096	INF
11097	INF
11098	INF
11099	INF
11100	INF
11101	INF
11102	INF
11103	INF
11104	INF
11105	INF
11106	INF
11107	INF
11108	INF
11109	INF
11110	INF
11111	INF
11112	INF
11113	INF
11114	INF
11115	INF
11116	INF
11117	INF
11118	INF
11119	INF
11120	INF
11121	INF
11122	INF
11123	INF
11124	INF
11125	INF
11126	INF
11127	INF
11128	INF
11129	INF
11130	INF
11131	INF
11132	INF
11133	INF
11134	INF
11135	INF
11136	INF
11137	INF
11138	INF
11139	INF
11140	INF
11141	INF
11142	INF
11143	INF
11144	INF
11145	INF
11146	INF
11147	INF
11148	INF
11149	INF
11150	INF
11151	INF
11152	INF
11153	INF
11154	INF
11155	INF
11156	INF
11157	INF
11158	INF
11159	INF
11160	INF
11161	INF
11162	INF
11163	INF
11164	INF
11165	INF
11166	INF
11167	INF
11168	INF
11169	INF
11170	INF
11171	INF
11172	INF
11173	INF
11174	INF
11175	INF
11176	INF
11177	INF
11178	INF
11179	INF
11180	INF
11181	INF
11182	INF
11183	INF
11184	INF
11185	INF
11186	INF
11187	INF
11188	INF
11189	INF
11190	INF
11191	INF
11192	INF
11193	INF
11194	INF
11195	INF
11196	INF
11197	INF
11198	INF
11199	INF
11200	INF
11201	INF
11202	INF
11203	INF
11204	INF
11205	INF
11206	INF
11207	INF
11208	INF
11209	INF
11210	INF
11211	INF
11212	INF
11213	INF
11214	INF
11215	INF
11216	INF
11217	INF
11218	INF
11219	INF
11220	INF
11221	INF
11222	INF
11223	INF
11224	INF
11225	INF
11226	INF
11227	INF
11228	INF
11229	INF
11230	INF
11231	INF
11232	INF
11233	INF
11234	INF
11235	INF
11236	INF
11237	INF
11238	INF
11239	INF
11240	INF
11241	INF
11242	INF
11243	INF
11244	INF
11245	INF
11246	INF
11247	INF
11248	INF
11249	INF
11250	INF
11251	INF
11252	INF
11253	INF
11254	INF
11255	INF
11256	INF
11257	INF
11258	INF
11259	INF
11260	INF
11261	INF
11262	INF
11263	INF
11264	INF
11265	INF
11266	INF
11267	INF
11268	INF
11269	INF
11270	INF
11271	INF
11272	INF
11273	INF
11274	INF
11275	INF
11276	INF
11277	INF
11278	INF
11279	INF
11280	INF
11281	INF
11282	INF
11283	INF
11284	INF
11285	INF
11286	INF
11287	INF
11288	INF
11289	INF
11290	INF
11291	INF
11292	INF
11293	INF
11294	INF
11295	INF
11296	INF
11297	INF
11298	INF
11299	INF
11300	INF
11301	INF
11302	INF
11303	INF
11304	INF
11305	INF
11306	INF
11307	INF
11308	INF
11309	INF
11310	INF
11311	INF
11312	INF
11313	INF
11314	INF
11315	INF
11316	INF
11317	INF
11318	INF
11319	INF
11320	INF
11321	INF
11322	INF
11323	INF
11324	INF
11325	INF
11326	INF
11327	INF
11328	INF
11329	INF
11330	INF
11331	INF
11332	INF
11333	INF
11334	INF
11335	INF
11336	INF
11337	INF
11338	INF
11339	INF
11340	INF
11341	INF
11342	INF
11343	INF
11344	INF
11345	INF
11346	INF
11347	INF
11348	INF
11349	INF
11350	INF
11351	INF
11352	INF
11353	INF
11354	INF
11355	INF
11356	INF
11357	INF
11358	INF
11359	INF
11360	INF
11361	INF
11362	INF
11363	INF
11364	INF
11365	INF
11366	INF
11367	INF
11368	INF
11369	INF
11370	INF
11371	INF
11372	INF
11373	INF
11374	INF
11375	INF
11376	INF
11377	INF
11378	INF
11379	INF
11380	INF
11381	INF
11382	INF
11383	INF
11384	INF
11385	INF
11386	INF
11387	INF
11388	INF
11389	INF
11390	INF
11391	INF
11392	INF
11393	INF
11394	INF
11395	INF
11396	INF
11397	INF
11398	INF
11399	INF
11400	INF
11401	INF
11402	INF
11403	INF
11404	INF
11405	INF
11406	INF
11407	INF
11408	INF
11409	INF
11410	INF
11411	INF
11412	INF
11413	INF
11414	INF
11415	INF
11416	INF
11417	INF
11418	INF
11419	INF
11420	INF
11421	INF
11422	INF
11423	INF
11424	INF
11425	INF
11426	INF
11427	INF
11428	INF
11429	INF
11430	INF
11431	INF
11432	INF
11433	INF
11434	INF
11435	INF
11436	INF
11437	INF
11438	INF
11439	INF
11440	INF
11441	INF
11442	INF
11443	INF
11444	INF
11445	INF
11446	INF
11447	INF
11448	INF
11449	INF
11450	INF
11451	INF
11452	INF
11453	INF
11454	INF
11455	INF
11456	INF
11457	INF
11458	INF
11459	INF
11460	INF
11461	INF
11462	INF
11463	INF
11464	INF
11465	INF
11466	INF
11467	INF
11468	INF
11469	INF
11470	INF
11471	INF
11472	INF
11473	INF
11474	INF
11475	INF
11476	INF
11477	INF
11478	INF
11479	INF
11480	INF
11481	INF
11482	INF
11483	INF
11484	INF
11485	INF
11486	INF
11487	INF
11488	INF
11489	INF
11490	INF
11491	INF
11492	INF
11493	INF
11494	INF
11495	INF
11496	INF
11497	INF
11498	INF
11499	INF
11500	INF
11501	INF
11502	INF
11503	INF
11504	INF
11505	INF
11506	INF
11507	INF
11508	INF
11509	INF
11510	INF
11511	INF
11512	INF
11513	INF
11514	INF
11515	INF
11516	INF
11517	INF
11518	INF
11519	INF
11520	INF
11521	INF
11522	INF
11523	INF
11524	INF
11525	INF
11526	INF
11527	INF
11528	INF
11529	INF
11530	INF
11531	INF
11532	INF
11533	INF
11534	INF
11535	INF
11536	INF
11537	INF
11538	INF
11539	INF
11540	INF
11541	INF
11542	INF
11543	INF
11544	INF
11545	INF
11546	INF
11547	INF
11548	INF
11549	INF
11550	INF
11551	INF
11552	INF
11553	INF
11554	INF
11555	INF
11556	INF
11557	INF
11558	INF
11559	INF
11560	INF
11561	INF
11562	INF
11563	INF
11564	INF
11565	INF
11566	INF
11567	INF
11568	INF
11569	INF
11570	INF
11571	INF
11572	INF
11573	INF
11574	INF
11575	INF
11576	INF
11577	INF
11578	INF
11579	INF
11580	INF
11581	INF
11582	INF
11583	INF
11584	INF
11585	INF
11586	INF
11587	INF
11588	INF
11589	INF
11590	INF
11591	INF
11592	INF
11593	INF
11594	INF
11595	INF
11596	INF
11597	INF
11598	INF
11599	INF
11600	INF
11601	INF
11602	INF
11603	INF
11604	INF
11605	INF
11606	INF
11607	INF
11608	INF
11609	INF
11610	INF
11611	INF
11612	INF
11613	INF
11614	INF
11615	INF
11616	INF
11617	INF
11618	INF
11619	INF
11620	INF
11621	INF
11622	INF
11623	INF
11624	INF
11625	INF
11626	INF
11627	INF
11628	INF
11629	INF
11630	INF
11631	INF
11632	INF
11633	INF
11634	INF
11635	INF
11636	INF
11637	INF
11638	INF
11639	INF
11640	INF
11641	INF
11642	INF
11643	INF
11644	INF
11645	INF
11646	INF
11647	INF
11648	INF
11649	INF
11650	INF
11651	INF
11652	INF
11653	INF
11654	INF
11655	INF
11656	INF
11657	INF
11658	INF
11659	INF
11660	INF
11661	INF
11662	INF
11663	INF
11664	INF
11665	INF
11666	INF
11667	INF
11668	INF
11669	INF
11670	INF
11671	INF
11672	INF
11673	INF
11674	INF
11675	INF
11676	INF
11677	INF
11678	INF
11679	INF
11680	INF
11681	INF
11682	INF
11683	INF
11684	INF
11685	INF
11686	INF
11687	INF
11688	INF
11689	INF
11690	INF
11691	INF
11692	INF
11693	INF
11694	INF
11695	INF
11696	INF
11697	INF
11698	INF
11699	INF
11700	INF
11701	INF
11702	INF
11703	INF
11704	INF
11705	INF
11706	INF
11707	INF
11708	INF
11709	INF
11710	INF
11711	INF
11712	INF
11713	INF
11714	INF
11715	INF
11716	INF
11717	INF
11718	INF
11719	INF
11720	INF
11721	INF
11722	INF
11723	INF
11724	INF
11725	INF
11726	INF
11727	INF
11728	INF
11729	INF
11730	INF
11731	INF
11732	INF
11733	INF
11734	INF
11735	INF
11736	INF
11737	INF
11738	INF
11739	INF
11740	INF
11741	INF
11742	INF
11743	INF
11744	INF
11745	INF
11746	INF
11747	INF
11748	INF
11749	INF
11750	INF
11751	INF
11752	INF
11753	INF
11754	INF
11755	INF
11756	INF
11757	INF
11758	INF
11759	INF
11760	INF
11761	INF
11762	INF
11763	INF
11764	INF
11765	INF
11766	INF
11767	INF
11768	INF
11769	INF
11770	INF
11771	INF
11772	INF
11773	INF
11774	INF
11775	INF
11776	INF
11777	INF
11778	INF
11779	INF
11780	INF
11781	INF
11782	INF
11783	INF
11784	INF
11785	INF
11786	INF
11787	INF
11788	INF
11789	INF
11790	INF
11791	INF
11792	INF
11793	INF
11794	INF
11795	INF
11796	INF
11797	INF
11798	INF
11799	INF
11800	INF
11801	INF
11802	INF
11803	INF
11804	INF
11805	INF
11806	INF
11807	INF
11808	INF
11809	INF
11810	INF
11811	INF
11812	INF
11813	INF
11814	INF
11815	INF
11816	INF
11817	INF
11818	INF
11819	INF
11820	INF
11821	INF
11822	INF
11823	INF
11824	INF
11825	INF
11826	INF
11827	INF
11828	INF
11829	INF
11830	INF
11831	INF
11832	INF
11833	INF
11834	INF
11835	INF
11836	INF
11837	INF
11838	INF
11839	INF
11840	INF
11841	INF
11842	INF
11843	INF
11844	INF
11845	INF
11846	INF
11847	INF
11848	INF
11849	INF
11850	INF
11851	INF
11852	INF
11853	INF
11854	INF
11855	INF
11856	INF
11857	INF
11858	INF
11859	INF
11860	INF
11861	INF
11862	INF
11863	INF
11864	INF
11865	INF
11866	INF
11867	INF
11868	INF
11869	INF
11870	INF
11871	INF
11872	INF
11873	INF
11874	INF
11875	INF
11876	INF
11877	INF
11878	INF
11879	INF
11880	INF
11881	INF
11882	INF
11883	INF
11884	INF
11885	INF
11886	INF
11887	INF
11888	INF
11889	INF
11890	INF
11891	INF
11892	INF
11893	INF
11894	INF
11895	INF
11896	INF
11897	INF
11898	INF
11899	INF
11900	INF
11901	INF
11902	INF
11903	INF
11904	INF
11905	INF
11906	INF
11907	INF
11908	INF
11909	INF
11910	INF
11911	INF
11912	INF
11913	INF
11914	INF
11915	INF
11916	INF
11917	INF
11918	INF
11919	INF
11920	INF
11921	INF
11922	INF
11923	INF
11924	INF
11925	INF
11926	INF
11927	INF
11928	INF
11929	INF
11930	INF
11931	INF
11932	INF
11933	INF
11934	INF
11935	INF
11936	INF
11937	INF
11938	INF
11939	INF
11940	INF
11941	INF
11942	INF
11943	INF
11944	INF
11945	INF
11946	INF
11947	INF
11948	INF
11949	INF
11950	INF
11951	INF
11952	INF
11953	INF
11954	INF
11955	INF
11956	INF
11957	INF
11958	INF
11959	INF
11960	INF
11961	INF
11962	INF
11963	INF
11964	INF
11965	INF
11966	INF
11967	INF
11968	INF
11969	INF
11970	INF
11971	INF
11972	INF
11973	INF
11974	INF
11975	INF
11976	INF
11977	INF
11978	INF
11979	INF
11980	INF
11981	INF
11982	INF
11983	INF
11984	INF
11985	INF
11986	INF
11987	INF
11988	INF
11989	INF
11990	INF
11991	INF
11992	INF
11993	INF
11994	INF
11995	INF
11996	INF
11997	INF
11998	INF
11999	INF
12000	INF
12001	INF
12002	INF
12003	INF
12004	INF
12005	INF
12006	INF
12007	INF
12008	INF
12009	INF
12010	INF
12011	INF
12012	INF
12013	INF
12014	INF
12015	INF
12016	INF
12017	INF
12018	INF
12019	INF
12020	INF
12021	INF
12022	INF
12023	INF
12024	INF
12025	INF
12026	INF
12027	INF
12028	INF
12029	INF
12030	INF
12031	INF
12032	INF
12033	INF
12034	INF
12035	INF
12036	INF
12037	INF
12038	INF
12039	INF
12040	INF
12041	INF
12042	INF
12043	INF
12044	INF
12045	INF
12046	INF
12047	INF
12048	INF
12049	INF
12050	INF
12051	INF
12052	INF
12053	INF
12054	INF
12055	INF
12056	INF
12057	INF
12058	INF
12059	INF
12060	INF
12061	INF
12062	INF
12063	INF
12064	INF
12065	INF
12066	INF
12067	INF
12068	INF
12069	INF
12070	INF
12071	INF
12072	INF
12073	INF
12074	INF
12075	INF
12076	INF
12077	INF
12078	INF
12079	INF
12080	INF
12081	INF
12082	INF
12083	INF
12084	INF
12085	INF
12086	INF
12087	INF
12088	INF
12089	INF
12090	INF
12091	INF
12092	INF
12093	INF
12094	INF
12095	INF
12096	INF
12097	INF
12098	INF
12099	INF
12100	INF
12101	INF
12102	INF
12103	INF
12104	INF
12105	INF
12106	INF
12107	INF
12108	INF
12109	INF
12110	INF
12111	INF
12112	INF
12113	INF
12114	INF
12115	INF
12116	INF
12117	INF
12118	INF
12119	INF
12120	INF
12121	INF
12122	INF
12123	INF
12124	INF
12125	INF
12126	INF
12127	INF
12128	INF
12129	INF
12130	INF
12131	INF
12132	INF
12133	INF
12134	INF
12135	INF
12136	INF
12137	INF
12138	INF
12139	INF
12140	INF
12141	INF
12142	INF
12143	INF
12144	INF
12145	INF
12146	INF
12147	INF
12148	INF
12149	INF
12150	INF
12151	INF
12152	INF
12153	INF
12154	INF
12155	INF
12156	INF
12157	INF
12158	INF
12159	INF
12160	INF
12161	INF
12162	INF
12163	INF
12164	INF
12165	INF
12166	INF
12167	INF
12168	INF
12169	INF
12170	INF
12171	INF
12172	INF
12173	INF
12174	INF
12175	INF
12176	INF
12177	INF
12178	INF
12179	INF
12180	INF
12181	INF
12182	INF
12183	INF
12184	INF
12185	INF
12186	INF
12187	INF
12188	INF
12189	INF
12190	INF
12191	INF
12192	INF
12193	INF
12194	INF
12195	INF
12196	INF
12197	INF
12198	INF
12199	INF
12200	INF
12201	INF
12202	INF
12203	INF
12204	INF
12205	INF
12206	INF
12207	INF
12208	INF
12209	INF
12210	INF
12211	INF
12212	INF
12213	INF
12214	INF
12215	INF
12216	INF
12217	INF
12218	INF
12219	INF
12220	INF
12221	INF
12222	INF
12223	INF
12224	INF
12225	INF
12226	INF
12227	INF
12228	INF
12229	INF
12230	INF
12231	INF
12232	INF
12233	INF
12234	INF
12235	INF
12236	INF
12237	INF
12238	INF
12239	INF
12240	INF
12241	INF
12242	INF
12243	INF
12244	INF
12245	INF
12246	INF
12247	INF
12248	INF
12249	INF
12250	INF
12251	INF
12252	INF
12253	INF
12254	INF
12255	INF
12256	INF
12257	INF
12258	INF
12259	INF
12260	INF
12261	INF
12262	INF
12263	INF
12264	INF
12265	INF
12266	INF
12267	INF
12268	INF
12269	INF
12270	INF
12271	INF
12272	INF
12273	INF
12274	INF
12275	INF
12276	INF
12277	INF
12278	INF
12279	INF
12280	INF
12281	INF
12282	INF
12283	INF
12284	INF
12285	INF
12286	INF
12287	INF
12288	INF
12289	INF
12290	INF
12291	INF
12292	INF
12293	INF
12294	INF
12295	INF
12296	INF
12297	INF
12298	INF
12299	INF
12300	INF
12301	INF
12302	INF
12303	INF
12304	INF
12305	INF
12306	INF
12307	INF
12308	INF
12309	INF
12310	INF
12311	INF
12312	INF
12313	INF
12314	INF
12315	INF
12316	INF
12317	INF
12318	INF
12319	INF
12320	INF
12321	INF
12322	INF
12323	INF
12324	INF
12325	INF
12326	INF
12327	INF
12328	INF
12329	INF
12330	INF
12331	INF
12332	INF
12333	INF
12334	INF
12335	INF
12336	INF
12337	INF
12338	INF
12339	INF
12340	INF
12341	INF
12342	INF
12343	INF
12344	INF
12345	INF
12346	INF
12347	INF
12348	INF
12349	INF
12350	INF
12351	INF
12352	INF
12353	INF
12354	INF
12355	INF
12356	INF
12357	INF
12358	INF
12359	INF
12360	INF
12361	INF
12362	INF
12363	INF
12364	INF
12365	INF
12366	INF
12367	INF
12368	INF
12369	INF
12370	INF
12371	INF
12372	INF
12373	INF
12374	INF
12375	INF
12376	INF
12377	INF
12378	INF
12379	INF
12380	INF
12381	INF
12382	INF
12383	INF
12384	INF
12385	INF
12386	INF
12387	INF
12388	INF
12389	INF
12390	INF
12391	INF
12392	INF
12393	INF
12394	INF
12395	INF
12396	INF
12397	INF
12398	INF
12399	INF
12400	INF
12401	INF
12402	INF
12403	INF
12404	INF
12405	INF
12406	INF
12407	INF
12408	INF
12409	INF
12410	INF
12411	INF
12412	INF
12413	INF
12414	INF
12415	INF
12416	INF
12417	INF
12418	INF
12419	INF
12420	INF
12421	INF
12422	INF
12423	INF
12424	INF
12425	INF
12426	INF
12427	INF
12428	INF
12429	INF
12430	INF
12431	INF
12432	INF
12433	INF
12434	INF
12435	INF
12436	INF
12437	INF
12438	INF
12439	INF
12440	INF
12441	INF
12442	INF
12443	INF
12444	INF
12445	INF
12446	INF
12447	INF
12448	INF
12449	INF
12450	INF
12451	INF
12452	INF
12453	INF
12454	INF
12455	INF
12456	INF
12457	INF
12458	INF
12459	INF
12460	INF
12461	INF
12462	INF
12463	INF
12464	INF
12465	INF
12466	INF
12467	INF
12468	INF
12469	INF
12470	INF
12471	INF
12472	INF
12473	INF
12474	INF
12475	INF
12476	INF
12477	INF
12478	INF
12479	INF
12480	INF
12481	INF
12482	INF
12483	INF
12484	INF
12485	INF
12486	INF
12487	INF
12488	INF
12489	INF
12490	INF
12491	INF
12492	INF
12493	INF
12494	INF
12495	INF
12496	INF
12497	INF
12498	INF
12499	INF
12500	INF
12501	INF
12502	INF
12503	INF
12504	INF
12505	INF
12506	INF
12507	INF
12508	INF
12509	INF
12510	INF
12511	INF
12512	INF
12513	INF
12514	INF
12515	INF
12516	INF
12517	INF
12518	INF
12519	INF
12520	INF
12521	INF
12522	INF
12523	INF
12524	INF
12525	INF
12526	INF
12527	INF
12528	INF
12529	INF
12530	INF
12531	INF
12532	INF
12533	INF
12534	INF
12535	INF
12536	INF
12537	INF
12538	INF
12539	INF
12540	INF
12541	INF
12542	INF
12543	INF
12544	INF
12545	INF
12546	INF
12547	INF
12548	INF
12549	INF
12550	INF
12551	INF
12552	INF
12553	INF
12554	INF
12555	INF
12556	INF
12557	INF
12558	INF
12559	INF
12560	INF
12561	INF
12562	INF
12563	INF
12564	INF
12565	INF
12566	INF
12567	INF
12568	INF
12569	INF
12570	INF
12571	INF
12572	INF
12573	INF
12574	INF
12575	INF
12576	INF
12577	INF
12578	INF
12579	INF
12580	INF
12581	INF
12582	INF
12583	INF
12584	INF
12585	INF
12586	INF
12587	INF
12588	INF
12589	INF
12590	INF
12591	INF
12592	INF
12593	INF
12594	INF
12595	INF
12596	INF
12597	INF
12598	INF
12599	INF
12600	INF
12601	INF
12602	INF
12603	INF
12604	INF
12605	INF
12606	INF
12607	INF
12608	INF
12609	INF
12610	INF
12611	INF
12612	INF
12613	INF
12614	INF
12615	INF
12616	INF
12617	INF
12618	INF
12619	INF
12620	INF
12621	INF
12622	INF
12623	INF
12624	INF
12625	INF
12626	INF
12627	INF
12628	INF
12629	INF
12630	INF
12631	INF
12632	INF
12633	INF
12634	INF
12635	INF
12636	INF
12637	INF
12638	INF
12639	INF
12640	INF
12641	INF
12642	INF
12643	INF
12644	INF
12645	INF
12646	INF
12647	INF
12648	INF
12649	INF
12650	INF
12651	INF
12652	INF
12653	INF
12654	INF
12655	INF
12656	INF
12657	INF
12658	INF
12659	INF
12660	INF
12661	INF
12662	INF
12663	INF
12664	INF
12665	INF
12666	INF
12667	INF
12668	INF
12669	INF
12670	INF
12671	INF
12672	INF
12673	INF
12674	INF
12675	INF
12676	INF
12677	INF
12678	INF
12679	INF
12680	INF
12681	INF
12682	INF
12683	INF
12684	INF
12685	INF
12686	INF
12687	INF
12688	INF
12689	INF
12690	INF
12691	INF
12692	INF
12693	INF
12694	INF
12695	INF
12696	INF
12697	INF
12698	INF
12699	INF
12700	INF
12701	INF
12702	INF
12703	INF
12704	INF
12705	INF
12706	INF
12707	INF
12708	INF
12709	INF
12710	INF
12711	INF
12712	INF
12713	INF
12714	INF
12715	INF
12716	INF
12717	INF
12718	INF
12719	INF
12720	INF
12721	INF
12722	INF
12723	INF
12724	INF
12725	INF
12726	INF
12727	INF
12728	INF
12729	INF
12730	INF
12731	INF
12732	INF
12733	INF
12734	INF
12735	INF
12736	INF
12737	INF
12738	INF
12739	INF
12740	INF
12741	INF
12742	INF
12743	INF
12744	INF
12745	INF
12746	INF
12747	INF
12748	INF
12749	INF
12750	INF
12751	INF
12752	INF
12753	INF
12754	INF
12755	INF
12756	INF
12757	INF
12758	INF
12759	INF
12760	INF
12761	INF
12762	INF
12763	INF
12764	INF
12765	INF
12766	INF
12767	INF
12768	INF
12769	INF
12770	INF
12771	INF
12772	INF
12773	INF
12774	INF
12775	INF
12776	INF
12777	INF
12778	INF
12779	INF
12780	INF
12781	INF
12782	INF
12783	INF
12784	INF
12785	INF
12786	INF
12787	INF
12788	INF
12789	INF
12790	INF
12791	INF
12792	INF
12793	INF
12794	INF
12795	INF
12796	INF
12797	INF
12798	INF
12799	INF
12800	INF
12801	INF
12802	INF
12803	INF
12804	INF
12805	INF
12806	INF
12807	INF
12808	INF
12809	INF
12810	INF
12811	INF
12812	INF
12813	INF
12814	INF
12815	INF
12816	INF
12817	INF
12818	INF
12819	INF
12820	INF
12821	INF
12822	INF
12823	INF
12824	INF
12825	INF
12826	INF
12827	INF
12828	INF
12829	INF
12830	INF
12831	INF
12832	INF
12833	INF
12834	INF
12835	INF
12836	INF
12837	INF
12838	INF
12839	INF
12840	INF
12841	INF
12842	INF
12843	INF
12844	INF
12845	INF
12846	INF
12847	INF
12848	INF
12849	INF
12850	INF
12851	INF
12852	INF
12853	INF
12854	INF
12855	INF
12856	INF
12857	INF
12858	INF
12859	INF
12860	INF
12861	INF
12862	INF
12863	INF
12864	INF
12865	INF
12866	INF
12867	INF
12868	INF
12869	INF
12870	INF
12871	INF
12872	INF
12873	INF
12874	INF
12875	INF
12876	INF
12877	INF
12878	INF
12879	INF
12880	INF
12881	INF
12882	INF
12883	INF
12884	INF
12885	INF
12886	INF
12887	INF
12888	INF
12889	INF
12890	INF
12891	INF
12892	INF
12893	INF
12894	INF
12895	INF
12896	INF
12897	INF
12898	INF
12899	INF
12900	INF
12901	INF
12902	INF
12903	INF
12904	INF
12905	INF
12906	INF
12907	INF
12908	INF
12909	INF
12910	INF
12911	INF
12912	INF
12913	INF
12914	INF
12915	INF
12916	INF
12917	INF
12918	INF
12919	INF
12920	INF
12921	INF
12922	INF
12923	INF
12924	INF
12925	INF
12926	INF
12927	INF
12928	INF
12929	INF
12930	INF
12931	INF
12932	INF
12933	INF
12934	INF
12935	INF
12936	INF
12937	INF
12938	INF
12939	INF
12940	INF
12941	INF
12942	INF
12943	INF
12944	INF
12945	INF
12946	INF
12947	INF
12948	INF
12949	INF
12950	INF
12951	INF
12952	INF
12953	INF
12954	INF
12955	INF
12956	INF
12957	INF
12958	INF
12959	INF
12960	INF
12961	INF
12962	INF
12963	INF
12964	INF
12965	INF
12966	INF
12967	INF
12968	INF
12969	INF
12970	INF
12971	INF
12972	INF
12973	INF
12974	INF
12975	INF
12976	INF
12977	INF
12978	INF
12979	INF
12980	INF
12981	INF
12982	INF
12983	INF
12984	INF
12985	INF
12986	INF
12987	INF
12988	INF
12989	INF
12990	INF
12991	INF
12992	INF
12993	INF
12994	INF
12995	INF
12996	INF
12997	INF
12998	INF
12999	INF
13000	INF
13001	INF
13002	INF
13003	INF
13004	INF
13005	INF
13006	INF
13007	INF
13008	INF
13009	INF
13010	INF
13011	INF
13012	INF
13013	INF
13014	INF
13015	INF
13016	INF
13017	INF
13018	INF
13019	INF
13020	INF
13021	INF
13022	INF
13023	INF
13024	INF
13025	INF
13026	INF
13027	INF
13028	INF
13029	INF
13030	INF
13031	INF
13032	INF
13033	INF
13034	INF
13035	INF
13036	INF
13037	INF
13038	INF
13039	INF
13040	INF
13041	INF
13042	INF
13043	INF
13044	INF
13045	INF
13046	INF
13047	INF
13048	INF
13049	INF
13050	INF
13051	INF
13052	INF
13053	INF
13054	INF
13055	INF
13056	INF
13057	INF
13058	INF
13059	INF
13060	INF
13061	INF
13062	INF
13063	INF
13064	INF
13065	INF
13066	INF
13067	INF
13068	INF
13069	INF
13070	INF
13071	INF
13072	INF
13073	INF
13074	INF
13075	INF
13076	INF
13077	INF
13078	INF
13079	INF
13080	INF
13081	INF
13082	INF
13083	INF
13084	INF
13085	INF
13086	INF
13087	INF
13088	INF
13089	INF
13090	INF
13091	INF
13092	INF
13093	INF
13094	INF
13095	INF
13096	INF
13097	INF
13098	INF
13099	INF
13100	INF
13101	INF
13102	INF
13103	INF
13104	INF
13105	INF
13106	INF
13107	INF
13108	INF
13109	INF
13110	INF
13111	INF
13112	INF
13113	INF
13114	INF
13115	INF
13116	INF
13117	INF
13118	INF
13119	INF
13120	INF
13121	INF
13122	INF
13123	INF
13124	INF
13125	INF
13126	INF
13127	INF
13128	INF
13129	INF
13130	INF
13131	INF
13132	INF
13133	INF
13134	INF
13135	INF
13136	INF
13137	INF
13138	INF
13139	INF
13140	INF
13141	INF
13142	INF
13143	INF
13144	INF
13145	INF
13146	INF
13147	INF
13148	INF
13149	INF
13150	INF
13151	INF
13152	INF
13153	INF
13154	INF
13155	INF
13156	INF
13157	INF
13158	INF
13159	INF
13160	INF
13161	INF
13162	INF
13163	INF
13164	INF
13165	INF
13166	INF
13167	INF
13168	INF
13169	INF
13170	INF
13171	INF
13172	INF
13173	INF
13174	INF
13175	INF
13176	INF
13177	INF
13178	INF
13179	INF
13180	INF
13181	INF
13182	INF
13183	INF
13184	INF
13185	INF
13186	INF
13187	INF
13188	INF
13189	INF
13190	INF
13191	INF
13192	INF
13193	INF
13194	INF
13195	INF
13196	INF
13197	INF
13198	INF
13199	INF
13200	INF
13201	INF
13202	INF
13203	INF
13204	INF
13205	INF
13206	INF
13207	INF
13208	INF
13209	INF
13210	INF
13211	INF
13212	INF
13213	INF
13214	INF
13215	INF
13216	INF
13217	INF
13218	INF
13219	INF
13220	INF
13221	INF
13222	INF
13223	INF
13224	INF
13225	INF
13226	INF
13227	INF
13228	INF
13229	INF
13230	INF
13231	INF
13232	INF
13233	INF
13234	INF
13235	INF
13236	INF
13237	INF
13238	INF
13239	INF
13240	INF
13241	INF
13242	INF
13243	INF
13244	INF
13245	INF
13246	INF
13247	INF
13248	INF
13249	INF
13250	INF
13251	INF
13252	INF
13253	INF
13254	INF
13255	INF
13256	INF
13257	INF
13258	INF
13259	INF
13260	INF
13261	INF
13262	INF
13263	INF
13264	INF
13265	INF
13266	INF
13267	INF
13268	INF
13269	INF
13270	INF
13271	INF
13272	INF
13273	INF
13274	INF
13275	INF
13276	INF
13277	INF
13278	INF
13279	INF
13280	INF
13281	INF
13282	INF
13283	INF
13284	INF
13285	INF
13286	INF
13287	INF
13288	INF
13289	INF
13290	INF
13291	INF
13292	INF
13293	INF
13294	INF
13295	INF
13296	INF
13297	INF
13298	INF
13299	INF
13300	INF
13301	INF
13302	INF
13303	INF
13304	INF
13305	INF
13306	INF
13307	INF
13308	INF
13309	INF
13310	INF
13311	INF
13312	INF
13313	INF
13314	INF
13315	INF
13316	INF
13317	INF
13318	INF
13319	INF
13320	INF
13321	INF
13322	INF
13323	INF
13324	INF
13325	INF
13326	INF
13327	INF
13328	INF
13329	INF
13330	INF
13331	INF
13332	INF
13333	INF
13334	INF
13335	INF
13336	INF
13337	INF
13338	INF
13339	INF
13340	INF
13341	INF
13342	INF
13343	INF
13344	INF
13345	INF
13346	INF
13347	INF
13348	INF
13349	INF
13350	INF
13351	INF
13352	INF
13353	INF
13354	INF
13355	INF
13356	INF
13357	INF
13358	INF
13359	INF
13360	INF
13361	INF
13362	INF
13363	INF
13364	INF
13365	INF
13366	INF
13367	INF
13368	INF
13369	INF
13370	INF
13371	INF
13372	INF
13373	INF
13374	INF
13375	INF
13376	INF
13377	INF
13378	INF
13379	INF
13380	INF
13381	INF
13382	INF
13383	INF
13384	INF
13385	INF
13386	INF
13387	INF
13388	INF
13389	INF
13390	INF
13391	INF
13392	INF
13393	INF
13394	INF
13395	INF
13396	INF
13397	INF
13398	INF
13399	INF
13400	INF
13401	INF
13402	INF
13403	INF
13404	INF
13405	INF
13406	INF
13407	INF
13408	INF
13409	INF
13410	INF
13411	INF
13412	INF
13413	INF
13414	INF
13415	INF
13416	INF
13417	INF
13418	INF
13419	INF
13420	INF
13421	INF
13422	INF
13423	INF
13424	INF
13425	INF
13426	INF
13427	INF
13428	INF
13429	INF
13430	INF
13431	INF
13432	INF
13433	INF
13434	INF
13435	INF
13436	INF
13437	INF
13438	INF
13439	INF
13440	INF
13441	INF
13442	INF
13443	INF
13444	INF
13445	INF
13446	INF
13447	INF
13448	INF
13449	INF
13450	INF
13451	INF
13452	INF
13453	INF
13454	INF
13455	INF
13456	INF
13457	INF
13458	INF
13459	INF
13460	INF
13461	INF
13462	INF
13463	INF
13464	INF
13465	INF
13466	INF
13467	INF
13468	INF
13469	INF
13470	INF
13471	INF
13472	INF
13473	INF
13474	INF
13475	INF
13476	INF
13477	INF
13478	INF
13479	INF
13480	INF
13481	INF
13482	INF
13483	INF
13484	INF
13485	INF
13486	INF
13487	INF
13488	INF
13489	INF
13490	INF
13491	INF
13492	INF
13493	INF
13494	INF
13495	INF
13496	INF
13497	INF
13498	INF
13499	INF
13500	INF
13501	INF
13502	INF
13503	INF
13504	INF
13505	INF
13506	INF
13507	INF
13508	INF
13509	INF
13510	INF
13511	INF
13512	INF
13513	INF
13514	INF
13515	INF
13516	INF
13517	INF
13518	INF
13519	INF
13520	INF
13521	INF
13522	INF
13523	INF
13524	INF
13525	INF
13526	INF
13527	INF
13528	INF
13529	INF
13530	INF
13531	INF
13532	INF
13533	INF
13534	INF
13535	INF
13536	INF
13537	INF
13538	INF
13539	INF
13540	INF
13541	INF
13542	INF
13543	INF
13544	INF
13545	INF
13546	INF
13547	INF
13548	INF
13549	INF
13550	INF
13551	INF
13552	INF
13553	INF
13554	INF
13555	INF
13556	INF
13557	INF
13558	INF
13559	INF
13560	INF
13561	INF
13562	INF
13563	INF
13564	INF
13565	INF
13566	INF
13567	INF
13568	INF
13569	INF
13570	INF
13571	INF
13572	INF
13573	INF
13574	INF
13575	INF
13576	INF
13577	INF
13578	INF
13579	INF
13580	INF
13581	INF
13582	INF
13583	INF
13584	INF
13585	INF
13586	INF
13587	INF
13588	INF
13589	INF
13590	INF
13591	INF
13592	INF
13593	INF
13594	INF
13595	INF
13596	INF
13597	INF
13598	INF
13599	INF
13600	INF
13601	INF
13602	INF
13603	INF
13604	INF
13605	INF
13606	INF
13607	INF
13608	INF
13609	INF
13610	INF
13611	INF
13612	INF
13613	INF
13614	INF
13615	INF
13616	INF
13617	INF
13618	INF
13619	INF
13620	INF
13621	INF
13622	INF
13623	INF
13624	INF
13625	INF
13626	INF
13627	INF
13628	INF
13629	INF
13630	INF
13631	INF
13632	INF
13633	INF
13634	INF
13635	INF
13636	INF
13637	INF
13638	INF
13639	INF
13640	INF
13641	INF
13642	INF
13643	INF
13644	INF
13645	INF
13646	INF
13647	INF
13648	INF
13649	INF
13650	INF
13651	INF
13652	INF
13653	INF
13654	INF
13655	INF
13656	INF
13657	INF
13658	INF
13659	INF
13660	INF
13661	INF
13662	INF
13663	INF
13664	INF
13665	INF
13666	INF
13667	INF
13668	INF
13669	INF
13670	INF
13671	INF
13672	INF
13673	INF
13674	INF
13675	INF
13676	INF
13677	INF
13678	INF
13679	INF
13680	INF
13681	INF
13682	INF
13683	INF
13684	INF
13685	INF
13686	INF
13687	INF
13688	INF
13689	INF
13690	INF
13691	INF
13692	INF
13693	INF
13694	INF
13695	INF
13696	INF
13697	INF
13698	INF
13699	INF
13700	INF
13701	INF
13702	INF
13703	INF
13704	INF
13705	INF
13706	INF
13707	INF
13708	INF
13709	INF
13710	INF
13711	INF
13712	INF
13713	INF
13714	INF
13715	INF
13716	INF
13717	INF
13718	INF
13719	INF
13720	INF
13721	INF
13722	INF
13723	INF
13724	INF
13725	INF
13726	INF
13727	INF
13728	INF
13729	INF
13730	INF
13731	INF
13732	INF
13733	INF
13734	INF
13735	INF
13736	INF
13737	INF
13738	INF
13739	INF
13740	INF
13741	INF
13742	INF
13743	INF
13744	INF
13745	INF
13746	INF
13747	INF
13748	INF
13749	INF
13750	INF
13751	INF
13752	INF
13753	INF
13754	INF
13755	INF
13756	INF
13757	INF
13758	INF
13759	INF
13760	INF
13761	INF
13762	INF
13763	INF
13764	INF
13765	INF
13766	INF
13767	INF
13768	INF
13769	INF
13770	INF
13771	INF
13772	INF
13773	INF
13774	INF
13775	INF
13776	INF
13777	INF
13778	INF
13779	INF
13780	INF
13781	INF
13782	INF
13783	INF
13784	INF
13785	INF
13786	INF
13787	INF
13788	INF
13789	INF
13790	INF
13791	INF
13792	INF
13793	INF
13794	INF
13795	INF
13796	INF
13797	INF
13798	INF
13799	INF
13800	INF
13801	INF
13802	INF
13803	INF
13804	INF
13805	INF
13806	INF
13807	INF
13808	INF
13809	INF
13810	INF
13811	INF
13812	INF
13813	INF
13814	INF
13815	INF
13816	INF
13817	INF
13818	INF
13819	INF
13820	INF
13821	INF
13822	INF
13823	INF
13824	INF
13825	INF
13826	INF
13827	INF
13828	INF
13829	INF
13830	INF
13831	INF
13832	INF
13833	INF
13834	INF
13835	INF
13836	INF
13837	INF
13838	INF
13839	INF
13840	INF
13841	INF
13842	INF
13843	INF
13844	INF
13845	INF
13846	INF
13847	INF
13848	INF
13849	INF
13850	INF
13851	INF
13852	INF
13853	INF
13854	INF
13855	INF
13856	INF
13857	INF
13858	INF
13859	INF
13860	INF
13861	INF
13862	INF
13863	INF
13864	INF
13865	INF
13866	INF
13867	INF
13868	INF
13869	INF
13870	INF
13871	INF
13872	INF
13873	INF
13874	INF
13875	INF
13876	INF
13877	INF
13878	INF
13879	INF
13880	INF
13881	INF
13882	INF
13883	INF
13884	INF
13885	INF
13886	INF
13887	INF
13888	INF
13889	INF
13890	INF
13891	INF
13892	INF
13893	INF
13894	INF
13895	INF
13896	INF
13897	INF
13898	INF
13899	INF
13900	INF
13901	INF
13902	INF
13903	INF
13904	INF
13905	INF
13906	INF
13907	INF
13908	INF
13909	INF
13910	INF
13911	INF
13912	INF
13913	INF
13914	INF
13915	INF
13916	INF
13917	INF
13918	INF
13919	INF
13920	INF
13921	INF
13922	INF
13923	INF
13924	INF
13925	INF
13926	INF
13927	INF
13928	INF
13929	INF
13930	INF
13931	INF
13932	INF
13933	INF
13934	INF
13935	INF
13936	INF
13937	INF
13938	INF
13939	INF
13940	INF
13941	INF
13942	INF
13943	INF
13944	INF
13945	INF
13946	INF
13947	INF
13948	INF
13949	INF
13950	INF
13951	INF
13952	INF
13953	INF
13954	INF
13955	INF
13956	INF
13957	INF
13958	INF
13959	INF
13960	INF
13961	INF
13962	INF
13963	INF
13964	INF
13965	INF
13966	INF
13967	INF
13968	INF
13969	INF
13970	INF
13971	INF
13972	INF
13973	INF
13974	INF
13975	INF
13976	INF
13977	INF
13978	INF
13979	INF
13980	INF
13981	INF
13982	INF
13983	INF
13984	INF
13985	INF
13986	INF
13987	INF
13988	INF
13989	INF
13990	INF
13991	INF
13992	INF
13993	INF
13994	INF
13995	INF
13996	INF
13997	INF
13998	INF
13999	INF
14000	INF
14001	INF
14002	INF
14003	INF
14004	INF
14005	INF
14006	INF
14007	INF
14008	INF
14009	INF
14010	INF
14011	INF
14012	INF
14013	INF
14014	INF
14015	INF
14016	INF
14017	INF
14018	INF
14019	INF
14020	INF
14021	INF
14022	INF
14023	INF
14024	INF
14025	INF
14026	INF
14027	INF
14028	INF
14029	INF
14030	INF
14031	INF
14032	INF
14033	INF
14034	INF
14035	INF
14036	INF
14037	INF
14038	INF
14039	INF
14040	INF
14041	INF
14042	INF
14043	INF
14044	INF
14045	INF
14046	INF
14047	INF
14048	INF
14049	INF
14050	INF
14051	INF
14052	INF
14053	INF
14054	INF
14055	INF
14056	INF
14057	INF
14058	INF
14059	INF
14060	INF
14061	INF
14062	INF
14063	INF
14064	INF
14065	INF
14066	INF
14067	INF
14068	INF
14069	INF
14070	INF
14071	INF
14072	INF
14073	INF
14074	INF
14075	INF
14076	INF
14077	INF
14078	INF
14079	INF
14080	INF
14081	INF
14082	INF
14083	INF
14084	INF
14085	INF
14086	INF
14087	INF
14088	INF
14089	INF
14090	INF
14091	INF
14092	INF
14093	INF
14094	INF
14095	INF
14096	INF
14097	INF
14098	INF
14099	INF
14100	INF
14101	INF
14102	INF
14103	INF
14104	INF
14105	INF
14106	INF
14107	INF
14108	INF
14109	INF
14110	INF
14111	INF
14112	INF
14113	INF
14114	INF
14115	INF
14116	INF
14117	INF
14118	INF
14119	INF
14120	INF
14121	INF
14122	INF
14123	INF
14124	INF
14125	INF
14126	INF
14127	INF
14128	INF
14129	INF
14130	INF
14131	INF
14132	INF
14133	INF
14134	INF
14135	INF
14136	INF
14137	INF
14138	INF
14139	INF
14140	INF
14141	INF
14142	INF
14143	INF
14144	INF
14145	INF
14146	INF
14147	INF
14148	INF
14149	INF
14150	INF
14151	INF
14152	INF
14153	INF
14154	INF
14155	INF
14156	INF
14157	INF
14158	INF
14159	INF
14160	INF
14161	INF
14162	INF
14163	INF
14164	INF
14165	INF
14166	INF
14167	INF
14168	INF
14169	INF
14170	INF
14171	INF
14172	INF
14173	INF
14174	INF
14175	INF
14176	INF
14177	INF
14178	INF
14179	INF
14180	INF
14181	INF
14182	INF
14183	INF
14184	INF
14185	INF
14186	INF
14187	INF
14188	INF
14189	INF
14190	INF
14191	INF
14192	INF
14193	INF
14194	INF
14195	INF
14196	INF
14197	INF
14198	INF
14199	INF
14200	INF
14201	INF
14202	INF
14203	INF
14204	INF
14205	INF
14206	INF
14207	INF
14208	INF
14209	INF
14210	INF
14211	INF
14212	INF
14213	INF
14214	INF
14215	INF
14216	INF
14217	INF
14218	INF
14219	INF
14220	INF
14221	INF
14222	INF
14223	INF
14224	INF
14225	INF
14226	INF
14227	INF
14228	INF
14229	INF
14230	INF
14231	INF
14232	INF
14233	INF
14234	INF
14235	INF
14236	INF
14237	INF
14238	INF
14239	INF
14240	INF
14241	INF
14242	INF
14243	INF
14244	INF
14245	INF
14246	INF
14247	INF
14248	INF
14249	INF
14250	INF
14251	INF
14252	INF
14253	INF
14254	INF
14255	INF
14256	INF
14257	INF
14258	INF
14259	INF
14260	INF
14261	INF
14262	INF
14263	INF
14264	INF
14265	INF
14266	INF
14267	INF
14268	INF
14269	INF
14270	INF
14271	INF
14272	INF
14273	INF
14274	INF
14275	INF
14276	INF
14277	INF
14278	INF
14279	INF
14280	INF
14281	INF
14282	INF
14283	INF
14284	INF
14285	INF
14286	INF
14287	INF
14288	INF
14289	INF
14290	INF
14291	INF
14292	INF
14293	INF
14294	INF
14295	INF
14296	INF
14297	INF
14298	INF
14299	INF
14300	INF
14301	INF
14302	INF
14303	INF
14304	INF
14305	INF
14306	INF
14307	INF
14308	INF
14309	INF
14310	INF
14311	INF
14312	INF
14313	INF
14314	INF
14315	INF
14316	INF
14317	INF
14318	INF
14319	INF
14320	INF
14321	INF
14322	INF
14323	INF
14324	INF
14325	INF
14326	INF
14327	INF
14328	INF
14329	INF
14330	INF
14331	INF
14332	INF
14333	INF
14334	INF
14335	INF
14336	INF
14337	INF
14338	INF
14339	INF
14340	INF
14341	INF
14342	INF
14343	INF
14344	INF
14345	INF
14346	INF
14347	INF
14348	INF
14349	INF
14350	INF
14351	INF
14352	INF
14353	INF
14354	INF
14355	INF
14356	INF
14357	INF
14358	INF
14359	INF
14360	INF
14361	INF
14362	INF
14363	INF
14364	INF
14365	INF
14366	INF
14367	INF
14368	INF
14369	INF
14370	INF
14371	INF
14372	INF
14373	INF
14374	INF
14375	INF
14376	INF
14377	INF
14378	INF
14379	INF
14380	INF
14381	INF
14382	INF
14383	INF
14384	INF
14385	INF
14386	INF
14387	INF
14388	INF
14389	INF
14390	INF
14391	INF
14392	INF
14393	INF
14394	INF
14395	INF
14396	INF
14397	INF
14398	INF
14399	INF
14400	INF
14401	INF
14402	INF
14403	INF
14404	INF
14405	INF
14406	INF
14407	INF
14408	INF
14409	INF
14410	INF
14411	INF
14412	INF
14413	INF
14414	INF
14415	INF
14416	INF
14417	INF
14418	INF
14419	INF
14420	INF
14421	INF
14422	INF
14423	INF
14424	INF
14425	INF
14426	INF
14427	INF
14428	INF
14429	INF
14430	INF
14431	INF
14432	INF
14433	INF
14434	INF
14435	INF
14436	INF
14437	INF
14438	INF
14439	INF
14440	INF
14441	INF
14442	INF
14443	INF
14444	INF
14445	INF
14446	INF
14447	INF
14448	INF
14449	INF
14450	INF
14451	INF
14452	INF
14453	INF
14454	INF
14455	INF
14456	INF
14457	INF
14458	INF
14459	INF
14460	INF
14461	INF
14462	INF
14463	INF
14464	INF
14465	INF
14466	INF
14467	INF
14468	INF
14469	INF
14470	INF
14471	INF
14472	INF
14473	INF
14474	INF
14475	INF
14476	INF
14477	INF
14478	INF
14479	INF
14480	INF
14481	INF
14482	INF
14483	INF
14484	INF
14485	INF
14486	INF
14487	INF
14488	INF
14489	INF
14490	INF
14491	INF
14492	INF
14493	INF
14494	INF
14495	INF
14496	INF
14497	INF
14498	INF
14499	INF
14500	INF
14501	INF
14502	INF
14503	INF
14504	INF
14505	INF
14506	INF
14507	INF
14508	INF
14509	INF
14510	INF
14511	INF
14512	INF
14513	INF
14514	INF
14515	INF
14516	INF
14517	INF
14518	INF
14519	INF
14520	INF
14521	INF
14522	INF
14523	INF
14524	INF
14525	INF
14526	INF
14527	INF
14528	INF
14529	INF
14530	INF
14531	INF
14532	INF
14533	INF
14534	INF
14535	INF
14536	INF
14537	INF
14538	INF
14539	INF
14540	INF
14541	INF
14542	INF
14543	INF
14544	INF
14545	INF
14546	INF
14547	INF
14548	INF
14549	INF
14550	INF
14551	INF
14552	INF
14553	INF
14554	INF
14555	INF
14556	INF
14557	INF
14558	INF
14559	INF
14560	INF
14561	INF
14562	INF
14563	INF
14564	INF
14565	INF
14566	INF
14567	INF
14568	INF
14569	INF
14570	INF
14571	INF
14572	INF
14573	INF
14574	INF
14575	INF
14576	INF
14577	INF
14578	INF
14579	INF
14580	INF
14581	INF
14582	INF
14583	INF
14584	INF
14585	INF
14586	INF
14587	INF
14588	INF
14589	INF
14590	INF
14591	INF
14592	INF
14593	INF
14594	INF
14595	INF
14596	INF
14597	INF
14598	INF
14599	INF
14600	INF
14601	INF
14602	INF
14603	INF
14604	INF
14605	INF
14606	INF
14607	INF
14608	INF
14609	INF
14610	INF
14611	INF
14612	INF
14613	INF
14614	INF
14615	INF
14616	INF
14617	INF
14618	INF
14619	INF
14620	INF
14621	INF
14622	INF
14623	INF
14624	INF
14625	INF
14626	INF
14627	INF
14628	INF
14629	INF
14630	INF
14631	INF
14632	INF
14633	INF
14634	INF
14635	INF
14636	INF
14637	INF
14638	INF
14639	INF
14640	INF
14641	INF
14642	INF
14643	INF
14644	INF
14645	INF
14646	INF
14647	INF
14648	INF
14649	INF
14650	INF
14651	INF
14652	INF
14653	INF
14654	INF
14655	INF
14656	INF
14657	INF
14658	INF
14659	INF
14660	INF
14661	INF
14662	INF
14663	INF
14664	INF
14665	INF
14666	INF
14667	INF
14668	INF
14669	INF
14670	INF
14671	INF
14672	INF
14673	INF
14674	INF
14675	INF
14676	INF
14677	INF
14678	INF
14679	INF
14680	INF
14681	INF
14682	INF
14683	INF
14684	INF
14685	INF
14686	INF
14687	INF
14688	INF
14689	INF
14690	INF
14691	INF
14692	INF
14693	INF
14694	INF
14695	INF
14696	INF
14697	INF
14698	INF
14699	INF
14700	INF
14701	INF
14702	INF
14703	INF
14704	INF
14705	INF
14706	INF
14707	INF
14708	INF
14709	INF
14710	INF
14711	INF
14712	INF
14713	INF
14714	INF
14715	INF
14716	INF
14717	INF
14718	INF
14719	INF
14720	INF
14721	INF
14722	INF
14723	INF
14724	INF
14725	INF
14726	INF
14727	INF
14728	INF
14729	INF
14730	INF
14731	INF
14732	INF
14733	INF
14734	INF
14735	INF
14736	INF
14737	INF
14738	INF
14739	INF
14740	INF
14741	INF
14742	INF
14743	INF
14744	INF
14745	INF
14746	INF
14747	INF
14748	INF
14749	INF
14750	INF
14751	INF
14752	INF
14753	INF
14754	INF
14755	INF
14756	INF
14757	INF
14758	INF
14759	INF
14760	INF
14761	INF
14762	INF
14763	INF
14764	INF
14765	INF
14766	INF
14767	INF
14768	INF
14769	INF
14770	INF
14771	INF
14772	INF
14773	INF
14774	INF
14775	INF
14776	INF
14777	INF
14778	INF
14779	INF
14780	INF
14781	INF
14782	INF
14783	INF
14784	INF
14785	INF
14786	INF
14787	INF
14788	INF
14789	INF
14790	INF
14791	INF
14792	INF
14793	INF
14794	INF
14795	INF
14796	INF
14797	INF
14798	INF
14799	INF
14800	INF
14801	INF
14802	INF
14803	INF
14804	INF
14805	INF
14806	INF
14807	INF
14808	INF
14809	INF
14810	INF
14811	INF
14812	INF
14813	INF
14814	INF
14815	INF
14816	INF
14817	INF
14818	INF
14819	INF
14820	INF
14821	INF
14822	INF
14823	INF
14824	INF
14825	INF
14826	INF
14827	INF
14828	INF
14829	INF
14830	INF
14831	INF
14832	INF
14833	INF
14834	INF
14835	INF
14836	INF
14837	INF
14838	INF
14839	INF
14840	INF
14841	INF
14842	INF
14843	INF
14844	INF
14845	INF
14846	INF
14847	INF
14848	INF
14849	INF
14850	INF
14851	INF
14852	INF
14853	INF
14854	INF
14855	INF
14856	INF
14857	INF
14858	INF
14859	INF
14860	INF
14861	INF
14862	INF
14863	INF
14864	INF
14865	INF
14866	INF
14867	INF
14868	INF
14869	INF
14870	INF
14871	INF
14872	INF
14873	INF
14874	INF
14875	INF
14876	INF
14877	INF
14878	INF
14879	INF
14880	INF
14881	INF
14882	INF
14883	INF
14884	INF
14885	INF
14886	INF
14887	INF
14888	INF
14889	INF
14890	INF
14891	INF
14892	INF
14893	INF
14894	INF
14895	INF
14896	INF
14897	INF
14898	INF
14899	INF
14900	INF
14901	INF
14902	INF
14903	INF
14904	INF
14905	INF
14906	INF
14907	INF
14908	INF
14909	INF
14910	INF
14911	INF
14912	INF
14913	INF
14914	INF
14915	INF
14916	INF
14917	INF
14918	INF
14919	INF
14920	INF
14921	INF
14922	INF
14923	INF
14924	INF
14925	INF
14926	INF
14927	INF
14928	INF
14929	INF
14930	INF
14931	INF
14932	INF
14933	INF
14934	INF
14935	INF
14936	INF
14937	INF
14938	INF
14939	INF
14940	INF
14941	INF
14942	INF
14943	INF
14944	INF
14945	INF
14946	INF
14947	INF
14948	INF
14949	INF
14950	INF
14951	INF
14952	INF
14953	INF
14954	INF
14955	INF
14956	INF
14957	INF
14958	INF
14959	INF
14960	INF
14961	INF
14962	INF
14963	INF
14964	INF
14965	INF
14966	INF
14967	INF
14968	INF
14969	INF
14970	INF
14971	INF
14972	INF
14973	INF
14974	INF
14975	INF
14976	INF
14977	INF
14978	INF
14979	INF
14980	INF
14981	INF
14982	INF
14983	INF
14984	INF
14985	INF
14986	INF
14987	INF
14988	INF
14989	INF
14990	INF
14991	INF
14992	INF
14993	INF
14994	INF
14995	INF
14996	INF
14997	INF
14998	INF
14999	INF
15000	INF
15001	INF
15002	INF
15003	INF
15004	INF
15005	INF
15006	INF
15007	INF
15008	INF
15009	INF
15010	INF
15011	INF
15012	INF
15013	INF
15014	INF
15015	INF
15016	INF
15017	INF
15018	INF
15019	INF
15020	INF
15021	INF
15022	INF
15023	INF
15024	INF
15025	INF
15026	INF
15027	INF
15028	INF
15029	INF
15030	INF
15031	INF
15032	INF
15033	INF
15034	INF
15035	INF
15036	INF
15037	INF
15038	INF
15039	INF
15040	INF
15041	INF
15042	INF
15043	INF
15044	INF
15045	INF
15046	INF
15047	INF
15048	INF
15049	INF
15050	INF
15051	INF
15052	INF
15053	INF
15054	INF
15055	INF
15056	INF
15057	INF
15058	INF
15059	INF
15060	INF
15061	INF
15062	INF
15063	INF
15064	INF
15065	INF
15066	INF
15067	INF
15068	INF
15069	INF
15070	INF
15071	INF
15072	INF
15073	INF
15074	INF
15075	INF
15076	INF
15077	INF
15078	INF
15079	INF
15080	INF
15081	INF
15082	INF
15083	INF
15084	INF
15085	INF
15086	INF
15087	INF
15088	INF
15089	INF
15090	INF
15091	INF
15092	INF
15093	INF
15094	INF
15095	INF
15096	INF
15097	INF
15098	INF
15099	INF
15100	INF
15101	INF
15102	INF
15103	INF
15104	INF
15105	INF
15106	INF
15107	INF
15108	INF
15109	INF
15110	INF
15111	INF
15112	INF
15113	INF
15114	INF
15115	INF
15116	INF
15117	INF
15118	INF
15119	INF
15120	INF
15121	INF
15122	INF
15123	INF
15124	INF
15125	INF
15126	INF
15127	INF
15128	INF
15129	INF
15130	INF
15131	INF
15132	INF
15133	INF
15134	INF
15135	INF
15136	INF
15137	INF
15138	INF
15139	INF
15140	INF
15141	INF
15142	INF
15143	INF
15144	INF
15145	INF
15146	INF
15147	INF
15148	INF
15149	INF
15150	INF
15151	INF
15152	INF
15153	INF
15154	INF
15155	INF
15156	INF
15157	INF
15158	INF
15159	INF
15160	INF
15161	INF
15162	INF
15163	INF
15164	INF
15165	INF
15166	INF
15167	INF
15168	INF
15169	INF
15170	INF
15171	INF
15172	INF
15173	INF
15174	INF
15175	INF
15176	INF
15177	INF
15178	INF
15179	INF
15180	INF
15181	INF
15182	INF
15183	INF
15184	INF
15185	INF
15186	INF
15187	INF
15188	INF
15189	INF
15190	INF
15191	INF
15192	INF
15193	INF
15194	INF
15195	INF
15196	INF
15197	INF
15198	INF
15199	INF
15200	INF
15201	INF
15202	INF
15203	INF
15204	INF
15205	INF
15206	INF
15207	INF
15208	INF
15209	INF
15210	INF
15211	INF
15212	INF
15213	INF
15214	INF
15215	INF
15216	INF
15217	INF
15218	INF
15219	INF
15220	INF
15221	INF
15222	INF
15223	INF
15224	INF
15225	INF
15226	INF
15227	INF
15228	INF
15229	INF
15230	INF
15231	INF
15232	INF
15233	INF
15234	INF
15235	INF
15236	INF
15237	INF
15238	INF
15239	INF
15240	INF
15241	INF
15242	INF
15243	INF
15244	INF
15245	INF
15246	INF
15247	INF
15248	INF
15249	INF
15250	INF
15251	INF
15252	INF
15253	INF
15254	INF
15255	INF
15256	INF
15257	INF
15258	INF
15259	INF
15260	INF
15261	INF
15262	INF
15263	INF
15264	INF
15265	INF
15266	INF
15267	INF
15268	INF
15269	INF
15270	INF
15271	INF
15272	INF
15273	INF
15274	INF
15275	INF
15276	INF
15277	INF
15278	INF
15279	INF
15280	INF
15281	INF
15282	INF
15283	INF
15284	INF
15285	INF
15286	INF
15287	INF
15288	INF
15289	INF
15290	INF
15291	INF
15292	INF
15293	INF
15294	INF
15295	INF
15296	INF
15297	INF
15298	INF
15299	INF
15300	INF
15301	INF
15302	INF
15303	INF
15304	INF
15305	INF
15306	INF
15307	INF
15308	INF
15309	INF
15310	INF
15311	INF
15312	INF
15313	INF
15314	INF
15315	INF
15316	INF
15317	INF
15318	INF
15319	INF
15320	INF
15321	INF
15322	INF
15323	INF
15324	INF
15325	INF
15326	INF
15327	INF
15328	INF
15329	INF
15330	INF
15331	INF
15332	INF
15333	INF
15334	INF
15335	INF
15336	INF
15337	INF
15338	INF
15339	INF
15340	INF
15341	INF
15342	INF
15343	INF
15344	INF
15345	INF
15346	INF
15347	INF
15348	INF
15349	INF
15350	INF
15351	INF
15352	INF
15353	INF
15354	INF
15355	INF
15356	INF
15357	INF
15358	INF
15359	INF
15360	INF
15361	INF
15362	INF
15363	INF
15364	INF
15365	INF
15366	INF
15367	INF
15368	INF
15369	INF
15370	INF
15371	INF
15372	INF
15373	INF
15374	INF
15375	INF
15376	INF
15377	INF
15378	INF
15379	INF
15380	INF
15381	INF
15382	INF
15383	INF
15384	INF
15385	INF
15386	INF
15387	INF
15388	INF
15389	INF
15390	INF
15391	INF
15392	INF
15393	INF
15394	INF
15395	INF
15396	INF
15397	INF
15398	INF
15399	INF
15400	INF
15401	INF
15402	INF
15403	INF
15404	INF
15405	INF
15406	INF
15407	INF
15408	INF
15409	INF
15410	INF
15411	INF
15412	INF
15413	INF
15414	INF
15415	INF
15416	INF
15417	INF
15418	INF
15419	INF
15420	INF
15421	INF
15422	INF
15423	INF
15424	INF
15425	INF
15426	INF
15427	INF
15428	INF
15429	INF
15430	INF
15431	INF
15432	INF
15433	INF
15434	INF
15435	INF
15436	INF
15437	INF
15438	INF
15439	INF
15440	INF
15441	INF
15442	INF
15443	INF
15444	INF
15445	INF
15446	INF
15447	INF
15448	INF
15449	INF
15450	INF
15451	INF
15452	INF
15453	INF
15454	INF
15455	INF
15456	INF
15457	INF
15458	INF
15459	INF
15460	INF
15461	INF
15462	INF
15463	INF
15464	INF
15465	INF
15466	INF
15467	INF
15468	INF
15469	INF
15470	INF
15471	INF
15472	INF
15473	INF
15474	INF
15475	INF
15476	INF
15477	INF
15478	INF
15479	INF
15480	INF
15481	INF
15482	INF
15483	INF
15484	INF
15485	INF
15486	INF
15487	INF
15488	INF
15489	INF
15490	INF
15491	INF
15492	INF
15493	INF
15494	INF
15495	INF
15496	INF
15497	INF
15498	INF
15499	INF
15500	INF
15501	INF
15502	INF
15503	INF
15504	INF
15505	INF
15506	INF
15507	INF
15508	INF
15509	INF
15510	INF
15511	INF
15512	INF
15513	INF
15514	INF
15515	INF
15516	INF
15517	INF
15518	INF
15519	INF
15520	INF
15521	INF
15522	INF
15523	INF
15524	INF
15525	INF
15526	INF
15527	INF
15528	INF
15529	INF
15530	INF
15531	INF
15532	INF
15533	INF
15534	INF
15535	INF
15536	INF
15537	INF
15538	INF
15539	INF
15540	INF
15541	INF
15542	INF
15543	INF
15544	INF
15545	INF
15546	INF
15547	INF
15548	INF
15549	INF
15550	INF
15551	INF
15552	INF
15553	INF
15554	INF
15555	INF
15556	INF
15557	INF
15558	INF
15559	INF
15560	INF
15561	INF
15562	INF
15563	INF
15564	INF
15565	INF
15566	INF
15567	INF
15568	INF
15569	INF
15570	INF
15571	INF
15572	INF
15573	INF
15574	INF
15575	INF
15576	INF
15577	INF
15578	INF
15579	INF
15580	INF
15581	INF
15582	INF
15583	INF
15584	INF
15585	INF
15586	INF
15587	INF
15588	INF
15589	INF
15590	INF
15591	INF
15592	INF
15593	INF
15594	INF
15595	INF
15596	INF
15597	INF
15598	INF
15599	INF
15600	INF
15601	INF
15602	INF
15603	INF
15604	INF
15605	INF
15606	INF
15607	INF
15608	INF
15609	INF
15610	INF
15611	INF
15612	INF
15613	INF
15614	INF
15615	INF
15616	INF
15617	INF
15618	INF
15619	INF
15620	INF
15621	INF
15622	INF
15623	INF
15624	INF
15625	INF
15626	INF
15627	INF
15628	INF
15629	INF
15630	INF
15631	INF
15632	INF
15633	INF
15634	INF
15635	INF
15636	INF
15637	INF
15638	INF
15639	INF
15640	INF
15641	INF
15642	INF
15643	INF
15644	INF
15645	INF
15646	INF
15647	INF
15648	INF
15649	INF
15650	INF
15651	INF
15652	INF
15653	INF
15654	INF
15655	INF
15656	INF
15657	INF
15658	INF
15659	INF
15660	INF
15661	INF
15662	INF
15663	INF
15664	INF
15665	INF
15666	INF
15667	INF
15668	INF
15669	INF
15670	INF
15671	INF
15672	INF
15673	INF
15674	INF
15675	INF
15676	INF
15677	INF
15678	INF
15679	INF
15680	INF
15681	INF
15682	INF
15683	INF
15684	INF
15685	INF
15686	INF
15687	INF
15688	INF
15689	INF
15690	INF
15691	INF
15692	INF
15693	INF
15694	INF
15695	INF
15696	INF
15697	INF
15698	INF
15699	INF
15700	INF
15701	INF
15702	INF
15703	INF
15704	INF
15705	INF
15706	INF
15707	INF
15708	INF
15709	INF
15710	INF
15711	INF
15712	INF
15713	INF
15714	INF
15715	INF
15716	INF
15717	INF
15718	INF
15719	INF
15720	INF
15721	INF
15722	INF
15723	INF
15724	INF
15725	INF
15726	INF
15727	INF
15728	INF
15729	INF
15730	INF
15731	INF
15732	INF
15733	INF
15734	INF
15735	INF
15736	INF
15737	INF
15738	INF
15739	INF
15740	INF
15741	INF
15742	INF
15743	INF
15744	INF
15745	INF
15746	INF
15747	INF
15748	INF
15749	INF
15750	INF
15751	INF
15752	INF
15753	INF
15754	INF
15755	INF
15756	INF
15757	INF
15758	INF
15759	INF
15760	INF
15761	INF
15762	INF
15763	INF
15764	INF
15765	INF
15766	INF
15767	INF
15768	INF
15769	INF
15770	INF
15771	INF
15772	INF
15773	INF
15774	INF
15775	INF
15776	INF
15777	INF
15778	INF
15779	INF
15780	INF
15781	INF
15782	INF
15783	INF
15784	INF
15785	INF
15786	INF
15787	INF
15788	INF
15789	INF
15790	INF
15791	INF
15792	INF
15793	INF
15794	INF
15795	INF
15796	INF
15797	INF
15798	INF
15799	INF
15800	INF
15801	INF
15802	INF
15803	INF
15804	INF
15805	INF
15806	INF
15807	INF
15808	INF
15809	INF
15810	INF
15811	INF
15812	INF
15813	INF
15814	INF
15815	INF
15816	INF
15817	INF
15818	INF
15819	INF
15820	INF
15821	INF
15822	INF
15823	INF
15824	INF
15825	INF
15826	INF
15827	INF
15828	INF
15829	INF
15830	INF
15831	INF
15832	INF
15833	INF
15834	INF
15835	INF
15836	INF
15837	INF
15838	INF
15839	INF
15840	INF
15841	INF
15842	INF
15843	INF
15844	INF
15845	INF
15846	INF
15847	INF
15848	INF
15849	INF
15850	INF
15851	INF
15852	INF
15853	INF
15854	INF
15855	INF
15856	INF
15857	INF
15858	INF
15859	INF
15860	INF
15861	INF
15862	INF
15863	INF
15864	INF
15865	INF
15866	INF
15867	INF
15868	INF
15869	INF
15870	INF
15871	INF
15872	INF
15873	INF
15874	INF
15875	INF
15876	INF
15877	INF
15878	INF
15879	INF
15880	INF
15881	INF
15882	INF
15883	INF
15884	INF
15885	INF
15886	INF
15887	INF
15888	INF
15889	INF
15890	INF
15891	INF
15892	INF
15893	INF
15894	INF
15895	INF
15896	INF
15897	INF
15898	INF
15899	INF
15900	INF
15901	INF
15902	INF
15903	INF
15904	INF
15905	INF
15906	INF
15907	INF
15908	INF
15909	INF
15910	INF
15911	INF
15912	INF
15913	INF
15914	INF
15915	INF
15916	INF
15917	INF
15918	INF
15919	INF
15920	INF
15921	INF
15922	INF
15923	INF
15924	INF
15925	INF
15926	INF
15927	INF
15928	INF
15929	INF
15930	INF
15931	INF
15932	INF
15933	INF
15934	INF
15935	INF
15936	INF
15937	INF
15938	INF
15939	INF
15940	INF
15941	INF
15942	INF
15943	INF
15944	INF
15945	INF
15946	INF
15947	INF
15948	INF
15949	INF
15950	INF
15951	INF
15952	INF
15953	INF
15954	INF
15955	INF
15956	INF
15957	INF
15958	INF
15959	INF
15960	INF
15961	INF
15962	INF
15963	INF
15964	INF
15965	INF
15966	INF
15967	INF
15968	INF
15969	INF
15970	INF
15971	INF
15972	INF
15973	INF
15974	INF
15975	INF
15976	INF
15977	INF
15978	INF
15979	INF
15980	INF
15981	INF
15982	INF
15983	INF
15984	INF
15985	INF
15986	INF
15987	INF
15988	INF
15989	INF
15990	INF
15991	INF
15992	INF
15993	INF
15994	INF
15995	INF
15996	INF
15997	INF
15998	INF
15999	INF
16000	INF
16001	INF
16002	INF
16003	INF
16004	INF
16005	INF
16006	INF
16007	INF
16008	INF
16009	INF
16010	INF
16011	INF
16012	INF
16013	INF
16014	INF
16015	INF
16016	INF
16017	INF
16018	INF
16019	INF
16020	INF
16021	INF
16022	INF
16023	INF
16024	INF
16025	INF
16026	INF
16027	INF
16028	INF
16029	INF
16030	INF
16031	INF
16032	INF
16033	INF
16034	INF
16035	INF
16036	INF
16037	INF
16038	INF
16039	INF
16040	INF
16041	INF
16042	INF
16043	INF
16044	INF
16045	INF
16046	INF
16047	INF
16048	INF
16049	INF
16050	INF
16051	INF
16052	INF
16053	INF
16054	INF
16055	INF
16056	INF
16057	INF
16058	INF
16059	INF
16060	INF
16061	INF
16062	INF
16063	INF
16064	INF
16065	INF
16066	INF
16067	INF
16068	INF
16069	INF
16070	INF
16071	INF
16072	INF
16073	INF
16074	INF
16075	INF
16076	INF
16077	INF
16078	INF
16079	INF
16080	INF
16081	INF
16082	INF
16083	INF
16084	INF
16085	INF
16086	INF
16087	INF
16088	INF
16089	INF
16090	INF
16091	INF
16092	INF
16093	INF
16094	INF
16095	INF
16096	INF
16097	INF
16098	INF
16099	INF
16100	INF
16101	INF
16102	INF
16103	INF
16104	INF
16105	INF
16106	INF
16107	INF
16108	INF
16109	INF
16110	INF
16111	INF
16112	INF
16113	INF
16114	INF
16115	INF
16116	INF
16117	INF
16118	INF
16119	INF
16120	INF
16121	INF
16122	INF
16123	INF
16124	INF
16125	INF
16126	INF
16127	INF
16128	INF
16129	INF
16130	INF
16131	INF
16132	INF
16133	INF
16134	INF
16135	INF
16136	INF
16137	INF
16138	INF
16139	INF
16140	INF
16141	INF
16142	INF
16143	INF
16144	INF
16145	INF
16146	INF
16147	INF
16148	INF
16149	INF
16150	INF
16151	INF
16152	INF
16153	INF
16154	INF
16155	INF
16156	INF
16157	INF
16158	INF
16159	INF
16160	INF
16161	INF
16162	INF
16163	INF
16164	INF
16165	INF
16166	INF
16167	INF
16168	INF
16169	INF
16170	INF
16171	INF
16172	INF
16173	INF
16174	INF
16175	INF
16176	INF
16177	INF
16178	INF
16179	INF
16180	INF
16181	INF
16182	INF
16183	INF
16184	INF
16185	INF
16186	INF
16187	INF
16188	INF
16189	INF
16190	INF
16191	INF
16192	INF
16193	INF
16194	INF
16195	INF
16196	INF
16197	INF
16198	INF
16199	INF
16200	INF
16201	INF
16202	INF
16203	INF
16204	INF
16205	INF
16206	INF
16207	INF
16208	INF
16209	INF
16210	INF
16211	INF
16212	INF
16213	INF
16214	INF
16215	INF
16216	INF
16217	INF
16218	INF
16219	INF
16220	INF
16221	INF
16222	INF
16223	INF
16224	INF
16225	INF
16226	INF
16227	INF
16228	INF
16229	INF
16230	INF
16231	INF
16232	INF
16233	INF
16234	INF
16235	INF
16236	INF
16237	INF
16238	INF
16239	INF
16240	INF
16241	INF
16242	INF
16243	INF
16244	INF
16245	INF
16246	INF
16247	INF
16248	INF
16249	INF
16250	INF
16251	INF
16252	INF
16253	INF
16254	INF
16255	INF
16256	INF
16257	INF
16258	INF
16259	INF
16260	INF
16261	INF
16262	INF
16263	INF
16264	INF
16265	INF
16266	INF
16267	INF
16268	INF
16269	INF
16270	INF
16271	INF
16272	INF
16273	INF
16274	INF
16275	INF
16276	INF
16277	INF
16278	INF
16279	INF
16280	INF
16281	INF
16282	INF
16283	INF
16284	INF
16285	INF
16286	INF
16287	INF
16288	INF
16289	INF
16290	INF
16291	INF
16292	INF
16293	INF
16294	INF
16295	INF
16296	INF
16297	INF
16298	INF
16299	INF
16300	INF
16301	INF
16302	INF
16303	INF
16304	INF
16305	INF
16306	INF
16307	INF
16308	INF
16309	INF
16310	INF
16311	INF
16312	INF
16313	INF
16314	INF
16315	INF
16316	INF
16317	INF
16318	INF
16319	INF
16320	INF
16321	INF
16322	INF
16323	INF
16324	INF
16325	INF
16326	INF
16327	INF
16328	INF
16329	INF
16330	INF
16331	INF
16332	INF
16333	INF
16334	INF
16335	INF
16336	INF
16337	INF
16338	INF
16339	INF
16340	INF
16341	INF
16342	INF
16343	INF
16344	INF
16345	INF
16346	INF
16347	INF
16348	INF
16349	INF
16350	INF
16351	INF
16352	INF
16353	INF
16354	INF
16355	INF
16356	INF
16357	INF
16358	INF
16359	INF
16360	INF
16361	INF
16362	INF
16363	INF
16364	INF
16365	INF
16366	INF
16367	INF
16368	INF
16369	INF
16370	INF
16371	INF
16372	INF
16373	INF
16374	INF
16375	INF
16376	INF
16377	INF
16378	INF
16379	INF
16380	INF
16381	INF
16382	INF
16383	INF
16384	INF
16385	INF
16386	INF
16387	INF
16388	INF
16389	INF
16390	INF
16391	INF
16392	INF
16393	INF
16394	INF
16395	INF
16396	INF
16397	INF
16398	INF
16399	INF
16400	INF
16401	INF
16402	INF
16403	INF
16404	INF
16405	INF
16406	INF
16407	INF
16408	INF
16409	INF
16410	INF
16411	INF
16412	INF
16413	INF
16414	INF
16415	INF
16416	INF
16417	INF
16418	INF
16419	INF
16420	INF
16421	INF
16422	INF
16423	INF
16424	INF
16425	INF
16426	INF
16427	INF
16428	INF
16429	INF
16430	INF
16431	INF
16432	INF
16433	INF
16434	INF
16435	INF
16436	INF
16437	INF
16438	INF
16439	INF
16440	INF
16441	INF
16442	INF
16443	INF
16444	INF
16445	INF
16446	INF
16447	INF
16448	INF
16449	INF
16450	INF
16451	INF
16452	INF
16453	INF
16454	INF
16455	INF
16456	INF
16457	INF
16458	INF
16459	INF
16460	INF
16461	INF
16462	INF
16463	INF
16464	INF
16465	INF
16466	INF
16467	INF
16468	INF
16469	INF
16470	INF
16471	INF
16472	INF
16473	INF
16474	INF
16475	INF
16476	INF
16477	INF
16478	INF
16479	INF
16480	INF
16481	INF
16482	INF
16483	INF
16484	INF
16485	INF
16486	INF
16487	INF
16488	INF
16489	INF
16490	INF
16491	INF
16492	INF
16493	INF
16494	INF
16495	INF
16496	INF
16497	INF
16498	INF
16499	INF
16500	INF
16501	INF
16502	INF
16503	INF
16504	INF
16505	INF
16506	INF
16507	INF
16508	INF
16509	INF
16510	INF
16511	INF
16512	INF
16513	INF
16514	INF
16515	INF
16516	INF
16517	INF
16518	INF
16519	INF
16520	INF
16521	INF
16522	INF
16523	INF
16524	INF
16525	INF
16526	INF
16527	INF
16528	INF
16529	INF
16530	INF
16531	INF
16532	INF
16533	INF
16534	INF
16535	INF
16536	INF
16537	INF
16538	INF
16539	INF
16540	INF
16541	INF
16542	INF
16543	INF
16544	INF
16545	INF
16546	INF
16547	INF
16548	INF
16549	INF
16550	INF
16551	INF
16552	INF
16553	INF
16554	INF
16555	INF
16556	INF
16557	INF
16558	INF
16559	INF
16560	INF
16561	INF
16562	INF
16563	INF
16564	INF
16565	INF
16566	INF
16567	INF
16568	INF
16569	INF
16570	INF
16571	INF
16572	INF
16573	INF
16574	INF
16575	INF
16576	INF
16577	INF
16578	INF
16579	INF
16580	INF
16581	INF
16582	INF
16583	INF
16584	INF
16585	INF
16586	INF
16587	INF
16588	INF
16589	INF
16590	INF
16591	INF
16592	INF
16593	INF
16594	INF
16595	INF
16596	INF
16597	INF
16598	INF
16599	INF
16600	INF
16601	INF
16602	INF
16603	INF
16604	INF
16605	INF
16606	INF
16607	INF
16608	INF
16609	INF
16610	INF
16611	INF
16612	INF
16613	INF
16614	INF
16615	INF
16616	INF
16617	INF
16618	INF
16619	INF
16620	INF
16621	INF
16622	INF
16623	INF
16624	INF
16625	INF
16626	INF
16627	INF
16628	INF
16629	INF
16630	INF
16631	INF
16632	INF
16633	INF
16634	INF
16635	INF
16636	INF
16637	INF
16638	INF
16639	INF
16640	INF
16641	INF
16642	INF
16643	INF
16644	INF
16645	INF
16646	INF
16647	INF
16648	INF
16649	INF
16650	INF
16651	INF
16652	INF
16653	INF
16654	INF
16655	INF
16656	INF
16657	INF
16658	INF
16659	INF
16660	INF
16661	INF
16662	INF
16663	INF
16664	INF
16665	INF
16666	INF
16667	INF
16668	INF
16669	INF
16670	INF
16671	INF
16672	INF
16673	INF
16674	INF
16675	INF
16676	INF
16677	INF
16678	INF
16679	INF
16680	INF
16681	INF
16682	INF
16683	INF
16684	INF
16685	INF
16686	INF
16687	INF
16688	INF
16689	INF
16690	INF
16691	INF
16692	INF
16693	INF
16694	INF
16695	INF
16696	INF
16697	INF
16698	INF
16699	INF
16700	INF
16701	INF
16702	INF
16703	INF
16704	INF
16705	INF
16706	INF
16707	INF
16708	INF
16709	INF
16710	INF
16711	INF
16712	INF
16713	INF
16714	INF
16715	INF
16716	INF
16717	INF
16718	INF
16719	INF
16720	INF
16721	INF
16722	INF
16723	INF
16724	INF
16725	INF
16726	INF
16727	INF
16728	INF
16729	INF
16730	INF
16731	INF
16732	INF
16733	INF
16734	INF
16735	INF
16736	INF
16737	INF
16738	INF
16739	INF
16740	INF
16741	INF
16742	INF
16743	INF
16744	INF
16745	INF
16746	INF
16747	INF
16748	INF
16749	INF
16750	INF
16751	INF
16752	INF
16753	INF
16754	INF
16755	INF
16756	INF
16757	INF
16758	INF
16759	INF
16760	INF
16761	INF
16762	INF
16763	INF
16764	INF
16765	INF
16766	INF
16767	INF
16768	INF
16769	INF
16770	INF
16771	INF
16772	INF
16773	INF
16774	INF
16775	INF
16776	INF
16777	INF
16778	INF
16779	INF
16780	INF
16781	INF
16782	INF
16783	INF
16784	INF
16785	INF
16786	INF
16787	INF
16788	INF
16789	INF
16790	INF
16791	INF
16792	INF
16793	INF
16794	INF
16795	INF
16796	INF
16797	INF
16798	INF
16799	INF
16800	INF
16801	INF
16802	INF
16803	INF
16804	INF
16805	INF
16806	INF
16807	INF
16808	INF
16809	INF
16810	INF
16811	INF
16812	INF
16813	INF
16814	INF
16815	INF
16816	INF
16817	INF
16818	INF
16819	INF
16820	INF
16821	INF
16822	INF
16823	INF
16824	INF
16825	INF
16826	INF
16827	INF
16828	INF
16829	INF
16830	INF
16831	INF
16832	INF
16833	INF
16834	INF
16835	INF
16836	INF
16837	INF
16838	INF
16839	INF
16840	INF
16841	INF
16842	INF
16843	INF
16844	INF
16845	INF
16846	INF
16847	INF
16848	INF
16849	INF
16850	INF
16851	INF
16852	INF
16853	INF
16854	INF
16855	INF
16856	INF
16857	INF
16858	INF
16859	INF
16860	INF
16861	INF
16862	INF
16863	INF
16864	INF
16865	INF
16866	INF
16867	INF
16868	INF
16869	INF
16870	INF
16871	INF
16872	INF
16873	INF
16874	INF
16875	INF
16876	INF
16877	INF
16878	INF
16879	INF
16880	INF
16881	INF
16882	INF
16883	INF
16884	INF
16885	INF
16886	INF
16887	INF
16888	INF
16889	INF
16890	INF
16891	INF
16892	INF
16893	INF
16894	INF
16895	INF
16896	INF
16897	INF
16898	INF
16899	INF
16900	INF
16901	INF
16902	INF
16903	INF
16904	INF
16905	INF
16906	INF
16907	INF
16908	INF
16909	INF
16910	INF
16911	INF
16912	INF
16913	INF
16914	INF
16915	INF
16916	INF
16917	INF
16918	INF
16919	INF
16920	INF
16921	INF
16922	INF
16923	INF
16924	INF
16925	INF
16926	INF
16927	INF
16928	INF
16929	INF
16930	INF
16931	INF
16932	INF
16933	INF
16934	INF
16935	INF
16936	INF
16937	INF
16938	INF
16939	INF
16940	INF
16941	INF
16942	INF
16943	INF
16944	INF
16945	INF
16946	INF
16947	INF
16948	INF
16949	INF
16950	INF
16951	INF
16952	INF
16953	INF
16954	INF
16955	INF
16956	INF
16957	INF
16958	INF
16959	INF
16960	INF
16961	INF
16962	INF
16963	INF
16964	INF
16965	INF
16966	INF
16967	INF
16968	INF
16969	INF
16970	INF
16971	INF
16972	INF
16973	INF
16974	INF
16975	INF
16976	INF
16977	INF
16978	INF
16979	INF
16980	INF
16981	INF
16982	INF
16983	INF
16984	INF
16985	INF
16986	INF
16987	INF
16988	INF
16989	INF
16990	INF
16991	INF
16992	INF
16993	INF
16994	INF
16995	INF
16996	INF
16997	INF
16998	INF
16999	INF
17000	INF
17001	INF
17002	INF
17003	INF
17004	INF
17005	INF
17006	INF
17007	INF
17008	INF
17009	INF
17010	INF
17011	INF
17012	INF
17013	INF
17014	INF
17015	INF
17016	INF
17017	INF
17018	INF
17019	INF
17020	INF
17021	INF
17022	INF
17023	INF
17024	INF
17025	INF
17026	INF
17027	INF
17028	INF
17029	INF
17030	INF
17031	INF
17032	INF
17033	INF
17034	INF
17035	INF
17036	INF
17037	INF
17038	INF
17039	INF
17040	INF
17041	INF
17042	INF
17043	INF
17044	INF
17045	INF
17046	INF
17047	INF
17048	INF
17049	INF
17050	INF
17051	INF
17052	INF
17053	INF
17054	INF
17055	INF
17056	INF
17057	INF
17058	INF
17059	INF
17060	INF
17061	INF
17062	INF
17063	INF
17064	INF
17065	INF
17066	INF
17067	INF
17068	INF
17069	INF
17070	INF
17071	INF
17072	INF
17073	INF
17074	INF
17075	INF
17076	INF
17077	INF
17078	INF
17079	INF
17080	INF
17081	INF
17082	INF
17083	INF
17084	INF
17085	INF
17086	INF
17087	INF
17088	INF
17089	INF
17090	INF
17091	INF
17092	INF
17093	INF
17094	INF
17095	INF
17096	INF
17097	INF
17098	INF
17099	INF
17100	INF
17101	INF
17102	INF
17103	INF
17104	INF
17105	INF
17106	INF
17107	INF
17108	INF
17109	INF
17110	INF
17111	INF
17112	INF
17113	INF
17114	INF
17115	INF
17116	INF
17117	INF
17118	INF
17119	INF
17120	INF
17121	INF
17122	INF
17123	INF
17124	INF
17125	INF
17126	INF
17127	INF
17128	INF
17129	INF
17130	INF
17131	INF
17132	INF
17133	INF
17134	INF
17135	INF
17136	INF
17137	INF
17138	INF
17139	INF
17140	INF
17141	INF
17142	INF
17143	INF
17144	INF
17145	INF
17146	INF
17147	INF
17148	INF
17149	INF
17150	INF
17151	INF
17152	INF
17153	INF
17154	INF
17155	INF
17156	INF
17157	INF
17158	INF
17159	INF
17160	INF
17161	INF
17162	INF
17163	INF
17164	INF
17165	INF
17166	INF
17167	INF
17168	INF
17169	INF
17170	INF
17171	INF
17172	INF
17173	INF
17174	INF
17175	INF
17176	INF
17177	INF
17178	INF
17179	INF
17180	INF
17181	INF
17182	INF
17183	INF
17184	INF
17185	INF
17186	INF
17187	INF
17188	INF
17189	INF
17190	INF
17191	INF
17192	INF
17193	INF
17194	INF
17195	INF
17196	INF
17197	INF
17198	INF
17199	INF
17200	INF
17201	INF
17202	INF
17203	INF
17204	INF
17205	INF
17206	INF
17207	INF
17208	INF
17209	INF
17210	INF
17211	INF
17212	INF
17213	INF
17214	INF
17215	INF
17216	INF
17217	INF
17218	INF
17219	INF
17220	INF
17221	INF
17222	INF
17223	INF
17224	INF
17225	INF
17226	INF
17227	INF
17228	INF
17229	INF
17230	INF
17231	INF
17232	INF
17233	INF
17234	INF
17235	INF
17236	INF
17237	INF
17238	INF
17239	INF
17240	INF
17241	INF
17242	INF
17243	INF
17244	INF
17245	INF
17246	INF
17247	INF
17248	INF
17249	INF
17250	INF
17251	INF
17252	INF
17253	INF
17254	INF
17255	INF
17256	INF
17257	INF
17258	INF
17259	INF
17260	INF
17261	INF
17262	INF
17263	INF
17264	INF
17265	INF
17266	INF
17267	INF
17268	INF
17269	INF
17270	INF
17271	INF
17272	INF
17273	INF
17274	INF
17275	INF
17276	INF
17277	INF
17278	INF
17279	INF
17280	INF
17281	INF
17282	INF
17283	INF
17284	INF
17285	INF
17286	INF
17287	INF
17288	INF
17289	INF
17290	INF
17291	INF
17292	INF
17293	INF
17294	INF
17295	INF
17296	INF
17297	INF
17298	INF
17299	INF
17300	INF
17301	INF
17302	INF
17303	INF
17304	INF
17305	INF
17306	INF
17307	INF
17308	INF
17309	INF
17310	INF
17311	INF
17312	INF
17313	INF
17314	INF
17315	INF
17316	INF
17317	INF
17318	INF
17319	INF
17320	INF
17321	INF
17322	INF
17323	INF
17324	INF
17325	INF
17326	INF
17327	INF
17328	INF
17329	INF
17330	INF
17331	INF
17332	INF
17333	INF
17334	INF
17335	INF
17336	INF
17337	INF
17338	INF
17339	INF
17340	INF
17341	INF
17342	INF
17343	INF
17344	INF
17345	INF
17346	INF
17347	INF
17348	INF
17349	INF
17350	INF
17351	INF
17352	INF
17353	INF
17354	INF
17355	INF
17356	INF
17357	INF
17358	INF
17359	INF
17360	INF
17361	INF
17362	INF
17363	INF
17364	INF
17365	INF
17366	INF
17367	INF
17368	INF
17369	INF
17370	INF
17371	INF
17372	INF
17373	INF
17374	INF
17375	INF
17376	INF
17377	INF
17378	INF
17379	INF
17380	INF
17381	INF
17382	INF
17383	INF
17384	INF
17385	INF
17386	INF
17387	INF
17388	INF
17389	INF
17390	INF
17391	INF
17392	INF
17393	INF
17394	INF
17395	INF
17396	INF
17397	INF
17398	INF
17399	INF
17400	INF
17401	INF
17402	INF
17403	INF
17404	INF
17405	INF
17406	INF
17407	INF
17408	INF
17409	INF
17410	INF
17411	INF
17412	INF
17413	INF
17414	INF
17415	INF
17416	INF
17417	INF
17418	INF
17419	INF
17420	INF
17421	INF
17422	INF
17423	INF
17424	INF
17425	INF
17426	INF
17427	INF
17428	INF
17429	INF
17430	INF
17431	INF
17432	INF
17433	INF
17434	INF
17435	INF
17436	INF
17437	INF
17438	INF
17439	INF
17440	INF
17441	INF
17442	INF
17443	INF
17444	INF
17445	INF
17446	INF
17447	INF
17448	INF
17449	INF
17450	INF
17451	INF
17452	INF
17453	INF
17454	INF
17455	INF
17456	INF
17457	INF
17458	INF
17459	INF
17460	INF
17461	INF
17462	INF
17463	INF
17464	INF
17465	INF
17466	INF
17467	INF
17468	INF
17469	INF
17470	INF
17471	INF
17472	INF
17473	INF
17474	INF
17475	INF
17476	INF
17477	INF
17478	INF
17479	INF
17480	INF
17481	INF
17482	INF
17483	INF
17484	INF
17485	INF
17486	INF
17487	INF
17488	INF
17489	INF
17490	INF
17491	INF
17492	INF
17493	INF
17494	INF
17495	INF
17496	INF
17497	INF
17498	INF
17499	INF
17500	INF
17501	INF
17502	INF
17503	INF
17504	INF
17505	INF
17506	INF
17507	INF
17508	INF
17509	INF
17510	INF
17511	INF
17512	INF
17513	INF
17514	INF
17515	INF
17516	INF
17517	INF
17518	INF
17519	INF
17520	INF
17521	INF
17522	INF
17523	INF
17524	INF
17525	INF
17526	INF
17527	INF
17528	INF
17529	INF
17530	INF
17531	INF
17532	INF
17533	INF
17534	INF
17535	INF
17536	INF
17537	INF
17538	INF
17539	INF
17540	INF
17541	INF
17542	INF
17543	INF
17544	INF
17545	INF
17546	INF
17547	INF
17548	INF
17549	INF
17550	INF
17551	INF
17552	INF
17553	INF
17554	INF
17555	INF
17556	INF
17557	INF
17558	INF
17559	INF
17560	INF
17561	INF
17562	INF
17563	INF
17564	INF
17565	INF
17566	INF
17567	INF
17568	INF
17569	INF
17570	INF
17571	INF
17572	INF
17573	INF
17574	INF
17575	INF
17576	INF
17577	INF
17578	INF
17579	INF
17580	INF
17581	INF
17582	INF
17583	INF
17584	INF
17585	INF
17586	INF
17587	INF
17588	INF
17589	INF
17590	INF
17591	INF
17592	INF
17593	INF
17594	INF
17595	INF
17596	INF
17597	INF
17598	INF
17599	INF
17600	INF
17601	INF
17602	INF
17603	INF
17604	INF
17605	INF
17606	INF
17607	INF
17608	INF
17609	INF
17610	INF
17611	INF
17612	INF
17613	INF
17614	INF
17615	INF
17616	INF
17617	INF
17618	INF
17619	INF
17620	INF
17621	INF
17622	INF
17623	INF
17624	INF
17625	INF
17626	INF
17627	INF
17628	INF
17629	INF
17630	INF
17631	INF
17632	INF
17633	INF
17634	INF
17635	INF
17636	INF
17637	INF
17638	INF
17639	INF
17640	INF
17641	INF
17642	INF
17643	INF
17644	INF
17645	INF
17646	INF
17647	INF
17648	INF
17649	INF
17650	INF
17651	INF
17652	INF
17653	INF
17654	INF
17655	INF
17656	INF
17657	INF
17658	INF
17659	INF
17660	INF
17661	INF
17662	INF
17663	INF
17664	INF
17665	INF
17666	INF
17667	INF
17668	INF
17669	INF
17670	INF
17671	INF
17672	INF
17673	INF
17674	INF
17675	INF
17676	INF
17677	INF
17678	INF
17679	INF
17680	INF
17681	INF
17682	INF
17683	INF
17684	INF
17685	INF
17686	INF
17687	INF
17688	INF
17689	INF
17690	INF
17691	INF
17692	INF
17693	INF
17694	INF
17695	INF
17696	INF
17697	INF
17698	INF
17699	INF
17700	INF
17701	INF
17702	INF
17703	INF
17704	INF
17705	INF
17706	INF
17707	INF
17708	INF
17709	INF
17710	INF
17711	INF
17712	INF
17713	INF
17714	INF
17715	INF
17716	INF
17717	INF
17718	INF
17719	INF
17720	INF
17721	INF
17722	INF
17723	INF
17724	INF
17725	INF
17726	INF
17727	INF
17728	INF
17729	INF
17730	INF
17731	INF
17732	INF
17733	INF
17734	INF
17735	INF
17736	INF
17737	INF
17738	INF
17739	INF
17740	INF
17741	INF
17742	INF
17743	INF
17744	INF
17745	INF
17746	INF
17747	INF
17748	INF
17749	INF
17750	INF
17751	INF
17752	INF
17753	INF
17754	INF
17755	INF
17756	INF
17757	INF
17758	INF
17759	INF
17760	INF
17761	INF
17762	INF
17763	INF
17764	INF
17765	INF
17766	INF
17767	INF
17768	INF
17769	INF
17770	INF
17771	INF
17772	INF
17773	INF
17774	INF
17775	INF
17776	INF
17777	INF
17778	INF
17779	INF
17780	INF
17781	INF
17782	INF
17783	INF
17784	INF
17785	INF
17786	INF
17787	INF
17788	INF
17789	INF
17790	INF
17791	INF
17792	INF
17793	INF
17794	INF
17795	INF
17796	INF
17797	INF
17798	INF
17799	INF
17800	INF
17801	INF
17802	INF
17803	INF
17804	INF
17805	INF
17806	INF
17807	INF
17808	INF
17809	INF
17810	INF
17811	INF
17812	INF
17813	INF
17814	INF
17815	INF
17816	INF
17817	INF
17818	INF
17819	INF
17820	INF
17821	INF
17822	INF
17823	INF
17824	INF
17825	INF
17826	INF
17827	INF
17828	INF
17829	INF
17830	INF
17831	INF
17832	INF
17833	INF
17834	INF
17835	INF
17836	INF
17837	INF
17838	INF
17839	INF
17840	INF
17841	INF
17842	INF
17843	INF
17844	INF
17845	INF
17846	INF
17847	INF
17848	INF
17849	INF
17850	INF
17851	INF
17852	INF
17853	INF
17854	INF
17855	INF
17856	INF
17857	INF
17858	INF
17859	INF
17860	INF
17861	INF
17862	INF
17863	INF
17864	INF
17865	INF
17866	INF
17867	INF
17868	INF
17869	INF
17870	INF
17871	INF
17872	INF
17873	INF
17874	INF
17875	INF
17876	INF
17877	INF
17878	INF
17879	INF
17880	INF
17881	INF
17882	INF
17883	INF
17884	INF
17885	INF
17886	INF
17887	INF
17888	INF
17889	INF
17890	INF
17891	INF
17892	INF
17893	INF
17894	INF
17895	INF
17896	INF
17897	INF
17898	INF
17899	INF
17900	INF
17901	INF
17902	INF
17903	INF
17904	INF
17905	INF
17906	INF
17907	INF
17908	INF
17909	INF
17910	INF
17911	INF
17912	INF
17913	INF
17914	INF
17915	INF
17916	INF
17917	INF
17918	INF
17919	INF
17920	INF
17921	INF
17922	INF
17923	INF
17924	INF
17925	INF
17926	INF
17927	INF
17928	INF
17929	INF
17930	INF
17931	INF
17932	INF
17933	INF
17934	INF
17935	INF
17936	INF
17937	INF
17938	INF
17939	INF
17940	INF
17941	INF
17942	INF
17943	INF
17944	INF
17945	INF
17946	INF
17947	INF
17948	INF
17949	INF
17950	INF
17951	INF
17952	INF
17953	INF
17954	INF
17955	INF
17956	INF
17957	INF
17958	INF
17959	INF
17960	INF
17961	INF
17962	INF
17963	INF
17964	INF
17965	INF
17966	INF
17967	INF
17968	INF
17969	INF
17970	INF
17971	INF
17972	INF
17973	INF
17974	INF
17975	INF
17976	INF
17977	INF
17978	INF
17979	INF
17980	INF
17981	INF
17982	INF
17983	INF
17984	INF
17985	INF
17986	INF
17987	INF
17988	INF
17989	INF
17990	INF
17991	INF
17992	INF
17993	INF
17994	INF
17995	INF
17996	INF
17997	INF
17998	INF
17999	INF
18000	INF
18001	INF
18002	INF
18003	INF
18004	INF
18005	INF
18006	INF
18007	INF
18008	INF
18009	INF
18010	INF
18011	INF
18012	INF
18013	INF
18014	INF
18015	INF
18016	INF
18017	INF
18018	INF
18019	INF
18020	INF
18021	INF
18022	INF
18023	INF
18024	INF
18025	INF
18026	INF
18027	INF
18028	INF
18029	INF
18030	INF
18031	INF
18032	INF
18033	INF
18034	INF
18035	INF
18036	INF
18037	INF
18038	INF
18039	INF
18040	INF
18041	INF
18042	INF
18043	INF
18044	INF
18045	INF
18046	INF
18047	INF
18048	INF
18049	INF
18050	INF
18051	INF
18052	INF
18053	INF
18054	INF
18055	INF
18056	INF
18057	INF
18058	INF
18059	INF
18060	INF
18061	INF
18062	INF
18063	INF
18064	INF
18065	INF
18066	INF
18067	INF
18068	INF
18069	INF
18070	INF
18071	INF
18072	INF
18073	INF
18074	INF
18075	INF
18076	INF
18077	INF
18078	INF
18079	INF
18080	INF
18081	INF
18082	INF
18083	INF
18084	INF
18085	INF
18086	INF
18087	INF
18088	INF
18089	INF
18090	INF
18091	INF
18092	INF
18093	INF
18094	INF
18095	INF
18096	INF
18097	INF
18098	INF
18099	INF
18100	INF
18101	INF
18102	INF
18103	INF
18104	INF
18105	INF
18106	INF
18107	INF
18108	INF
18109	INF
18110	INF
18111	INF
18112	INF
18113	INF
18114	INF
18115	INF
18116	INF
18117	INF
18118	INF
18119	INF
18120	INF
18121	INF
18122	INF
18123	INF
18124	INF
18125	INF
18126	INF
18127	INF
18128	INF
18129	INF
18130	INF
18131	INF
18132	INF
18133	INF
18134	INF
18135	INF
18136	INF
18137	INF
18138	INF
18139	INF
18140	INF
18141	INF
18142	INF
18143	INF
18144	INF
18145	INF
18146	INF
18147	INF
18148	INF
18149	INF
18150	INF
18151	INF
18152	INF
18153	INF
18154	INF
18155	INF
18156	INF
18157	INF
18158	INF
18159	INF
18160	INF
18161	INF
18162	INF
18163	INF
18164	INF
18165	INF
18166	INF
18167	INF
18168	INF
18169	INF
18170	INF
18171	INF
18172	INF
18173	INF
18174	INF
18175	INF
18176	INF
18177	INF
18178	INF
18179	INF
18180	INF
18181	INF
18182	INF
18183	INF
18184	INF
18185	INF
18186	INF
18187	INF
18188	INF
18189	INF
18190	INF
18191	INF
18192	INF
18193	INF
18194	INF
18195	INF
18196	INF
18197	INF
18198	INF
18199	INF
18200	INF
18201	INF
18202	INF
18203	INF
18204	INF
18205	INF
18206	INF
18207	INF
18208	INF
18209	INF
18210	INF
18211	INF
18212	INF
18213	INF
18214	INF
18215	INF
18216	INF
18217	INF
18218	INF
18219	INF
18220	INF
18221	INF
18222	INF
18223	INF
18224	INF
18225	INF
18226	INF
18227	INF
18228	INF
18229	INF
18230	INF
18231	INF
18232	INF
18233	INF
18234	INF
18235	INF
18236	INF
18237	INF
18238	INF
18239	INF
18240	INF
18241	INF
18242	INF
18243	INF
18244	INF
18245	INF
18246	INF
18247	INF
18248	INF
18249	INF
18250	INF
18251	INF
18252	INF
18253	INF
18254	INF
18255	INF
18256	INF
18257	INF
18258	INF
18259	INF
18260	INF
18261	INF
18262	INF
18263	INF
18264	INF
18265	INF
18266	INF
18267	INF
18268	INF
18269	INF
18270	INF
18271	INF
18272	INF
18273	INF
18274	INF
18275	INF
18276	INF
18277	INF
18278	INF
18279	INF
18280	INF
18281	INF
18282	INF
18283	INF
18284	INF
18285	INF
18286	INF
18287	INF
18288	INF
18289	INF
18290	INF
18291	INF
18292	INF
18293	INF
18294	INF
18295	INF
18296	INF
18297	INF
18298	INF
18299	INF
18300	INF
18301	INF
18302	INF
18303	INF
18304	INF
18305	INF
18306	INF
18307	INF
18308	INF
18309	INF
18310	INF
18311	INF
18312	INF
18313	INF
18314	INF
18315	INF
18316	INF
18317	INF
18318	INF
18319	INF
18320	INF
18321	INF
18322	INF
18323	INF
18324	INF
18325	INF
18326	INF
18327	INF
18328	INF
18329	INF
18330	INF
18331	INF
18332	INF
18333	INF
18334	INF
18335	INF
18336	INF
18337	INF
18338	INF
18339	INF
18340	INF
18341	INF
18342	INF
18343	INF
18344	INF
18345	INF
18346	INF
18347	INF
18348	INF
18349	INF
18350	INF
18351	INF
18352	INF
18353	INF
18354	INF
18355	INF
18356	INF
18357	INF
18358	INF
18359	INF
18360	INF
18361	INF
18362	INF
18363	INF
18364	INF
18365	INF
18366	INF
18367	INF
18368	INF
18369	INF
18370	INF
18371	INF
18372	INF
18373	INF
18374	INF
18375	INF
18376	INF
18377	INF
18378	INF
18379	INF
18380	INF
18381	INF
18382	INF
18383	INF
18384	INF
18385	INF
18386	INF
18387	INF
18388	INF
18389	INF
18390	INF
18391	INF
18392	INF
18393	INF
18394	INF
18395	INF
18396	INF
18397	INF
18398	INF
18399	INF
18400	INF
18401	INF
18402	INF
18403	INF
18404	INF
18405	INF
18406	INF
18407	INF
18408	INF
18409	INF
18410	INF
18411	INF
18412	INF
18413	INF
18414	INF
18415	INF
18416	INF
18417	INF
18418	INF
18419	INF
18420	INF
18421	INF
18422	INF
18423	INF
18424	INF
18425	INF
18426	INF
18427	INF
18428	INF
18429	INF
18430	INF
18431	INF
18432	INF
18433	INF
18434	INF
18435	INF
18436	INF
18437	INF
18438	INF
18439	INF
18440	INF
18441	INF
18442	INF
18443	INF
18444	INF
18445	INF
18446	INF
18447	INF
18448	INF
18449	INF
18450	INF
18451	INF
18452	INF
18453	INF
18454	INF
18455	INF
18456	INF
18457	INF
18458	INF
18459	INF
18460	INF
18461	INF
18462	INF
18463	INF
18464	INF
18465	INF
18466	INF
18467	INF
18468	INF
18469	INF
18470	INF
18471	INF
18472	INF
18473	INF
18474	INF
18475	INF
18476	INF
18477	INF
18478	INF
18479	INF
18480	INF
18481	INF
18482	INF
18483	INF
18484	INF
18485	INF
18486	INF
18487	INF
18488	INF
18489	INF
18490	INF
18491	INF
18492	INF
18493	INF
18494	INF
18495	INF
18496	INF
18497	INF
18498	INF
18499	INF
18500	INF
18501	INF
18502	INF
18503	INF
18504	INF
18505	INF
18506	INF
18507	INF
18508	INF
18509	INF
18510	INF
18511	INF
18512	INF
18513	INF
18514	INF
18515	INF
18516	INF
18517	INF
18518	INF
18519	INF
18520	INF
18521	INF
18522	INF
18523	INF
18524	INF
18525	INF
18526	INF
18527	INF
18528	INF
18529	INF
18530	INF
18531	INF
18532	INF
18533	INF
18534	INF
18535	INF
18536	INF
18537	INF
18538	INF
18539	INF
18540	INF
18541	INF
18542	INF
18543	INF
18544	INF
18545	INF
18546	INF
18547	INF
18548	INF
18549	INF
18550	INF
18551	INF
18552	INF
18553	INF
18554	INF
18555	INF
18556	INF
18557	INF
18558	INF
18559	INF
18560	INF
18561	INF
18562	INF
18563	INF
18564	INF
18565	INF
18566	INF
18567	INF
18568	INF
18569	INF
18570	INF
18571	INF
18572	INF
18573	INF
18574	INF
18575	INF
18576	INF
18577	INF
18578	INF
18579	INF
18580	INF
18581	INF
18582	INF
18583	INF
18584	INF
18585	INF
18586	INF
18587	INF
18588	INF
18589	INF
18590	INF
18591	INF
18592	INF
18593	INF
18594	INF
18595	INF
18596	INF
18597	INF
18598	INF
18599	INF
18600	INF
18601	INF
18602	INF
18603	INF
18604	INF
18605	INF
18606	INF
18607	INF
18608	INF
18609	INF
18610	INF
18611	INF
18612	INF
18613	INF
18614	INF
18615	INF
18616	INF
18617	INF
18618	INF
18619	INF
18620	INF
18621	INF
18622	INF
18623	INF
18624	INF
18625	INF
18626	INF
18627	INF
18628	INF
18629	INF
18630	INF
18631	INF
18632	INF
18633	INF
18634	INF
18635	INF
18636	INF
18637	INF
18638	INF
18639	INF
18640	INF
18641	INF
18642	INF
18643	INF
18644	INF
18645	INF
18646	INF
18647	INF
18648	INF
18649	INF
18650	INF
18651	INF
18652	INF
18653	INF
18654	INF
18655	INF
18656	INF
18657	INF
18658	INF
18659	INF
18660	INF
18661	INF
18662	INF
18663	INF
18664	INF
18665	INF
18666	INF
18667	INF
18668	INF
18669	INF
18670	INF
18671	INF
18672	INF
18673	INF
18674	INF
18675	INF
18676	INF
18677	INF
18678	INF
18679	INF
18680	INF
18681	INF
18682	INF
18683	INF
18684	INF
18685	INF
18686	INF
18687	INF
18688	INF
18689	INF
18690	INF
18691	INF
18692	INF
18693	INF
18694	INF
18695	INF
18696	INF
18697	INF
18698	INF
18699	INF
18700	INF
18701	INF
18702	INF
18703	INF
18704	INF
18705	INF
18706	INF
18707	INF
18708	INF
18709	INF
18710	INF
18711	INF
18712	INF
18713	INF
18714	INF
18715	INF
18716	INF
18717	INF
18718	INF
18719	INF
18720	INF
18721	INF
18722	INF
18723	INF
18724	INF
18725	INF
18726	INF
18727	INF
18728	INF
18729	INF
18730	INF
18731	INF
18732	INF
18733	INF
18734	INF
18735	INF
18736	INF
18737	INF
18738	INF
18739	INF
18740	INF
18741	INF
18742	INF
18743	INF
18744	INF
18745	INF
18746	INF
18747	INF
18748	INF
18749	INF
18750	INF
18751	INF
18752	INF
18753	INF
18754	INF
18755	INF
18756	INF
18757	INF
18758	INF
18759	INF
18760	INF
18761	INF
18762	INF
18763	INF
18764	INF
18765	INF
18766	INF
18767	INF
18768	INF
18769	INF
18770	INF
18771	INF
18772	INF
18773	INF
18774	INF
18775	INF
18776	INF
18777	INF
18778	INF
18779	INF
18780	INF
18781	INF
18782	INF
18783	INF
18784	INF
18785	INF
18786	INF
18787	INF
18788	INF
18789	INF
18790	INF
18791	INF
18792	INF
18793	INF
18794	INF
18795	INF
18796	INF
18797	INF
18798	INF
18799	INF
18800	INF
18801	INF
18802	INF
18803	INF
18804	INF
18805	INF
18806	INF
18807	INF
18808	INF
18809	INF
18810	INF
18811	INF
18812	INF
18813	INF
18814	INF
18815	INF
18816	INF
18817	INF
18818	INF
18819	INF
18820	INF
18821	INF
18822	INF
18823	INF
18824	INF
18825	INF
18826	INF
18827	INF
18828	INF
18829	INF
18830	INF
18831	INF
18832	INF
18833	INF
18834	INF
18835	INF
18836	INF
18837	INF
18838	INF
18839	INF
18840	INF
18841	INF
18842	INF
18843	INF
18844	INF
18845	INF
18846	INF
18847	INF
18848	INF
18849	INF
18850	INF
18851	INF
18852	INF
18853	INF
18854	INF
18855	INF
18856	INF
18857	INF
18858	INF
18859	INF
18860	INF
18861	INF
18862	INF
18863	INF
18864	INF
18865	INF
18866	INF
18867	INF
18868	INF
18869	INF
18870	INF
18871	INF
18872	INF
18873	INF
18874	INF
18875	INF
18876	INF
18877	INF
18878	INF
18879	INF
18880	INF
18881	INF
18882	INF
18883	INF
18884	INF
18885	INF
18886	INF
18887	INF
18888	INF
18889	INF
18890	INF
18891	INF
18892	INF
18893	INF
18894	INF
18895	INF
18896	INF
18897	INF
18898	INF
18899	INF
18900	INF
18901	INF
18902	INF
18903	INF
18904	INF
18905	INF
18906	INF
18907	INF
18908	INF
18909	INF
18910	INF
18911	INF
18912	INF
18913	INF
18914	INF
18915	INF
18916	INF
18917	INF
18918	INF
18919	INF
18920	INF
18921	INF
18922	INF
18923	INF
18924	INF
18925	INF
18926	INF
18927	INF
18928	INF
18929	INF
18930	INF
18931	INF
18932	INF
18933	INF
18934	INF
18935	INF
18936	INF
18937	INF
18938	INF
18939	INF
18940	INF
18941	INF
18942	INF
18943	INF
18944	INF
18945	INF
18946	INF
18947	INF
18948	INF
18949	INF
18950	INF
18951	INF
18952	INF
18953	INF
18954	INF
18955	INF
18956	INF
18957	INF
18958	INF
18959	INF
18960	INF
18961	INF
18962	INF
18963	INF
18964	INF
18965	INF
18966	INF
18967	INF
18968	INF
18969	INF
18970	INF
18971	INF
18972	INF
18973	INF
18974	INF
18975	INF
18976	INF
18977	INF
18978	INF
18979	INF
18980	INF
18981	INF
18982	INF
18983	INF
18984	INF
18985	INF
18986	INF
18987	INF
18988	INF
18989	INF
18990	INF
18991	INF
18992	INF
18993	INF
18994	INF
18995	INF
18996	INF
18997	INF
18998	INF
18999	INF
19000	INF
19001	INF
19002	INF
19003	INF
19004	INF
19005	INF
19006	INF
19007	INF
19008	INF
19009	INF
19010	INF
19011	INF
19012	INF
19013	INF
19014	INF
19015	INF
19016	INF
19017	INF
19018	INF
19019	INF
19020	INF
19021	INF
19022	INF
19023	INF
19024	INF
19025	INF
19026	INF
19027	INF
19028	INF
19029	INF
19030	INF
19031	INF
19032	INF
19033	INF
19034	INF
19035	INF
19036	INF
19037	INF
19038	INF
19039	INF
19040	INF
19041	INF
19042	INF
19043	INF
19044	INF
19045	INF
19046	INF
19047	INF
19048	INF
19049	INF
19050	INF
19051	INF
19052	INF
19053	INF
19054	INF
19055	INF
19056	INF
19057	INF
19058	INF
19059	INF
19060	INF
19061	INF
19062	INF
19063	INF
19064	INF
19065	INF
19066	INF
19067	INF
19068	INF
19069	INF
19070	INF
19071	INF
19072	INF
19073	INF
19074	INF
19075	INF
19076	INF
19077	INF
19078	INF
19079	INF
19080	INF
19081	INF
19082	INF
19083	INF
19084	INF
19085	INF
19086	INF
19087	INF
19088	INF
19089	INF
19090	INF
19091	INF
19092	INF
19093	INF
19094	INF
19095	INF
19096	INF
19097	INF
19098	INF
19099	INF
19100	INF
19101	INF
19102	INF
19103	INF
19104	INF
19105	INF
19106	INF
19107	INF
19108	INF
19109	INF
19110	INF
19111	INF
19112	INF
19113	INF
19114	INF
19115	INF
19116	INF
19117	INF
19118	INF
19119	INF
19120	INF
19121	INF
19122	INF
19123	INF
19124	INF
19125	INF
19126	INF
19127	INF
19128	INF
19129	INF
19130	INF
19131	INF
19132	INF
19133	INF
19134	INF
19135	INF
19136	INF
19137	INF
19138	INF
19139	INF
19140	INF
19141	INF
19142	INF
19143	INF
19144	INF
19145	INF
19146	INF
19147	INF
19148	INF
19149	INF
19150	INF
19151	INF
19152	INF
19153	INF
19154	INF
19155	INF
19156	INF
19157	INF
19158	INF
19159	INF
19160	INF
19161	INF
19162	INF
19163	INF
19164	INF
19165	INF
19166	INF
19167	INF
19168	INF
19169	INF
19170	INF
19171	INF
19172	INF
19173	INF
19174	INF
19175	INF
19176	INF
19177	INF
19178	INF
19179	INF
19180	INF
19181	INF
19182	INF
19183	INF
19184	INF
19185	INF
19186	INF
19187	INF
19188	INF
19189	INF
19190	INF
19191	INF
19192	INF
19193	INF
19194	INF
19195	INF
19196	INF
19197	INF
19198	INF
19199	INF
19200	INF
19201	INF
19202	INF
19203	INF
19204	INF
19205	INF
19206	INF
19207	INF
19208	INF
19209	INF
19210	INF
19211	INF
19212	INF
19213	INF
19214	INF
19215	INF
19216	INF
19217	INF
19218	INF
19219	INF
19220	INF
19221	INF
19222	INF
19223	INF
19224	INF
19225	INF
19226	INF
19227	INF
19228	INF
19229	INF
19230	INF
19231	INF
19232	INF
19233	INF
19234	INF
19235	INF
19236	INF
19237	INF
19238	INF
19239	INF
19240	INF
19241	INF
19242	INF
19243	INF
19244	INF
19245	INF
19246	INF
19247	INF
19248	INF
19249	INF
19250	INF
19251	INF
19252	INF
19253	INF
19254	INF
19255	INF
19256	INF
19257	INF
19258	INF
19259	INF
19260	INF
19261	INF
19262	INF
19263	INF
19264	INF
19265	INF
19266	INF
19267	INF
19268	INF
19269	INF
19270	INF
19271	INF
19272	INF
19273	INF
19274	INF
19275	INF
19276	INF
19277	INF
19278	INF
19279	INF
19280	INF
19281	INF
19282	INF
19283	INF
19284	INF
19285	INF
19286	INF
19287	INF
19288	INF
19289	INF
19290	INF
19291	INF
19292	INF
19293	INF
19294	INF
19295	INF
19296	INF
19297	INF
19298	INF
19299	INF
19300	INF
19301	INF
19302	INF
19303	INF
19304	INF
19305	INF
19306	INF
19307	INF
19308	INF
19309	INF
19310	INF
19311	INF
19312	INF
19313	INF
19314	INF
19315	INF
19316	INF
19317	INF
19318	INF
19319	INF
19320	INF
19321	INF
19322	INF
19323	INF
19324	INF
19325	INF
19326	INF
19327	INF
19328	INF
19329	INF
19330	INF
19331	INF
19332	INF
19333	INF
19334	INF
19335	INF
19336	INF
19337	INF
19338	INF
19339	INF
19340	INF
19341	INF
19342	INF
19343	INF
19344	INF
19345	INF
19346	INF
19347	INF
19348	INF
19349	INF
19350	INF
19351	INF
19352	INF
19353	INF
19354	INF
19355	INF
19356	INF
19357	INF
19358	INF
19359	INF
19360	INF
19361	INF
19362	INF
19363	INF
19364	INF
19365	INF
19366	INF
19367	INF
19368	INF
19369	INF
19370	INF
19371	INF
19372	INF
19373	INF
19374	INF
19375	INF
19376	INF
19377	INF
19378	INF
19379	INF
19380	INF
19381	INF
19382	INF
19383	INF
19384	INF
19385	INF
19386	INF
19387	INF
19388	INF
19389	INF
19390	INF
19391	INF
19392	INF
19393	INF
19394	INF
19395	INF
19396	INF
19397	INF
19398	INF
19399	INF
19400	INF
19401	INF
19402	INF
19403	INF
19404	INF
19405	INF
19406	INF
19407	INF
19408	INF
19409	INF
19410	INF
19411	INF
19412	INF
19413	INF
19414	INF
19415	INF
19416	INF
19417	INF
19418	INF
19419	INF
19420	INF
19421	INF
19422	INF
19423	INF
19424	INF
19425	INF
19426	INF
19427	INF
19428	INF
19429	INF
19430	INF
19431	INF
19432	INF
19433	INF
19434	INF
19435	INF
19436	INF
19437	INF
19438	INF
19439	INF
19440	INF
19441	INF
19442	INF
19443	INF
19444	INF
19445	INF
19446	INF
19447	INF
19448	INF
19449	INF
19450	INF
19451	INF
19452	INF
19453	INF
19454	INF
19455	INF
19456	INF
19457	INF
19458	INF
19459	INF
19460	INF
19461	INF
19462	INF
19463	INF
19464	INF
19465	INF
19466	INF
19467	INF
19468	INF
19469	INF
19470	INF
19471	INF
19472	INF
19473	INF
19474	INF
19475	INF
19476	INF
19477	INF
19478	INF
19479	INF
19480	INF
19481	INF
19482	INF
19483	INF
19484	INF
19485	INF
19486	INF
19487	INF
19488	INF
19489	INF
19490	INF
19491	INF
19492	INF
19493	INF
19494	INF
19495	INF
19496	INF
19497	INF
19498	INF
19499	INF
19500	INF
19501	INF
19502	INF
19503	INF
19504	INF
19505	INF
19506	INF
19507	INF
19508	INF
19509	INF
19510	INF
19511	INF
19512	INF
19513	INF
19514	INF
19515	INF
19516	INF
19517	INF
19518	INF
19519	INF
19520	INF
19521	INF
19522	INF
19523	INF
19524	INF
19525	INF
19526	INF
19527	INF
19528	INF
19529	INF
19530	INF
19531	INF
19532	INF
19533	INF
19534	INF
19535	INF
19536	INF
19537	INF
19538	INF
19539	INF
19540	INF
19541	INF
19542	INF
19543	INF
19544	INF
19545	INF
19546	INF
19547	INF
19548	INF
19549	INF
19550	INF
19551	INF
19552	INF
19553	INF
19554	INF
19555	INF
19556	INF
19557	INF
19558	INF
19559	INF
19560	INF
19561	INF
19562	INF
19563	INF
19564	INF
19565	INF
19566	INF
19567	INF
19568	INF
19569	INF
19570	INF
19571	INF
19572	INF
19573	INF
19574	INF
19575	INF
19576	INF
19577	INF
19578	INF
19579	INF
19580	INF
19581	INF
19582	INF
19583	INF
19584	INF
19585	INF
19586	INF
19587	INF
19588	INF
19589	INF
19590	INF
19591	INF
19592	INF
19593	INF
19594	INF
19595	INF
19596	INF
19597	INF
19598	INF
19599	INF
19600	INF
19601	INF
19602	INF
19603	INF
19604	INF
19605	INF
19606	INF
19607	INF
19608	INF
19609	INF
19610	INF
19611	INF
19612	INF
19613	INF
19614	INF
19615	INF
19616	INF
19617	INF
19618	INF
19619	INF
19620	INF
19621	INF
19622	INF
19623	INF
19624	INF
19625	INF
19626	INF
19627	INF
19628	INF
19629	INF
19630	INF
19631	INF
19632	INF
19633	INF
19634	INF
19635	INF
19636	INF
19637	INF
19638	INF
19639	INF
19640	INF
19641	INF
19642	INF
19643	INF
19644	INF
19645	INF
19646	INF
19647	INF
19648	INF
19649	INF
19650	INF
19651	INF
19652	INF
19653	INF
19654	INF
19655	INF
19656	INF
19657	INF
19658	INF
19659	INF
19660	INF
19661	INF
19662	INF
19663	INF
19664	INF
19665	INF
19666	INF
19667	INF
19668	INF
19669	INF
19670	INF
19671	INF
19672	INF
19673	INF
19674	INF
19675	INF
19676	INF
19677	INF
19678	INF
19679	INF
19680	INF
19681	INF
19682	INF
19683	INF
19684	INF
19685	INF
19686	INF
19687	INF
19688	INF
19689	INF
19690	INF
19691	INF
19692	INF
19693	INF
19694	INF
19695	INF
19696	INF
19697	INF
19698	INF
19699	INF
19700	INF
19701	INF
19702	INF
19703	INF
19704	INF
19705	INF
19706	INF
19707	INF
19708	INF
19709	INF
19710	INF
19711	INF
19712	INF
19713	INF
19714	INF
19715	INF
19716	INF
19717	INF
19718	INF
19719	INF
19720	INF
19721	INF
19722	INF
19723	INF
19724	INF
19725	INF
19726	INF
19727	INF
19728	INF
19729	INF
19730	INF
19731	INF
19732	INF
19733	INF
19734	INF
19735	INF
19736	INF
19737	INF
19738	INF
19739	INF
19740	INF
19741	INF
19742	INF
19743	INF
19744	INF
19745	INF
19746	INF
19747	INF
19748	INF
19749	INF
19750	INF
19751	INF
19752	INF
19753	INF
19754	INF
19755	INF
19756	INF
19757	INF
19758	INF
19759	INF
19760	INF
19761	INF
19762	INF
19763	INF
19764	INF
19765	INF
19766	INF
19767	INF
19768	INF
19769	INF
19770	INF
19771	INF
19772	INF
19773	INF
19774	INF
19775	INF
19776	INF
19777	INF
19778	INF
19779	INF
19780	INF
19781	INF
19782	INF
19783	INF
19784	INF
19785	INF
19786	INF
19787	INF
19788	INF
19789	INF
19790	INF
19791	INF
19792	INF
19793	INF
19794	INF
19795	INF
19796	INF
19797	INF
19798	INF
19799	INF
19800	INF
19801	INF
19802	INF
19803	INF
19804	INF
19805	INF
19806	INF
19807	INF
19808	INF
19809	INF
19810	INF
19811	INF
19812	INF
19813	INF
19814	INF
19815	INF
19816	INF
19817	INF
19818	INF
19819	INF
19820	INF
19821	INF
19822	INF
19823	INF
19824	INF
19825	INF
19826	INF
19827	INF
19828	INF
19829	INF
19830	INF
19831	INF
19832	INF
19833	INF
19834	INF
19835	INF
19836	INF
19837	INF
19838	INF
19839	INF
19840	INF
19841	INF
19842	INF
19843	INF
19844	INF
19845	INF
19846	INF
19847	INF
19848	INF
19849	INF
19850	INF
19851	INF
19852	INF
19853	INF
19854	INF
19855	INF
19856	INF
19857	INF
19858	INF
19859	INF
19860	INF
19861	INF
19862	INF
19863	INF
19864	INF
19865	INF
19866	INF
19867	INF
19868	INF
19869	INF
19870	INF
19871	INF
19872	INF
19873	INF
19874	INF
19875	INF
19876	INF
19877	INF
19878	INF
19879	INF
19880	INF
19881	INF
19882	INF
19883	INF
19884	INF
19885	INF
19886	INF
19887	INF
19888	INF
19889	INF
19890	INF
19891	INF
19892	INF
19893	INF
19894	INF
19895	INF
19896	INF
19897	INF
19898	INF
19899	INF
19900	INF
19901	INF
19902	INF
19903	INF
19904	INF
19905	INF
19906	INF
19907	INF
19908	INF
19909	INF
19910	INF
19911	INF
19912	INF
19913	INF
19914	INF
19915	INF
19916	INF
19917	INF
19918	INF
19919	INF
19920	INF
19921	INF
19922	INF
19923	INF
19924	INF
19925	INF
19926	INF
19927	INF
19928	INF
19929	INF
19930	INF
19931	INF
19932	INF
19933	INF
19934	INF
19935	INF
19936	INF
19937	INF
19938	INF
19939	INF
19940	INF
19941	INF
19942	INF
19943	INF
19944	INF
19945	INF
19946	INF
19947	INF
19948	INF
19949	INF
19950	INF
19951	INF
19952	INF
19953	INF
19954	INF
19955	INF
19956	INF
19957	INF
19958	INF
19959	INF
19960	INF
19961	INF
19962	INF
19963	INF
19964	INF
19965	INF
19966	INF
19967	INF
19968	INF
19969	INF
19970	INF
19971	INF
19972	INF
19973	INF
19974	INF
19975	INF
19976	INF
19977	INF
19978	INF
19979	INF
19980	INF
19981	INF
19982	INF
19983	INF
19984	INF
19985	INF
19986	INF
19987	INF
19988	INF
19989	INF
19990	INF
19991	INF
19992	INF
19993	INF
19994	INF
19995	INF
19996	INF
19997	INF
19998	INF
19999	INF
20000	INF
20001	INF
20002	INF
20003	INF
20004	INF
20005	INF
20006	INF
20007	INF
20008	INF
20009	INF
20010	INF
20011	INF
20012	INF
20013	INF
20014	INF
20015	INF
20016	INF
20017	INF
20018	INF
20019	INF
20020	INF
20021	INF
20022	INF
20023	INF
20024	INF
20025	INF
20026	INF
20027	INF
20028	INF
20029	INF
20030	INF
20031	INF
20032	INF
20033	INF
20034	INF
20035	INF
20036	INF
20037	INF
20038	INF
20039	INF
20040	INF
20041	INF
20042	INF
20043	INF
20044	INF
20045	INF
20046	INF
20047	INF
20048	INF
20049	INF
20050	INF
20051	INF
20052	INF
20053	INF
20054	INF
20055	INF
20056	INF
20057	INF
20058	INF
20059	INF
20060	INF
20061	INF
20062	INF
20063	INF
20064	INF
20065	INF
20066	INF
20067	INF
20068	INF
20069	INF
20070	INF
20071	INF
20072	INF
20073	INF
20074	INF
20075	INF
20076	INF
20077	INF
20078	INF
20079	INF
20080	INF
20081	INF
20082	INF
20083	INF
20084	INF
20085	INF
20086	INF
20087	INF
20088	INF
20089	INF
20090	INF
20091	INF
20092	INF
20093	INF
20094	INF
20095	INF
20096	INF
20097	INF
20098	INF
20099	INF
20100	INF
20101	INF
20102	INF
20103	INF
20104	INF
20105	INF
20106	INF
20107	INF
20108	INF
20109	INF
20110	INF
20111	INF
20112	INF
20113	INF
20114	INF
20115	INF
20116	INF
20117	INF
20118	INF
20119	INF
20120	INF
20121	INF
20122	INF
20123	INF
20124	INF
20125	INF
20126	INF
20127	INF
20128	INF
20129	INF
20130	INF
20131	INF
20132	INF
20133	INF
20134	INF
20135	INF
20136	INF
20137	INF
20138	INF
20139	INF
20140	INF
20141	INF
20142	INF
20143	INF
20144	INF
20145	INF
20146	INF
20147	INF
20148	INF
20149	INF
20150	INF
20151	INF
20152	INF
20153	INF
20154	INF
20155	INF
20156	INF
20157	INF
20158	INF
20159	INF
20160	INF
20161	INF
20162	INF
20163	INF
20164	INF
20165	INF
20166	INF
20167	INF
20168	INF
20169	INF
20170	INF
20171	INF
20172	INF
20173	INF
20174	INF
20175	INF
20176	INF
20177	INF
20178	INF
20179	INF
20180	INF
20181	INF
20182	INF
20183	INF
20184	INF
20185	INF
20186	INF
20187	INF
20188	INF
20189	INF
20190	INF
20191	INF
20192	INF
20193	INF
20194	INF
20195	INF
20196	INF
20197	INF
20198	INF
20199	INF
20200	INF
20201	INF
20202	INF
20203	INF
20204	INF
20205	INF
20206	INF
20207	INF
20208	INF
20209	INF
20210	INF
20211	INF
20212	INF
20213	INF
20214	INF
20215	INF
20216	INF
20217	INF
20218	INF
20219	INF
20220	INF
20221	INF
20222	INF
20223	INF
20224	INF
20225	INF
20226	INF
20227	INF
20228	INF
20229	INF
20230	INF
20231	INF
20232	INF
20233	INF
20234	INF
20235	INF
20236	INF
20237	INF
20238	INF
20239	INF
20240	INF
20241	INF
20242	INF
20243	INF
20244	INF
20245	INF
20246	INF
20247	INF
20248	INF
20249	INF
20250	INF
20251	INF
20252	INF
20253	INF
20254	INF
20255	INF
20256	INF
20257	INF
20258	INF
20259	INF
20260	INF
20261	INF
20262	INF
20263	INF
20264	INF
20265	INF
20266	INF
20267	INF
20268	INF
20269	INF
20270	INF
20271	INF
20272	INF
20273	INF
20274	INF
20275	INF
20276	INF
20277	INF
20278	INF
20279	INF
20280	INF
20281	INF
20282	INF
20283	INF
20284	INF
20285	INF
20286	INF
20287	INF
20288	INF
20289	INF
20290	INF
20291	INF
20292	INF
20293	INF
20294	INF
20295	INF
20296	INF
20297	INF
20298	INF
20299	INF
20300	INF
20301	INF
20302	INF
20303	INF
20304	INF
20305	INF
20306	INF
20307	INF
20308	INF
20309	INF
20310	INF
20311	INF
20312	INF
20313	INF
20314	INF
20315	INF
20316	INF
20317	INF
20318	INF
20319	INF
20320	INF
20321	INF
20322	INF
20323	INF
20324	INF
20325	INF
20326	INF
20327	INF
20328	INF
20329	INF
20330	INF
20331	INF
20332	INF
20333	INF
20334	INF
20335	INF
20336	INF
20337	INF
20338	INF
20339	INF
20340	INF
20341	INF
20342	INF
20343	INF
20344	INF
20345	INF
20346	INF
20347	INF
20348	INF
20349	INF
20350	INF
20351	INF
20352	INF
20353	INF
20354	INF
20355	INF
20356	INF
20357	INF
20358	INF
20359	INF
20360	INF
20361	INF
20362	INF
20363	INF
20364	INF
20365	INF
20366	INF
20367	INF
20368	INF
20369	INF
20370	INF
20371	INF
20372	INF
20373	INF
20374	INF
20375	INF
20376	INF
20377	INF
20378	INF
20379	INF
20380	INF
20381	INF
20382	INF
20383	INF
20384	INF
20385	INF
20386	INF
20387	INF
20388	INF
20389	INF
20390	INF
20391	INF
20392	INF
20393	INF
20394	INF
20395	INF
20396	INF
20397	INF
20398	INF
20399	INF
20400	INF
20401	INF
20402	INF
20403	INF
20404	INF
20405	INF
20406	INF
20407	INF
20408	INF
20409	INF
20410	INF
20411	INF
20412	INF
20413	INF
20414	INF
20415	INF
20416	INF
20417	INF
20418	INF
20419	INF
20420	INF
20421	INF
20422	INF
20423	INF
20424	INF
20425	INF
20426	INF
20427	INF
20428	INF
20429	INF
20430	INF
20431	INF
20432	INF
20433	INF
20434	INF
20435	INF
20436	INF
20437	INF
20438	INF
20439	INF
20440	INF
20441	INF
20442	INF
20443	INF
20444	INF
20445	INF
20446	INF
20447	INF
20448	INF
20449	INF
20450	INF
20451	INF
20452	INF
20453	INF
20454	INF
20455	INF
20456	INF
20457	INF
20458	INF
20459	INF
20460	INF
20461	INF
20462	INF
20463	INF
20464	INF
20465	INF
20466	INF
20467	INF
20468	INF
20469	INF
20470	INF
20471	INF
20472	INF
20473	INF
20474	INF
20475	INF
20476	INF
20477	INF
20478	INF
20479	INF
20480	INF
20481	INF
20482	INF
20483	INF
20484	INF
20485	INF
20486	INF
20487	INF
20488	INF
20489	INF
20490	INF
20491	INF
20492	INF
20493	INF
20494	INF
20495	INF
20496	INF
20497	INF
20498	INF
20499	INF
20500	INF
20501	INF
20502	INF
20503	INF
20504	INF
20505	INF
20506	INF
20507	INF
20508	INF
20509	INF
20510	INF
20511	INF
20512	INF
20513	INF
20514	INF
20515	INF
20516	INF
20517	INF
20518	INF
20519	INF
20520	INF
20521	INF
20522	INF
20523	INF
20524	INF
20525	INF
20526	INF
20527	INF
20528	INF
20529	INF
20530	INF
20531	INF
20532	INF
20533	INF
20534	INF
20535	INF
20536	INF
20537	INF
20538	INF
20539	INF
20540	INF
20541	INF
20542	INF
20543	INF
20544	INF
20545	INF
20546	INF
20547	INF
20548	INF
20549	INF
20550	INF
20551	INF
20552	INF
20553	INF
20554	INF
20555	INF
20556	INF
20557	INF
20558	INF
20559	INF
20560	INF
20561	INF
20562	INF
20563	INF
20564	INF
20565	INF
20566	INF
20567	INF
20568	INF
20569	INF
20570	INF
20571	INF
20572	INF
20573	INF
20574	INF
20575	INF
20576	INF
20577	INF
20578	INF
20579	INF
20580	INF
20581	INF
20582	INF
20583	INF
20584	INF
20585	INF
20586	INF
20587	INF
20588	INF
20589	INF
20590	INF
20591	INF
20592	INF
20593	INF
20594	INF
20595	INF
20596	INF
20597	INF
20598	INF
20599	INF
20600	INF
20601	INF
20602	INF
20603	INF
20604	INF
20605	INF
20606	INF
20607	INF
20608	INF
20609	INF
20610	INF
20611	INF
20612	INF
20613	INF
20614	INF
20615	INF
20616	INF
20617	INF
20618	INF
20619	INF
20620	INF
20621	INF
20622	INF
20623	INF
20624	INF
20625	INF
20626	INF
20627	INF
20628	INF
20629	INF
20630	INF
20631	INF
20632	INF
20633	INF
20634	INF
20635	INF
20636	INF
20637	INF
20638	INF
20639	INF
20640	INF
20641	INF
20642	INF
20643	INF
20644	INF
20645	INF
20646	INF
20647	INF
20648	INF
20649	INF
20650	INF
20651	INF
20652	INF
20653	INF
20654	INF
20655	INF
20656	INF
20657	INF
20658	INF
20659	INF
20660	INF
20661	INF
20662	INF
20663	INF
20664	INF
20665	INF
20666	INF
20667	INF
20668	INF
20669	INF
20670	INF
20671	INF
20672	INF
20673	INF
20674	INF
20675	INF
20676	INF
20677	INF
20678	INF
20679	INF
20680	INF
20681	INF
20682	INF
20683	INF
20684	INF
20685	INF
20686	INF
20687	INF
20688	INF
20689	INF
20690	INF
20691	INF
20692	INF
20693	INF
20694	INF
20695	INF
20696	INF
20697	INF
20698	INF
20699	INF
20700	INF
20701	INF
20702	INF
20703	INF
20704	INF
20705	INF
20706	INF
20707	INF
20708	INF
20709	INF
20710	INF
20711	INF
20712	INF
20713	INF
20714	INF
20715	INF
20716	INF
20717	INF
20718	INF
20719	INF
20720	INF
20721	INF
20722	INF
20723	INF
20724	INF
20725	INF
20726	INF
20727	INF
20728	INF
20729	INF
20730	INF
20731	INF
20732	INF
20733	INF
20734	INF
20735	INF
20736	INF
20737	INF
20738	INF
20739	INF
20740	INF
20741	INF
20742	INF
20743	INF
20744	INF
20745	INF
20746	INF
20747	INF
20748	INF
20749	INF
20750	INF
20751	INF
20752	INF
20753	INF
20754	INF
20755	INF
20756	INF
20757	INF
20758	INF
20759	INF
20760	INF
20761	INF
20762	INF
20763	INF
20764	INF
20765	INF
20766	INF
20767	INF
20768	INF
20769	INF
20770	INF
20771	INF
20772	INF
20773	INF
20774	INF
20775	INF
20776	INF
20777	INF
20778	INF
20779	INF
20780	INF
20781	INF
20782	INF
20783	INF
20784	INF
20785	INF
20786	INF
20787	INF
20788	INF
20789	INF
20790	INF
20791	INF
20792	INF
20793	INF
20794	INF
20795	INF
20796	INF
20797	INF
20798	INF
20799	INF
20800	INF
20801	INF
20802	INF
20803	INF
20804	INF
20805	INF
20806	INF
20807	INF
20808	INF
20809	INF
20810	INF
20811	INF
20812	INF
20813	INF
20814	INF
20815	INF
20816	INF
20817	INF
20818	INF
20819	INF
20820	INF
20821	INF
20822	INF
20823	INF
20824	INF
20825	INF
20826	INF
20827	INF
20828	INF
20829	INF
20830	INF
20831	INF
20832	INF
20833	INF
20834	INF
20835	INF
20836	INF
20837	INF
20838	INF
20839	INF
20840	INF
20841	INF
20842	INF
20843	INF
20844	INF
20845	INF
20846	INF
20847	INF
20848	INF
20849	INF
20850	INF
20851	INF
20852	INF
20853	INF
20854	INF
20855	INF
20856	INF
20857	INF
20858	INF
20859	INF
20860	INF
20861	INF
20862	INF
20863	INF
20864	INF
20865	INF
20866	INF
20867	INF
20868	INF
20869	INF
20870	INF
20871	INF
20872	INF
20873	INF
20874	INF
20875	INF
20876	INF
20877	INF
20878	INF
20879	INF
20880	INF
20881	INF
20882	INF
20883	INF
20884	INF
20885	INF
20886	INF
20887	INF
20888	INF
20889	INF
20890	INF
20891	INF
20892	INF
20893	INF
20894	INF
20895	INF
20896	INF
20897	INF
20898	INF
20899	INF
20900	INF
20901	INF
20902	INF
20903	INF
20904	INF
20905	INF
20906	INF
20907	INF
20908	INF
20909	INF
20910	INF
20911	INF
20912	INF
20913	INF
20914	INF
20915	INF
20916	INF
20917	INF
20918	INF
20919	INF
20920	INF
20921	INF
20922	INF
20923	INF
20924	INF
20925	INF
20926	INF
20927	INF
20928	INF
20929	INF
20930	INF
20931	INF
20932	INF
20933	INF
20934	INF
20935	INF
20936	INF
20937	INF
20938	INF
20939	INF
20940	INF
20941	INF
20942	INF
20943	INF
20944	INF
20945	INF
20946	INF
20947	INF
20948	INF
20949	INF
20950	INF
20951	INF
20952	INF
20953	INF
20954	INF
20955	INF
20956	INF
20957	INF
20958	INF
20959	INF
20960	INF
20961	INF
20962	INF
20963	INF
20964	INF
20965	INF
20966	INF
20967	INF
20968	INF
20969	INF
20970	INF
20971	INF
20972	INF
20973	INF
20974	INF
20975	INF
20976	INF
20977	INF
20978	INF
20979	INF
20980	INF
20981	INF
20982	INF
20983	INF
20984	INF
20985	INF
20986	INF
20987	INF
20988	INF
20989	INF
20990	INF
20991	INF
20992	INF
20993	INF
20994	INF
20995	INF
20996	INF
20997	INF
20998	INF
20999	INF
21000	INF
21001	INF
21002	INF
21003	INF
21004	INF
21005	INF
21006	INF
21007	INF
21008	INF
21009	INF
21010	INF
21011	INF
21012	INF
21013	INF
21014	INF
21015	INF
21016	INF
21017	INF
21018	INF
21019	INF
21020	INF
21021	INF
21022	INF
21023	INF
21024	INF
21025	INF
21026	INF
21027	INF
21028	INF
21029	INF
21030	INF
21031	INF
21032	INF
21033	INF
21034	INF
21035	INF
21036	INF
21037	INF
21038	INF
21039	INF
21040	INF
21041	INF
21042	INF
21043	INF
21044	INF
21045	INF
21046	INF
21047	INF
21048	INF
21049	INF
21050	INF
21051	INF
21052	INF
21053	INF
21054	INF
21055	INF
21056	INF
21057	INF
21058	INF
21059	INF
21060	INF
21061	INF
21062	INF
21063	INF
21064	INF
21065	INF
21066	INF
21067	INF
21068	INF
21069	INF
21070	INF
21071	INF
21072	INF
21073	INF
21074	INF
21075	INF
21076	INF
21077	INF
21078	INF
21079	INF
21080	INF
21081	INF
21082	INF
21083	INF
21084	INF
21085	INF
21086	INF
21087	INF
21088	INF
21089	INF
21090	INF
21091	INF
21092	INF
21093	INF
21094	INF
21095	INF
21096	INF
21097	INF
21098	INF
21099	INF
21100	INF
21101	INF
21102	INF
21103	INF
21104	INF
21105	INF
21106	INF
21107	INF
21108	INF
21109	INF
21110	INF
21111	INF
21112	INF
21113	INF
21114	INF
21115	INF
21116	INF
21117	INF
21118	INF
21119	INF
21120	INF
21121	INF
21122	INF
21123	INF
21124	INF
21125	INF
21126	INF
21127	INF
21128	INF
21129	INF
21130	INF
21131	INF
21132	INF
21133	INF
21134	INF
21135	INF
21136	INF
21137	INF
21138	INF
21139	INF
21140	INF
21141	INF
21142	INF
21143	INF
21144	INF
21145	INF
21146	INF
21147	INF
21148	INF
21149	INF
21150	INF
21151	INF
21152	INF
21153	INF
21154	INF
21155	INF
21156	INF
21157	INF
21158	INF
21159	INF
21160	INF
21161	INF
21162	INF
21163	INF
21164	INF
21165	INF
21166	INF
21167	INF
21168	INF
21169	INF
21170	INF
21171	INF
21172	INF
21173	INF
21174	INF
21175	INF
21176	INF
21177	INF
21178	INF
21179	INF
21180	INF
21181	INF
21182	INF
21183	INF
21184	INF
21185	INF
21186	INF
21187	INF
21188	INF
21189	INF
21190	INF
21191	INF
21192	INF
21193	INF
21194	INF
21195	INF
21196	INF
21197	INF
21198	INF
21199	INF
21200	INF
21201	INF
21202	INF
21203	INF
21204	INF
21205	INF
21206	INF
21207	INF
21208	INF
21209	INF
21210	INF
21211	INF
21212	INF
21213	INF
21214	INF
21215	INF
21216	INF
21217	INF
21218	INF
21219	INF
21220	INF
21221	INF
21222	INF
21223	INF
21224	INF
21225	INF
21226	INF
21227	INF
21228	INF
21229	INF
21230	INF
21231	INF
21232	INF
21233	INF
21234	INF
21235	INF
21236	INF
21237	INF
21238	INF
21239	INF
21240	INF
21241	INF
21242	INF
21243	INF
21244	INF
21245	INF
21246	INF
21247	INF
21248	INF
21249	INF
21250	INF
21251	INF
21252	INF
21253	INF
21254	INF
21255	INF
21256	INF
21257	INF
21258	INF
21259	INF
21260	INF
21261	INF
21262	INF
21263	INF
21264	INF
21265	INF
21266	INF
21267	INF
21268	INF
21269	INF
21270	INF
21271	INF
21272	INF
21273	INF
21274	INF
21275	INF
21276	INF
21277	INF
21278	INF
21279	INF
21280	INF
21281	INF
21282	INF
21283	INF
21284	INF
21285	INF
21286	INF
21287	INF
21288	INF
21289	INF
21290	INF
21291	INF
21292	INF
21293	INF
21294	INF
21295	INF
21296	INF
21297	INF
21298	INF
21299	INF
21300	INF
21301	INF
21302	INF
21303	INF
21304	INF
21305	INF
21306	INF
21307	INF
21308	INF
21309	INF
21310	INF
21311	INF
21312	INF
21313	INF
21314	INF
21315	INF
21316	INF
21317	INF
21318	INF
21319	INF
21320	INF
21321	INF
21322	INF
21323	INF
21324	INF
21325	INF
21326	INF
21327	INF
21328	INF
21329	INF
21330	INF
21331	INF
21332	INF
21333	INF
21334	INF
21335	INF
21336	INF
21337	INF
21338	INF
21339	INF
21340	INF
21341	INF
21342	INF
21343	INF
21344	INF
21345	INF
21346	INF
21347	INF
21348	INF
21349	INF
21350	INF
21351	INF
21352	INF
21353	INF
21354	INF
21355	INF
21356	INF
21357	INF
21358	INF
21359	INF
21360	INF
21361	INF
21362	INF
21363	INF
21364	INF
21365	INF
21366	INF
21367	INF
21368	INF
21369	INF
21370	INF
21371	INF
21372	INF
21373	INF
21374	INF
21375	INF
21376	INF
21377	INF
21378	INF
21379	INF
21380	INF
21381	INF
21382	INF
21383	INF
21384	INF
21385	INF
21386	INF
21387	INF
21388	INF
21389	INF
21390	INF
21391	INF
21392	INF
21393	INF
21394	INF
21395	INF
21396	INF
21397	INF
21398	INF
21399	INF
21400	INF
21401	INF
21402	INF
21403	INF
21404	INF
21405	INF
21406	INF
21407	INF
21408	INF
21409	INF
21410	INF
21411	INF
21412	INF
21413	INF
21414	INF
21415	INF
21416	INF
21417	INF
21418	INF
21419	INF
21420	INF
21421	INF
21422	INF
21423	INF
21424	INF
21425	INF
21426	INF
21427	INF
21428	INF
21429	INF
21430	INF
21431	INF
21432	INF
21433	INF
21434	INF
21435	INF
21436	INF
21437	INF
21438	INF
21439	INF
21440	INF
21441	INF
21442	INF
21443	INF
21444	INF
21445	INF
21446	INF
21447	INF
21448	INF
21449	INF
21450	INF
21451	INF
21452	INF
21453	INF
21454	INF
21455	INF
21456	INF
21457	INF
21458	INF
21459	INF
21460	INF
21461	INF
21462	INF
21463	INF
21464	INF
21465	INF
21466	INF
21467	INF
21468	INF
21469	INF
21470	INF
21471	INF
21472	INF
21473	INF
21474	INF
21475	INF
21476	INF
21477	INF
21478	INF
21479	INF
21480	INF
21481	INF
21482	INF
21483	INF
21484	INF
21485	INF
21486	INF
21487	INF
21488	INF
21489	INF
21490	INF
21491	INF
21492	INF
21493	INF
21494	INF
21495	INF
21496	INF
21497	INF
21498	INF
21499	INF
21500	INF
21501	INF
21502	INF
21503	INF
21504	INF
21505	INF
21506	INF
21507	INF
21508	INF
21509	INF
21510	INF
21511	INF
21512	INF
21513	INF
21514	INF
21515	INF
21516	INF
21517	INF
21518	INF
21519	INF
21520	INF
21521	INF
21522	INF
21523	INF
21524	INF
21525	INF
21526	INF
21527	INF
21528	INF
21529	INF
21530	INF
21531	INF
21532	INF
21533	INF
21534	INF
21535	INF
21536	INF
21537	INF
21538	INF
21539	INF
21540	INF
21541	INF
21542	INF
21543	INF
21544	INF
21545	INF
21546	INF
21547	INF
21548	INF
21549	INF
21550	INF
21551	INF
21552	INF
21553	INF
21554	INF
21555	INF
21556	INF
21557	INF
21558	INF
21559	INF
21560	INF
21561	INF
21562	INF
21563	INF
21564	INF
21565	INF
21566	INF
21567	INF
21568	INF
21569	INF
21570	INF
21571	INF
21572	INF
21573	INF
21574	INF
21575	INF
21576	INF
21577	INF
21578	INF
21579	INF
21580	INF
21581	INF
21582	INF
21583	INF
21584	INF
21585	INF
21586	INF
21587	INF
21588	INF
21589	INF
21590	INF
21591	INF
21592	INF
21593	INF
21594	INF
21595	INF
21596	INF
21597	INF
21598	INF
21599	INF
21600	INF
21601	INF
21602	INF
21603	INF
21604	INF
21605	INF
21606	INF
21607	INF
21608	INF
21609	INF
21610	INF
21611	INF
21612	INF
21613	INF
21614	INF
21615	INF
21616	INF
21617	INF
21618	INF
21619	INF
21620	INF
21621	INF
21622	INF
21623	INF
21624	INF
21625	INF
21626	INF
21627	INF
21628	INF
21629	INF
21630	INF
21631	INF
21632	INF
21633	INF
21634	INF
21635	INF
21636	INF
21637	INF
21638	INF
21639	INF
21640	INF
21641	INF
21642	INF
21643	INF
21644	INF
21645	INF
21646	INF
21647	INF
21648	INF
21649	INF
21650	INF
21651	INF
21652	INF
21653	INF
21654	INF
21655	INF
21656	INF
21657	INF
21658	INF
21659	INF
21660	INF
21661	INF
21662	INF
21663	INF
21664	INF
21665	INF
21666	INF
21667	INF
21668	INF
21669	INF
21670	INF
21671	INF
21672	INF
21673	INF
21674	INF
21675	INF
21676	INF
21677	INF
21678	INF
21679	INF
21680	INF
21681	INF
21682	INF
21683	INF
21684	INF
21685	INF
21686	INF
21687	INF
21688	INF
21689	INF
21690	INF
21691	INF
21692	INF
21693	INF
21694	INF
21695	INF
21696	INF
21697	INF
21698	INF
21699	INF
21700	INF
21701	INF
21702	INF
21703	INF
21704	INF
21705	INF
21706	INF
21707	INF
21708	INF
21709	INF
21710	INF
21711	INF
21712	INF
21713	INF
21714	INF
21715	INF
21716	INF
21717	INF
21718	INF
21719	INF
21720	INF
21721	INF
21722	INF
21723	INF
21724	INF
21725	INF
21726	INF
21727	INF
21728	INF
21729	INF
21730	INF
21731	INF
21732	INF
21733	INF
21734	INF
21735	INF
21736	INF
21737	INF
21738	INF
21739	INF
21740	INF
21741	INF
21742	INF
21743	INF
21744	INF
21745	INF
21746	INF
21747	INF
21748	INF
21749	INF
21750	INF
21751	INF
21752	INF
21753	INF
21754	INF
21755	INF
21756	INF
21757	INF
21758	INF
21759	INF
21760	INF
21761	INF
21762	INF
21763	INF
21764	INF
21765	INF
21766	INF
21767	INF
21768	INF
21769	INF
21770	INF
21771	INF
21772	INF
21773	INF
21774	INF
21775	INF
21776	INF
21777	INF
21778	INF
21779	INF
21780	INF
21781	INF
21782	INF
21783	INF
21784	INF
21785	INF
21786	INF
21787	INF
21788	INF
21789	INF
21790	INF
21791	INF
21792	INF
21793	INF
21794	INF
21795	INF
21796	INF
21797	INF
21798	INF
21799	INF
21800	INF
21801	INF
21802	INF
21803	INF
21804	INF
21805	INF
21806	INF
21807	INF
21808	INF
21809	INF
21810	INF
21811	INF
21812	INF
21813	INF
21814	INF
21815	INF
21816	INF
21817	INF
21818	INF
21819	INF
21820	INF
21821	INF
21822	INF
21823	INF
21824	INF
21825	INF
21826	INF
21827	INF
21828	INF
21829	INF
21830	INF
21831	INF
21832	INF
21833	INF
21834	INF
21835	INF
21836	INF
21837	INF
21838	INF
21839	INF
21840	INF
21841	INF
21842	INF
21843	INF
21844	INF
21845	INF
21846	INF
21847	INF
21848	INF
21849	INF
21850	INF
21851	INF
21852	INF
21853	INF
21854	INF
21855	INF
21856	INF
21857	INF
21858	INF
21859	INF
21860	INF
21861	INF
21862	INF
21863	INF
21864	INF
21865	INF
21866	INF
21867	INF
21868	INF
21869	INF
21870	INF
21871	INF
21872	INF
21873	INF
21874	INF
21875	INF
21876	INF
21877	INF
21878	INF
21879	INF
21880	INF
21881	INF
21882	INF
21883	INF
21884	INF
21885	INF
21886	INF
21887	INF
21888	INF
21889	INF
21890	INF
21891	INF
21892	INF
21893	INF
21894	INF
21895	INF
21896	INF
21897	INF
21898	INF
21899	INF
21900	INF
21901	INF
21902	INF
21903	INF
21904	INF
21905	INF
21906	INF
21907	INF
21908	INF
21909	INF
21910	INF
21911	INF
21912	INF
21913	INF
21914	INF
21915	INF
21916	INF
21917	INF
21918	INF
21919	INF
21920	INF
21921	INF
21922	INF
21923	INF
21924	INF
21925	INF
21926	INF
21927	INF
21928	INF
21929	INF
21930	INF
21931	INF
21932	INF
21933	INF
21934	INF
21935	INF
21936	INF
21937	INF
21938	INF
21939	INF
21940	INF
21941	INF
21942	INF
21943	INF
21944	INF
21945	INF
21946	INF
21947	INF
21948	INF
21949	INF
21950	INF
21951	INF
21952	INF
21953	INF
21954	INF
21955	INF
21956	INF
21957	INF
21958	INF
21959	INF
21960	INF
21961	INF
21962	INF
21963	INF
21964	INF
21965	INF
21966	INF
21967	INF
21968	INF
21969	INF
21970	INF
21971	INF
21972	INF
21973	INF
21974	INF
21975	INF
21976	INF
21977	INF
21978	INF
21979	INF
21980	INF
21981	INF
21982	INF
21983	INF
21984	INF
21985	INF
21986	INF
21987	INF
21988	INF
21989	INF
21990	INF
21991	INF
21992	INF
21993	INF
21994	INF
21995	INF
21996	INF
21997	INF
21998	INF
21999	INF
22000	INF
22001	INF
22002	INF
22003	INF
22004	INF
22005	INF
22006	INF
22007	INF
22008	INF
22009	INF
22010	INF
22011	INF
22012	INF
22013	INF
22014	INF
22015	INF
22016	INF
22017	INF
22018	INF
22019	INF
22020	INF
22021	INF
22022	INF
22023	INF
22024	INF
22025	INF
22026	INF
22027	INF
22028	INF
22029	INF
22030	INF
22031	INF
22032	INF
22033	INF
22034	INF
22035	INF
22036	INF
22037	INF
22038	INF
22039	INF
22040	INF
22041	INF
22042	INF
22043	INF
22044	INF
22045	INF
22046	INF
22047	INF
22048	INF
22049	INF
22050	INF
22051	INF
22052	INF
22053	INF
22054	INF
22055	INF
22056	INF
22057	INF
22058	INF
22059	INF
22060	INF
22061	INF
22062	INF
22063	INF
22064	INF
22065	INF
22066	INF
22067	INF
22068	INF
22069	INF
22070	INF
22071	INF
22072	INF
22073	INF
22074	INF
22075	INF
22076	INF
22077	INF
22078	INF
22079	INF
22080	INF
22081	INF
22082	INF
22083	INF
22084	INF
22085	INF
22086	INF
22087	INF
22088	INF
22089	INF
22090	INF
22091	INF
22092	INF
22093	INF
22094	INF
22095	INF
22096	INF
22097	INF
22098	INF
22099	INF
22100	INF
22101	INF
22102	INF
22103	INF
22104	INF
22105	INF
22106	INF
22107	INF
22108	INF
22109	INF
22110	INF
22111	INF
22112	INF
22113	INF
22114	INF
22115	INF
22116	INF
22117	INF
22118	INF
22119	INF
22120	INF
22121	INF
22122	INF
22123	INF
22124	INF
22125	INF
22126	INF
22127	INF
22128	INF
22129	INF
22130	INF
22131	INF
22132	INF
22133	INF
22134	INF
22135	INF
22136	INF
22137	INF
22138	INF
22139	INF
22140	INF
22141	INF
22142	INF
22143	INF
22144	INF
22145	INF
22146	INF
22147	INF
22148	INF
22149	INF
22150	INF
22151	INF
22152	INF
22153	INF
22154	INF
22155	INF
22156	INF
22157	INF
22158	INF
22159	INF
22160	INF
22161	INF
22162	INF
22163	INF
22164	INF
22165	INF
22166	INF
22167	INF
22168	INF
22169	INF
22170	INF
22171	INF
22172	INF
22173	INF
22174	INF
22175	INF
22176	INF
22177	INF
22178	INF
22179	INF
22180	INF
22181	INF
22182	INF
22183	INF
22184	INF
22185	INF
22186	INF
22187	INF
22188	INF
22189	INF
22190	INF
22191	INF
22192	INF
22193	INF
22194	INF
22195	INF
22196	INF
22197	INF
22198	INF
22199	INF
22200	INF
22201	INF
22202	INF
22203	INF
22204	INF
22205	INF
22206	INF
22207	INF
22208	INF
22209	INF
22210	INF
22211	INF
22212	INF
22213	INF
22214	INF
22215	INF
22216	INF
22217	INF
22218	INF
22219	INF
22220	INF
22221	INF
22222	INF
22223	INF
22224	INF
22225	INF
22226	INF
22227	INF
22228	INF
22229	INF
22230	INF
22231	INF
22232	INF
22233	INF
22234	INF
22235	INF
22236	INF
22237	INF
22238	INF
22239	INF
22240	INF
22241	INF
22242	INF
22243	INF
22244	INF
22245	INF
22246	INF
22247	INF
22248	INF
22249	INF
22250	INF
22251	INF
22252	INF
22253	INF
22254	INF
22255	INF
22256	INF
22257	INF
22258	INF
22259	INF
22260	INF
22261	INF
22262	INF
22263	INF
22264	INF
22265	INF
22266	INF
22267	INF
22268	INF
22269	INF
22270	INF
22271	INF
22272	INF
22273	INF
22274	INF
22275	INF
22276	INF
22277	INF
22278	INF
22279	INF
22280	INF
22281	INF
22282	INF
22283	INF
22284	INF
22285	INF
22286	INF
22287	INF
22288	INF
22289	INF
22290	INF
22291	INF
22292	INF
22293	INF
22294	INF
22295	INF
22296	INF
22297	INF
22298	INF
22299	INF
22300	INF
22301	INF
22302	INF
22303	INF
22304	INF
22305	INF
22306	INF
22307	INF
22308	INF
22309	INF
22310	INF
22311	INF
22312	INF
22313	INF
22314	INF
22315	INF
22316	INF
22317	INF
22318	INF
22319	INF
22320	INF
22321	INF
22322	INF
22323	INF
22324	INF
22325	INF
22326	INF
22327	INF
22328	INF
22329	INF
22330	INF
22331	INF
22332	INF
22333	INF
22334	INF
22335	INF
22336	INF
22337	INF
22338	INF
22339	INF
22340	INF
22341	INF
22342	INF
22343	INF
22344	INF
22345	INF
22346	INF
22347	INF
22348	INF
22349	INF
22350	INF
22351	INF
22352	INF
22353	INF
22354	INF
22355	INF
22356	INF
22357	INF
22358	INF
22359	INF
22360	INF
22361	INF
22362	INF
22363	INF
22364	INF
22365	INF
22366	INF
22367	INF
22368	INF
22369	INF
22370	INF
22371	INF
22372	INF
22373	INF
22374	INF
22375	INF
22376	INF
22377	INF
22378	INF
22379	INF
22380	INF
22381	INF
22382	INF
22383	INF
22384	INF
22385	INF
22386	INF
22387	INF
22388	INF
22389	INF
22390	INF
22391	INF
22392	INF
22393	INF
22394	INF
22395	INF
22396	INF
22397	INF
22398	INF
22399	INF
22400	INF
22401	INF
22402	INF
22403	INF
22404	INF
22405	INF
22406	INF
22407	INF
22408	INF
22409	INF
22410	INF
22411	INF
22412	INF
22413	INF
22414	INF
22415	INF
22416	INF
22417	INF
22418	INF
22419	INF
22420	INF
22421	INF
22422	INF
22423	INF
22424	INF
22425	INF
22426	INF
22427	INF
22428	INF
22429	INF
22430	INF
22431	INF
22432	INF
22433	INF
22434	INF
22435	INF
22436	INF
22437	INF
22438	INF
22439	INF
22440	INF
22441	INF
22442	INF
22443	INF
22444	INF
22445	INF
22446	INF
22447	INF
22448	INF
22449	INF
22450	INF
22451	INF
22452	INF
22453	INF
22454	INF
22455	INF
22456	INF
22457	INF
22458	INF
22459	INF
22460	INF
22461	INF
22462	INF
22463	INF
22464	INF
22465	INF
22466	INF
22467	INF
22468	INF
22469	INF
22470	INF
22471	INF
22472	INF
22473	INF
22474	INF
22475	INF
22476	INF
22477	INF
22478	INF
22479	INF
22480	INF
22481	INF
22482	INF
22483	INF
22484	INF
22485	INF
22486	INF
22487	INF
22488	INF
22489	INF
22490	INF
22491	INF
22492	INF
22493	INF
22494	INF
22495	INF
22496	INF
22497	INF
22498	INF
22499	INF
22500	INF
22501	INF
22502	INF
22503	INF
22504	INF
22505	INF
22506	INF
22507	INF
22508	INF
22509	INF
22510	INF
22511	INF
22512	INF
22513	INF
22514	INF
22515	INF
22516	INF
22517	INF
22518	INF
22519	INF
22520	INF
22521	INF
22522	INF
22523	INF
22524	INF
22525	INF
22526	INF
22527	INF
22528	INF
22529	INF
22530	INF
22531	INF
22532	INF
22533	INF
22534	INF
22535	INF
22536	INF
22537	INF
22538	INF
22539	INF
22540	INF
22541	INF
22542	INF
22543	INF
22544	INF
22545	INF
22546	INF
22547	INF
22548	INF
22549	INF
22550	INF
22551	INF
22552	INF
22553	INF
22554	INF
22555	INF
22556	INF
22557	INF
22558	INF
22559	INF
22560	INF
22561	INF
22562	INF
22563	INF
22564	INF
22565	INF
22566	INF
22567	INF
22568	INF
22569	INF
22570	INF
22571	INF
22572	INF
22573	INF
22574	INF
22575	INF
22576	INF
22577	INF
22578	INF
22579	INF
22580	INF
22581	INF
22582	INF
22583	INF
22584	INF
22585	INF
22586	INF
22587	INF
22588	INF
22589	INF
22590	INF
22591	INF
22592	INF
22593	INF
22594	INF
22595	INF
22596	INF
22597	INF
22598	INF
22599	INF
22600	INF
22601	INF
22602	INF
22603	INF
22604	INF
22605	INF
22606	INF
22607	INF
22608	INF
22609	INF
22610	INF
22611	INF
22612	INF
22613	INF
22614	INF
22615	INF
22616	INF
22617	INF
22618	INF
22619	INF
22620	INF
22621	INF
22622	INF
22623	INF
22624	INF
22625	INF
22626	INF
22627	INF
22628	INF
22629	INF
22630	INF
22631	INF
22632	INF
22633	INF
22634	INF
22635	INF
22636	INF
22637	INF
22638	INF
22639	INF
22640	INF
22641	INF
22642	INF
22643	INF
22644	INF
22645	INF
22646	INF
22647	INF
22648	INF
22649	INF
22650	INF
22651	INF
22652	INF
22653	INF
22654	INF
22655	INF
22656	INF
22657	INF
22658	INF
22659	INF
22660	INF
22661	INF
22662	INF
22663	INF
22664	INF
22665	INF
22666	INF
22667	INF
22668	INF
22669	INF
22670	INF
22671	INF
22672	INF
22673	INF
22674	INF
22675	INF
22676	INF
22677	INF
22678	INF
22679	INF
22680	INF
22681	INF
22682	INF
22683	INF
22684	INF
22685	INF
22686	INF
22687	INF
22688	INF
22689	INF
22690	INF
22691	INF
22692	INF
22693	INF
22694	INF
22695	INF
22696	INF
22697	INF
22698	INF
22699	INF
22700	INF
22701	INF
22702	INF
22703	INF
22704	INF
22705	INF
22706	INF
22707	INF
22708	INF
22709	INF
22710	INF
22711	INF
22712	INF
22713	INF
22714	INF
22715	INF
22716	INF
22717	INF
22718	INF
22719	INF
22720	INF
22721	INF
22722	INF
22723	INF
22724	INF
22725	INF
22726	INF
22727	INF
22728	INF
22729	INF
22730	INF
22731	INF
22732	INF
22733	INF
22734	INF
22735	INF
22736	INF
22737	INF
22738	INF
22739	INF
22740	INF
22741	INF
22742	INF
22743	INF
22744	INF
22745	INF
22746	INF
22747	INF
22748	INF
22749	INF
22750	INF
22751	INF
22752	INF
22753	INF
22754	INF
22755	INF
22756	INF
22757	INF
22758	INF
22759	INF
22760	INF
22761	INF
22762	INF
22763	INF
22764	INF
22765	INF
22766	INF
22767	INF
22768	INF
22769	INF
22770	INF
22771	INF
22772	INF
22773	INF
22774	INF
22775	INF
22776	INF
22777	INF
22778	INF
22779	INF
22780	INF
22781	INF
22782	INF
22783	INF
22784	INF
22785	INF
22786	INF
22787	INF
22788	INF
22789	INF
22790	INF
22791	INF
22792	INF
22793	INF
22794	INF
22795	INF
22796	INF
22797	INF
22798	INF
22799	INF
22800	INF
22801	INF
22802	INF
22803	INF
22804	INF
22805	INF
22806	INF
22807	INF
22808	INF
22809	INF
22810	INF
22811	INF
22812	INF
22813	INF
22814	INF
22815	INF
22816	INF
22817	INF
22818	INF
22819	INF
22820	INF
22821	INF
22822	INF
22823	INF
22824	INF
22825	INF
22826	INF
22827	INF
22828	INF
22829	INF
22830	INF
22831	INF
22832	INF
22833	INF
22834	INF
22835	INF
22836	INF
22837	INF
22838	INF
22839	INF
22840	INF
22841	INF
22842	INF
22843	INF
22844	INF
22845	INF
22846	INF
22847	INF
22848	INF
22849	INF
22850	INF
22851	INF
22852	INF
22853	INF
22854	INF
22855	INF
22856	INF
22857	INF
22858	INF
22859	INF
22860	INF
22861	INF
22862	INF
22863	INF
22864	INF
22865	INF
22866	INF
22867	INF
22868	INF
22869	INF
22870	INF
22871	INF
22872	INF
22873	INF
22874	INF
22875	INF
22876	INF
22877	INF
22878	INF
22879	INF
22880	INF
22881	INF
22882	INF
22883	INF
22884	INF
22885	INF
22886	INF
22887	INF
22888	INF
22889	INF
22890	INF
22891	INF
22892	INF
22893	INF
22894	INF
22895	INF
22896	INF
22897	INF
22898	INF
22899	INF
22900	INF
22901	INF
22902	INF
22903	INF
22904	INF
22905	INF
22906	INF
22907	INF
22908	INF
22909	INF
22910	INF
22911	INF
22912	INF
22913	INF
22914	INF
22915	INF
22916	INF
22917	INF
22918	INF
22919	INF
22920	INF
22921	INF
22922	INF
22923	INF
22924	INF
22925	INF
22926	INF
22927	INF
22928	INF
22929	INF
22930	INF
22931	INF
22932	INF
22933	INF
22934	INF
22935	INF
22936	INF
22937	INF
22938	INF
22939	INF
22940	INF
22941	INF
22942	INF
22943	INF
22944	INF
22945	INF
22946	INF
22947	INF
22948	INF
22949	INF
22950	INF
22951	INF
22952	INF
22953	INF
22954	INF
22955	INF
22956	INF
22957	INF
22958	INF
22959	INF
22960	INF
22961	INF
22962	INF
22963	INF
22964	INF
22965	INF
22966	INF
22967	INF
22968	INF
22969	INF
22970	INF
22971	INF
22972	INF
22973	INF
22974	INF
22975	INF
22976	INF
22977	INF
22978	INF
22979	INF
22980	INF
22981	INF
22982	INF
22983	INF
22984	INF
22985	INF
22986	INF
22987	INF
22988	INF
22989	INF
22990	INF
22991	INF
22992	INF
22993	INF
22994	INF
22995	INF
22996	INF
22997	INF
22998	INF
22999	INF
23000	INF
23001	INF
23002	INF
23003	INF
23004	INF
23005	INF
23006	INF
23007	INF
23008	INF
23009	INF
23010	INF
23011	INF
23012	INF
23013	INF
23014	INF
23015	INF
23016	INF
23017	INF
23018	INF
23019	INF
23020	INF
23021	INF
23022	INF
23023	INF
23024	INF
23025	INF
23026	INF
23027	INF
23028	INF
23029	INF
23030	INF
23031	INF
23032	INF
23033	INF
23034	INF
23035	INF
23036	INF
23037	INF
23038	INF
23039	INF
23040	INF
23041	INF
23042	INF
23043	INF
23044	INF
23045	INF
23046	INF
23047	INF
23048	INF
23049	INF
23050	INF
23051	INF
23052	INF
23053	INF
23054	INF
23055	INF
23056	INF
23057	INF
23058	INF
23059	INF
23060	INF
23061	INF
23062	INF
23063	INF
23064	INF
23065	INF
23066	INF
23067	INF
23068	INF
23069	INF
23070	INF
23071	INF
23072	INF
23073	INF
23074	INF
23075	INF
23076	INF
23077	INF
23078	INF
23079	INF
23080	INF
23081	INF
23082	INF
23083	INF
23084	INF
23085	INF
23086	INF
23087	INF
23088	INF
23089	INF
23090	INF
23091	INF
23092	INF
23093	INF
23094	INF
23095	INF
23096	INF
23097	INF
23098	INF
23099	INF
23100	INF
23101	INF
23102	INF
23103	INF
23104	INF
23105	INF
23106	INF
23107	INF
23108	INF
23109	INF
23110	INF
23111	INF
23112	INF
23113	INF
23114	INF
23115	INF
23116	INF
23117	INF
23118	INF
23119	INF
23120	INF
23121	INF
23122	INF
23123	INF
23124	INF
23125	INF
23126	INF
23127	INF
23128	INF
23129	INF
23130	INF
23131	INF
23132	INF
23133	INF
23134	INF
23135	INF
23136	INF
23137	INF
23138	INF
23139	INF
23140	INF
23141	INF
23142	INF
23143	INF
23144	INF
23145	INF
23146	INF
23147	INF
23148	INF
23149	INF
23150	INF
23151	INF
23152	INF
23153	INF
23154	INF
23155	INF
23156	INF
23157	INF
23158	INF
23159	INF
23160	INF
23161	INF
23162	INF
23163	INF
23164	INF
23165	INF
23166	INF
23167	INF
23168	INF
23169	INF
23170	INF
23171	INF
23172	INF
23173	INF
23174	INF
23175	INF
23176	INF
23177	INF
23178	INF
23179	INF
23180	INF
23181	INF
23182	INF
23183	INF
23184	INF
23185	INF
23186	INF
23187	INF
23188	INF
23189	INF
23190	INF
23191	INF
23192	INF
23193	INF
23194	INF
23195	INF
23196	INF
23197	INF
23198	INF
23199	INF
23200	INF
23201	INF
23202	INF
23203	INF
23204	INF
23205	INF
23206	INF
23207	INF
23208	INF
23209	INF
23210	INF
23211	INF
23212	INF
23213	INF
23214	INF
23215	INF
23216	INF
23217	INF
23218	INF
23219	INF
23220	INF
23221	INF
23222	INF
23223	INF
23224	INF
23225	INF
23226	INF
23227	INF
23228	INF
23229	INF
23230	INF
23231	INF
23232	INF
23233	INF
23234	INF
23235	INF
23236	INF
23237	INF
23238	INF
23239	INF
23240	INF
23241	INF
23242	INF
23243	INF
23244	INF
23245	INF
23246	INF
23247	INF
23248	INF
23249	INF
23250	INF
23251	INF
23252	INF
23253	INF
23254	INF
23255	INF
23256	INF
23257	INF
23258	INF
23259	INF
23260	INF
23261	INF
23262	INF
23263	INF
23264	INF
23265	INF
23266	INF
23267	INF
23268	INF
23269	INF
23270	INF
23271	INF
23272	INF
23273	INF
23274	INF
23275	INF
23276	INF
23277	INF
23278	INF
23279	INF
23280	INF
23281	INF
23282	INF
23283	INF
23284	INF
23285	INF
23286	INF
23287	INF
23288	INF
23289	INF
23290	INF
23291	INF
23292	INF
23293	INF
23294	INF
23295	INF
23296	INF
23297	INF
23298	INF
23299	INF
23300	INF
23301	INF
23302	INF
23303	INF
23304	INF
23305	INF
23306	INF
23307	INF
23308	INF
23309	INF
23310	INF
23311	INF
23312	INF
23313	INF
23314	INF
23315	INF
23316	INF
23317	INF
23318	INF
23319	INF
23320	INF
23321	INF
23322	INF
23323	INF
23324	INF
23325	INF
23326	INF
23327	INF
23328	INF
23329	INF
23330	INF
23331	INF
23332	INF
23333	INF
23334	INF
23335	INF
23336	INF
23337	INF
23338	INF
23339	INF
23340	INF
23341	INF
23342	INF
23343	INF
23344	INF
23345	INF
23346	INF
23347	INF
23348	INF
23349	INF
23350	INF
23351	INF
23352	INF
23353	INF
23354	INF
23355	INF
23356	INF
23357	INF
23358	INF
23359	INF
23360	INF
23361	INF
23362	INF
23363	INF
23364	INF
23365	INF
23366	INF
23367	INF
23368	INF
23369	INF
23370	INF
23371	INF
23372	INF
23373	INF
23374	INF
23375	INF
23376	INF
23377	INF
23378	INF
23379	INF
23380	INF
23381	INF
23382	INF
23383	INF
23384	INF
23385	INF
23386	INF
23387	INF
23388	INF
23389	INF
23390	INF
23391	INF
23392	INF
23393	INF
23394	INF
23395	INF
23396	INF
23397	INF
23398	INF
23399	INF
23400	INF
23401	INF
23402	INF
23403	INF
23404	INF
23405	INF
23406	INF
23407	INF
23408	INF
23409	INF
23410	INF
23411	INF
23412	INF
23413	INF
23414	INF
23415	INF
23416	INF
23417	INF
23418	INF
23419	INF
23420	INF
23421	INF
23422	INF
23423	INF
23424	INF
23425	INF
23426	INF
23427	INF
23428	INF
23429	INF
23430	INF
23431	INF
23432	INF
23433	INF
23434	INF
23435	INF
23436	INF
23437	INF
23438	INF
23439	INF
23440	INF
23441	INF
23442	INF
23443	INF
23444	INF
23445	INF
23446	INF
23447	INF
23448	INF
23449	INF
23450	INF
23451	INF
23452	INF
23453	INF
23454	INF
23455	INF
23456	INF
23457	INF
23458	INF
23459	INF
23460	INF
23461	INF
23462	INF
23463	INF
23464	INF
23465	INF
23466	INF
23467	INF
23468	INF
23469	INF
23470	INF
23471	INF
23472	INF
23473	INF
23474	INF
23475	INF
23476	INF
23477	INF
23478	INF
23479	INF
23480	INF
23481	INF
23482	INF
23483	INF
23484	INF
23485	INF
23486	INF
23487	INF
23488	INF
23489	INF
23490	INF
23491	INF
23492	INF
23493	INF
23494	INF
23495	INF
23496	INF
23497	INF
23498	INF
23499	INF
23500	INF
23501	INF
23502	INF
23503	INF
23504	INF
23505	INF
23506	INF
23507	INF
23508	INF
23509	INF
23510	INF
23511	INF
23512	INF
23513	INF
23514	INF
23515	INF
23516	INF
23517	INF
23518	INF
23519	INF
23520	INF
23521	INF
23522	INF
23523	INF
23524	INF
23525	INF
23526	INF
23527	INF
23528	INF
23529	INF
23530	INF
23531	INF
23532	INF
23533	INF
23534	INF
23535	INF
23536	INF
23537	INF
23538	INF
23539	INF
23540	INF
23541	INF
23542	INF
23543	INF
23544	INF
23545	INF
23546	INF
23547	INF
23548	INF
23549	INF
23550	INF
23551	INF
23552	INF
23553	INF
23554	INF
23555	INF
23556	INF
23557	INF
23558	INF
23559	INF
23560	INF
23561	INF
23562	INF
23563	INF
23564	INF
23565	INF
23566	INF
23567	INF
23568	INF
23569	INF
23570	INF
23571	INF
23572	INF
23573	INF
23574	INF
23575	INF
23576	INF
23577	INF
23578	INF
23579	INF
23580	INF
23581	INF
23582	INF
23583	INF
23584	INF
23585	INF
23586	INF
23587	INF
23588	INF
23589	INF
23590	INF
23591	INF
23592	INF
23593	INF
23594	INF
23595	INF
23596	INF
23597	INF
23598	INF
23599	INF
23600	INF
23601	INF
23602	INF
23603	INF
23604	INF
23605	INF
23606	INF
23607	INF
23608	INF
23609	INF
23610	INF
23611	INF
23612	INF
23613	INF
23614	INF
23615	INF
23616	INF
23617	INF
23618	INF
23619	INF
23620	INF
23621	INF
23622	INF
23623	INF
23624	INF
23625	INF
23626	INF
23627	INF
23628	INF
23629	INF
23630	INF
23631	INF
23632	INF
23633	INF
23634	INF
23635	INF
23636	INF
23637	INF
23638	INF
23639	INF
23640	INF
23641	INF
23642	INF
23643	INF
23644	INF
23645	INF
23646	INF
23647	INF
23648	INF
23649	INF
23650	INF
23651	INF
23652	INF
23653	INF
23654	INF
23655	INF
23656	INF
23657	INF
23658	INF
23659	INF
23660	INF
23661	INF
23662	INF
23663	INF
23664	INF
23665	INF
23666	INF
23667	INF
23668	INF
23669	INF
23670	INF
23671	INF
23672	INF
23673	INF
23674	INF
23675	INF
23676	INF
23677	INF
23678	INF
23679	INF
23680	INF
23681	INF
23682	INF
23683	INF
23684	INF
23685	INF
23686	INF
23687	INF
23688	INF
23689	INF
23690	INF
23691	INF
23692	INF
23693	INF
23694	INF
23695	INF
23696	INF
23697	INF
23698	INF
23699	INF
23700	INF
23701	INF
23702	INF
23703	INF
23704	INF
23705	INF
23706	INF
23707	INF
23708	INF
23709	INF
23710	INF
23711	INF
23712	INF
23713	INF
23714	INF
23715	INF
23716	INF
23717	INF
23718	INF
23719	INF
23720	INF
23721	INF
23722	INF
23723	INF
23724	INF
23725	INF
23726	INF
23727	INF
23728	INF
23729	INF
23730	INF
23731	INF
23732	INF
23733	INF
23734	INF
23735	INF
23736	INF
23737	INF
23738	INF
23739	INF
23740	INF
23741	INF
23742	INF
23743	INF
23744	INF
23745	INF
23746	INF
23747	INF
23748	INF
23749	INF
23750	INF
23751	INF
23752	INF
23753	INF
23754	INF
23755	INF
23756	INF
23757	INF
23758	INF
23759	INF
23760	INF
23761	INF
23762	INF
23763	INF
23764	INF
23765	INF
23766	INF
23767	INF
23768	INF
23769	INF
23770	INF
23771	INF
23772	INF
23773	INF
23774	INF
23775	INF
23776	INF
23777	INF
23778	INF
23779	INF
23780	INF
23781	INF
23782	INF
23783	INF
23784	INF
23785	INF
23786	INF
23787	INF
23788	INF
23789	INF
23790	INF
23791	INF
23792	INF
23793	INF
23794	INF
23795	INF
23796	INF
23797	INF
23798	INF
23799	INF
23800	INF
23801	INF
23802	INF
23803	INF
23804	INF
23805	INF
23806	INF
23807	INF
23808	INF
23809	INF
23810	INF
23811	INF
23812	INF
23813	INF
23814	INF
23815	INF
23816	INF
23817	INF
23818	INF
23819	INF
23820	INF
23821	INF
23822	INF
23823	INF
23824	INF
23825	INF
23826	INF
23827	INF
23828	INF
23829	INF
23830	INF
23831	INF
23832	INF
23833	INF
23834	INF
23835	INF
23836	INF
23837	INF
23838	INF
23839	INF
23840	INF
23841	INF
23842	INF
23843	INF
23844	INF
23845	INF
23846	INF
23847	INF
23848	INF
23849	INF
23850	INF
23851	INF
23852	INF
23853	INF
23854	INF
23855	INF
23856	INF
23857	INF
23858	INF
23859	INF
23860	INF
23861	INF
23862	INF
23863	INF
23864	INF
23865	INF
23866	INF
23867	INF
23868	INF
23869	INF
23870	INF
23871	INF
23872	INF
23873	INF
23874	INF
23875	INF
23876	INF
23877	INF
23878	INF
23879	INF
23880	INF
23881	INF
23882	INF
23883	INF
23884	INF
23885	INF
23886	INF
23887	INF
23888	INF
23889	INF
23890	INF
23891	INF
23892	INF
23893	INF
23894	INF
23895	INF
23896	INF
23897	INF
23898	INF
23899	INF
23900	INF
23901	INF
23902	INF
23903	INF
23904	INF
23905	INF
23906	INF
23907	INF
23908	INF
23909	INF
23910	INF
23911	INF
23912	INF
23913	INF
23914	INF
23915	INF
23916	INF
23917	INF
23918	INF
23919	INF
23920	INF
23921	INF
23922	INF
23923	INF
23924	INF
23925	INF
23926	INF
23927	INF
23928	INF
23929	INF
23930	INF
23931	INF
23932	INF
23933	INF
23934	INF
23935	INF
23936	INF
23937	INF
23938	INF
23939	INF
23940	INF
23941	INF
23942	INF
23943	INF
23944	INF
23945	INF
23946	INF
23947	INF
23948	INF
23949	INF
23950	INF
23951	INF
23952	INF
23953	INF
23954	INF
23955	INF
23956	INF
23957	INF
23958	INF
23959	INF
23960	INF
23961	INF
23962	INF
23963	INF
23964	INF
23965	INF
23966	INF
23967	INF
23968	INF
23969	INF
23970	INF
23971	INF
23972	INF
23973	INF
23974	INF
23975	INF
23976	INF
23977	INF
23978	INF
23979	INF
23980	INF
23981	INF
23982	INF
23983	INF
23984	INF
23985	INF
23986	INF
23987	INF
23988	INF
23989	INF
23990	INF
23991	INF
23992	INF
23993	INF
23994	INF
23995	INF
23996	INF
23997	INF
23998	INF
23999	INF
24000	INF
24001	INF
24002	INF
24003	INF
24004	INF
24005	INF
24006	INF
24007	INF
24008	INF
24009	INF
24010	INF
24011	INF
24012	INF
24013	INF
24014	INF
24015	INF
24016	INF
24017	INF
24018	INF
24019	INF
24020	INF
24021	INF
24022	INF
24023	INF
24024	INF
24025	INF
24026	INF
24027	INF
24028	INF
24029	INF
24030	INF
24031	INF
24032	INF
24033	INF
24034	INF
24035	INF
24036	INF
24037	INF
24038	INF
24039	INF
24040	INF
24041	INF
24042	INF
24043	INF
24044	INF
24045	INF
24046	INF
24047	INF
24048	INF
24049	INF
24050	INF
24051	INF
24052	INF
24053	INF
24054	INF
24055	INF
24056	INF
24057	INF
24058	INF
24059	INF
24060	INF
24061	INF
24062	INF
24063	INF
24064	INF
24065	INF
24066	INF
24067	INF
24068	INF
24069	INF
24070	INF
24071	INF
24072	INF
24073	INF
24074	INF
24075	INF
24076	INF
24077	INF
24078	INF
24079	INF
24080	INF
24081	INF
24082	INF
24083	INF
24084	INF
24085	INF
24086	INF
24087	INF
24088	INF
24089	INF
24090	INF
24091	INF
24092	INF
24093	INF
24094	INF
24095	INF
24096	INF
24097	INF
24098	INF
24099	INF
24100	INF
24101	INF
24102	INF
24103	INF
24104	INF
24105	INF
24106	INF
24107	INF
24108	INF
24109	INF
24110	INF
24111	INF
24112	INF
24113	INF
24114	INF
24115	INF
24116	INF
24117	INF
24118	INF
24119	INF
24120	INF
24121	INF
24122	INF
24123	INF
24124	INF
24125	INF
24126	INF
24127	INF
24128	INF
24129	INF
24130	INF
24131	INF
24132	INF
24133	INF
24134	INF
24135	INF
24136	INF
24137	INF
24138	INF
24139	INF
24140	INF
24141	INF
24142	INF
24143	INF
24144	INF
24145	INF
24146	INF
24147	INF
24148	INF
24149	INF
24150	INF
24151	INF
24152	INF
24153	INF
24154	INF
24155	INF
24156	INF
24157	INF
24158	INF
24159	INF
24160	INF
24161	INF
24162	INF
24163	INF
24164	INF
24165	INF
24166	INF
24167	INF
24168	INF
24169	INF
24170	INF
24171	INF
24172	INF
24173	INF
24174	INF
24175	INF
24176	INF
24177	INF
24178	INF
24179	INF
24180	INF
24181	INF
24182	INF
24183	INF
24184	INF
24185	INF
24186	INF
24187	INF
24188	INF
24189	INF
24190	INF
24191	INF
24192	INF
24193	INF
24194	INF
24195	INF
24196	INF
24197	INF
24198	INF
24199	INF
24200	INF
24201	INF
24202	INF
24203	INF
24204	INF
24205	INF
24206	INF
24207	INF
24208	INF
24209	INF
24210	INF
24211	INF
24212	INF
24213	INF
24214	INF
24215	INF
24216	INF
24217	INF
24218	INF
24219	INF
24220	INF
24221	INF
24222	INF
24223	INF
24224	INF
24225	INF
24226	INF
24227	INF
24228	INF
24229	INF
24230	INF
24231	INF
24232	INF
24233	INF
24234	INF
24235	INF
24236	INF
24237	INF
24238	INF
24239	INF
24240	INF
24241	INF
24242	INF
24243	INF
24244	INF
24245	INF
24246	INF
24247	INF
24248	INF
24249	INF
24250	INF
24251	INF
24252	INF
24253	INF
24254	INF
24255	INF
24256	INF
24257	INF
24258	INF
24259	INF
24260	INF
24261	INF
24262	INF
24263	INF
24264	INF
24265	INF
24266	INF
24267	INF
24268	INF
24269	INF
24270	INF
24271	INF
24272	INF
24273	INF
24274	INF
24275	INF
24276	INF
24277	INF
24278	INF
24279	INF
24280	INF
24281	INF
24282	INF
24283	INF
24284	INF
24285	INF
24286	INF
24287	INF
24288	INF
24289	INF
24290	INF
24291	INF
24292	INF
24293	INF
24294	INF
24295	INF
24296	INF
24297	INF
24298	INF
24299	INF
24300	INF
24301	INF
24302	INF
24303	INF
24304	INF
24305	INF
24306	INF
24307	INF
24308	INF
24309	INF
24310	INF
24311	INF
24312	INF
24313	INF
24314	INF
24315	INF
24316	INF
24317	INF
24318	INF
24319	INF
24320	INF
24321	INF
24322	INF
24323	INF
24324	INF
24325	INF
24326	INF
24327	INF
24328	INF
24329	INF
24330	INF
24331	INF
24332	INF
24333	INF
24334	INF
24335	INF
24336	INF
24337	INF
24338	INF
24339	INF
24340	INF
24341	INF
24342	INF
24343	INF
24344	INF
24345	INF
24346	INF
24347	INF
24348	INF
24349	INF
24350	INF
24351	INF
24352	INF
24353	INF
24354	INF
24355	INF
24356	INF
24357	INF
24358	INF
24359	INF
24360	INF
24361	INF
24362	INF
24363	INF
24364	INF
24365	INF
24366	INF
24367	INF
24368	INF
24369	INF
24370	INF
24371	INF
24372	INF
24373	INF
24374	INF
24375	INF
24376	INF
24377	INF
24378	INF
24379	INF
24380	INF
24381	INF
24382	INF
24383	INF
24384	INF
24385	INF
24386	INF
24387	INF
24388	INF
24389	INF
24390	INF
24391	INF
24392	INF
24393	INF
24394	INF
24395	INF
24396	INF
24397	INF
24398	INF
24399	INF
24400	INF
24401	INF
24402	INF
24403	INF
24404	INF
24405	INF
24406	INF
24407	INF
24408	INF
24409	INF
24410	INF
24411	INF
24412	INF
24413	INF
24414	INF
24415	INF
24416	INF
24417	INF
24418	INF
24419	INF
24420	INF
24421	INF
24422	INF
24423	INF
24424	INF
24425	INF
24426	INF
24427	INF
24428	INF
24429	INF
24430	INF
24431	INF
24432	INF
24433	INF
24434	INF
24435	INF
24436	INF
24437	INF
24438	INF
24439	INF
24440	INF
24441	INF
24442	INF
24443	INF
24444	INF
24445	INF
24446	INF
24447	INF
24448	INF
24449	INF
24450	INF
24451	INF
24452	INF
24453	INF
24454	INF
24455	INF
24456	INF
24457	INF
24458	INF
24459	INF
24460	INF
24461	INF
24462	INF
24463	INF
24464	INF
24465	INF
24466	INF
24467	INF
24468	INF
24469	INF
24470	INF
24471	INF
24472	INF
24473	INF
24474	INF
24475	INF
24476	INF
24477	INF
24478	INF
24479	INF
24480	INF
24481	INF
24482	INF
24483	INF
24484	INF
24485	INF
24486	INF
24487	INF
24488	INF
24489	INF
24490	INF
24491	INF
24492	INF
24493	INF
24494	INF
24495	INF
24496	INF
24497	INF
24498	INF
24499	INF
24500	INF
24501	INF
24502	INF
24503	INF
24504	INF
24505	INF
24506	INF
24507	INF
24508	INF
24509	INF
24510	INF
24511	INF
24512	INF
24513	INF
24514	INF
24515	INF
24516	INF
24517	INF
24518	INF
24519	INF
24520	INF
24521	INF
24522	INF
24523	INF
24524	INF
24525	INF
24526	INF
24527	INF
24528	INF
24529	INF
24530	INF
24531	INF
24532	INF
24533	INF
24534	INF
24535	INF
24536	INF
24537	INF
24538	INF
24539	INF
24540	INF
24541	INF
24542	INF
24543	INF
24544	INF
24545	INF
24546	INF
24547	INF
24548	INF
24549	INF
24550	INF
24551	INF
24552	INF
24553	INF
24554	INF
24555	INF
24556	INF
24557	INF
24558	INF
24559	INF
24560	INF
24561	INF
24562	INF
24563	INF
24564	INF
24565	INF
24566	INF
24567	INF
24568	INF
24569	INF
24570	INF
24571	INF
24572	INF
24573	INF
24574	INF
24575	INF
24576	INF
24577	INF
24578	INF
24579	INF
24580	INF
24581	INF
24582	INF
24583	INF
24584	INF
24585	INF
24586	INF
24587	INF
24588	INF
24589	INF
24590	INF
24591	INF
24592	INF
24593	INF
24594	INF
24595	INF
24596	INF
24597	INF
24598	INF
24599	INF
24600	INF
24601	INF
24602	INF
24603	INF
24604	INF
24605	INF
24606	INF
24607	INF
24608	INF
24609	INF
24610	INF
24611	INF
24612	INF
24613	INF
24614	INF
24615	INF
24616	INF
24617	INF
24618	INF
24619	INF
24620	INF
24621	INF
24622	INF
24623	INF
24624	INF
24625	INF
24626	INF
24627	INF
24628	INF
24629	INF
24630	INF
24631	INF
24632	INF
24633	INF
24634	INF
24635	INF
24636	INF
24637	INF
24638	INF
24639	INF
24640	INF
24641	INF
24642	INF
24643	INF
24644	INF
24645	INF
24646	INF
24647	INF
24648	INF
24649	INF
24650	INF
24651	INF
24652	INF
24653	INF
24654	INF
24655	INF
24656	INF
24657	INF
24658	INF
24659	INF
24660	INF
24661	INF
24662	INF
24663	INF
24664	INF
24665	INF
24666	INF
24667	INF
24668	INF
24669	INF
24670	INF
24671	INF
24672	INF
24673	INF
24674	INF
24675	INF
24676	INF
24677	INF
24678	INF
24679	INF
24680	INF
24681	INF
24682	INF
24683	INF
24684	INF
24685	INF
24686	INF
24687	INF
24688	INF
24689	INF
24690	INF
24691	INF
24692	INF
24693	INF
24694	INF
24695	INF
24696	INF
24697	INF
24698	INF
24699	INF
24700	INF
24701	INF
24702	INF
24703	INF
24704	INF
24705	INF
24706	INF
24707	INF
24708	INF
24709	INF
24710	INF
24711	INF
24712	INF
24713	INF
24714	INF
24715	INF
24716	INF
24717	INF
24718	INF
24719	INF
24720	INF
24721	INF
24722	INF
24723	INF
24724	INF
24725	INF
24726	INF
24727	INF
24728	INF
24729	INF
24730	INF
24731	INF
24732	INF
24733	INF
24734	INF
24735	INF
24736	INF
24737	INF
24738	INF
24739	INF
24740	INF
24741	INF
24742	INF
24743	INF
24744	INF
24745	INF
24746	INF
24747	INF
24748	INF
24749	INF
24750	INF
24751	INF
24752	INF
24753	INF
24754	INF
24755	INF
24756	INF
24757	INF
24758	INF
24759	INF
24760	INF
24761	INF
24762	INF
24763	INF
24764	INF
24765	INF
24766	INF
24767	INF
24768	INF
24769	INF
24770	INF
24771	INF
24772	INF
24773	INF
24774	INF
24775	INF
24776	INF
24777	INF
24778	INF
24779	INF
24780	INF
24781	INF
24782	INF
24783	INF
24784	INF
24785	INF
24786	INF
24787	INF
24788	INF
24789	INF
24790	INF
24791	INF
24792	INF
24793	INF
24794	INF
24795	INF
24796	INF
24797	INF
24798	INF
24799	INF
24800	INF
24801	INF
24802	INF
24803	INF
24804	INF
24805	INF
24806	INF
24807	INF
24808	INF
24809	INF
24810	INF
24811	INF
24812	INF
24813	INF
24814	INF
24815	INF
24816	INF
24817	INF
24818	INF
24819	INF
24820	INF
24821	INF
24822	INF
24823	INF
24824	INF
24825	INF
24826	INF
24827	INF
24828	INF
24829	INF
24830	INF
24831	INF
24832	INF
24833	INF
24834	INF
24835	INF
24836	INF
24837	INF
24838	INF
24839	INF
24840	INF
24841	INF
24842	INF
24843	INF
24844	INF
24845	INF
24846	INF
24847	INF
24848	INF
24849	INF
24850	INF
24851	INF
24852	INF
24853	INF
24854	INF
24855	INF
24856	INF
24857	INF
24858	INF
24859	INF
24860	INF
24861	INF
24862	INF
24863	INF
24864	INF
24865	INF
24866	INF
24867	INF
24868	INF
24869	INF
24870	INF
24871	INF
24872	INF
24873	INF
24874	INF
24875	INF
24876	INF
24877	INF
24878	INF
24879	INF
24880	INF
24881	INF
24882	INF
24883	INF
24884	INF
24885	INF
24886	INF
24887	INF
24888	INF
24889	INF
24890	INF
24891	INF
24892	INF
24893	INF
24894	INF
24895	INF
24896	INF
24897	INF
24898	INF
24899	INF
24900	INF
24901	INF
24902	INF
24903	INF
24904	INF
24905	INF
24906	INF
24907	INF
24908	INF
24909	INF
24910	INF
24911	INF
24912	INF
24913	INF
24914	INF
24915	INF
24916	INF
24917	INF
24918	INF
24919	INF
24920	INF
24921	INF
24922	INF
24923	INF
24924	INF
24925	INF
24926	INF
24927	INF
24928	INF
24929	INF
24930	INF
24931	INF
24932	INF
24933	INF
24934	INF
24935	INF
24936	INF
24937	INF
24938	INF
24939	INF
24940	INF
24941	INF
24942	INF
24943	INF
24944	INF
24945	INF
24946	INF
24947	INF
24948	INF
24949	INF
24950	INF
24951	INF
24952	INF
24953	INF
24954	INF
24955	INF
24956	INF
24957	INF
24958	INF
24959	INF
24960	INF
24961	INF
24962	INF
24963	INF
24964	INF
24965	INF
24966	INF
24967	INF
24968	INF
24969	INF
24970	INF
24971	INF
24972	INF
24973	INF
24974	INF
24975	INF
24976	INF
24977	INF
24978	INF
24979	INF
24980	INF
24981	INF
24982	INF
24983	INF
24984	INF
24985	INF
24986	INF
24987	INF
24988	INF
24989	INF
24990	INF
24991	INF
24992	INF
24993	INF
24994	INF
24995	INF
24996	INF
24997	INF
24998	INF
24999	INF
25000	INF
25001	INF
25002	INF
25003	INF
25004	INF
25005	INF
25006	INF
25007	INF
25008	INF
25009	INF
25010	INF
25011	INF
25012	INF
25013	INF
25014	INF
25015	INF
25016	INF
25017	INF
25018	INF
25019	INF
25020	INF
25021	INF
25022	INF
25023	INF
25024	INF
25025	INF
25026	INF
25027	INF
25028	INF
25029	INF
25030	INF
25031	INF
25032	INF
25033	INF
25034	INF
25035	INF
25036	INF
25037	INF
25038	INF
25039	INF
25040	INF
25041	INF
25042	INF
25043	INF
25044	INF
25045	INF
25046	INF
25047	INF
25048	INF
25049	INF
25050	INF
25051	INF
25052	INF
25053	INF
25054	INF
25055	INF
25056	INF
25057	INF
25058	INF
25059	INF
25060	INF
25061	INF
25062	INF
25063	INF
25064	INF
25065	INF
25066	INF
25067	INF
25068	INF
25069	INF
25070	INF
25071	INF
25072	INF
25073	INF
25074	INF
25075	INF
25076	INF
25077	INF
25078	INF
25079	INF
25080	INF
25081	INF
25082	INF
25083	INF
25084	INF
25085	INF
25086	INF
25087	INF
25088	INF
25089	INF
25090	INF
25091	INF
25092	INF
25093	INF
25094	INF
25095	INF
25096	INF
25097	INF
25098	INF
25099	INF
25100	INF
25101	INF
25102	INF
25103	INF
25104	INF
25105	INF
25106	INF
25107	INF
25108	INF
25109	INF
25110	INF
25111	INF
25112	INF
25113	INF
25114	INF
25115	INF
25116	INF
25117	INF
25118	INF
25119	INF
25120	INF
25121	INF
25122	INF
25123	INF
25124	INF
25125	INF
25126	INF
25127	INF
25128	INF
25129	INF
25130	INF
25131	INF
25132	INF
25133	INF
25134	INF
25135	INF
25136	INF
25137	INF
25138	INF
25139	INF
25140	INF
25141	INF
25142	INF
25143	INF
25144	INF
25145	INF
25146	INF
25147	INF
25148	INF
25149	INF
25150	INF
25151	INF
25152	INF
25153	INF
25154	INF
25155	INF
25156	INF
25157	INF
25158	INF
25159	INF
25160	INF
25161	INF
25162	INF
25163	INF
25164	INF
25165	INF
25166	INF
25167	INF
25168	INF
25169	INF
25170	INF
25171	INF
25172	INF
25173	INF
25174	INF
25175	INF
25176	INF
25177	INF
25178	INF
25179	INF
25180	INF
25181	INF
25182	INF
25183	INF
25184	INF
25185	INF
25186	INF
25187	INF
25188	INF
25189	INF
25190	INF
25191	INF
25192	INF
25193	INF
25194	INF
25195	INF
25196	INF
25197	INF
25198	INF
25199	INF
25200	INF
25201	INF
25202	INF
25203	INF
25204	INF
25205	INF
25206	INF
25207	INF
25208	INF
25209	INF
25210	INF
25211	INF
25212	INF
25213	INF
25214	INF
25215	INF
25216	INF
25217	INF
25218	INF
25219	INF
25220	INF
25221	INF
25222	INF
25223	INF
25224	INF
25225	INF
25226	INF
25227	INF
25228	INF
25229	INF
25230	INF
25231	INF
25232	INF
25233	INF
25234	INF
25235	INF
25236	INF
25237	INF
25238	INF
25239	INF
25240	INF
25241	INF
25242	INF
25243	INF
25244	INF
25245	INF
25246	INF
25247	INF
25248	INF
25249	INF
25250	INF
25251	INF
25252	INF
25253	INF
25254	INF
25255	INF
25256	INF
25257	INF
25258	INF
25259	INF
25260	INF
25261	INF
25262	INF
25263	INF
25264	INF
25265	INF
25266	INF
25267	INF
25268	INF
25269	INF
25270	INF
25271	INF
25272	INF
25273	INF
25274	INF
25275	INF
25276	INF
25277	INF
25278	INF
25279	INF
25280	INF
25281	INF
25282	INF
25283	INF
25284	INF
25285	INF
25286	INF
25287	INF
25288	INF
25289	INF
25290	INF
25291	INF
25292	INF
25293	INF
25294	INF
25295	INF
25296	INF
25297	INF
25298	INF
25299	INF
25300	INF
25301	INF
25302	INF
25303	INF
25304	INF
25305	INF
25306	INF
25307	INF
25308	INF
25309	INF
25310	INF
25311	INF
25312	INF
25313	INF
25314	INF
25315	INF
25316	INF
25317	INF
25318	INF
25319	INF
25320	INF
25321	INF
25322	INF
25323	INF
25324	INF
25325	INF
25326	INF
25327	INF
25328	INF
25329	INF
25330	INF
25331	INF
25332	INF
25333	INF
25334	INF
25335	INF
25336	INF
25337	INF
25338	INF
25339	INF
25340	INF
25341	INF
25342	INF
25343	INF
25344	INF
25345	INF
25346	INF
25347	INF
25348	INF
25349	INF
25350	INF
25351	INF
25352	INF
25353	INF
25354	INF
25355	INF
25356	INF
25357	INF
25358	INF
25359	INF
25360	INF
25361	INF
25362	INF
25363	INF
25364	INF
25365	INF
25366	INF
25367	INF
25368	INF
25369	INF
25370	INF
25371	INF
25372	INF
25373	INF
25374	INF
25375	INF
25376	INF
25377	INF
25378	INF
25379	INF
25380	INF
25381	INF
25382	INF
25383	INF
25384	INF
25385	INF
25386	INF
25387	INF
25388	INF
25389	INF
25390	INF
25391	INF
25392	INF
25393	INF
25394	INF
25395	INF
25396	INF
25397	INF
25398	INF
25399	INF
25400	INF
25401	INF
25402	INF
25403	INF
25404	INF
25405	INF
25406	INF
25407	INF
25408	INF
25409	INF
25410	INF
25411	INF
25412	INF
25413	INF
25414	INF
25415	INF
25416	INF
25417	INF
25418	INF
25419	INF
25420	INF
25421	INF
25422	INF
25423	INF
25424	INF
25425	INF
25426	INF
25427	INF
25428	INF
25429	INF
25430	INF
25431	INF
25432	INF
25433	INF
25434	INF
25435	INF
25436	INF
25437	INF
25438	INF
25439	INF
25440	INF
25441	INF
25442	INF
25443	INF
25444	INF
25445	INF
25446	INF
25447	INF
25448	INF
25449	INF
25450	INF
25451	INF
25452	INF
25453	INF
25454	INF
25455	INF
25456	INF
25457	INF
25458	INF
25459	INF
25460	INF
25461	INF
25462	INF
25463	INF
25464	INF
25465	INF
25466	INF
25467	INF
25468	INF
25469	INF
25470	INF
25471	INF
25472	INF
25473	INF
25474	INF
25475	INF
25476	INF
25477	INF
25478	INF
25479	INF
25480	INF
25481	INF
25482	INF
25483	INF
25484	INF
25485	INF
25486	INF
25487	INF
25488	INF
25489	INF
25490	INF
25491	INF
25492	INF
25493	INF
25494	INF
25495	INF
25496	INF
25497	INF
25498	INF
25499	INF
25500	INF
25501	INF
25502	INF
25503	INF
25504	INF
25505	INF
25506	INF
25507	INF
25508	INF
25509	INF
25510	INF
25511	INF
25512	INF
25513	INF
25514	INF
25515	INF
25516	INF
25517	INF
25518	INF
25519	INF
25520	INF
25521	INF
25522	INF
25523	INF
25524	INF
25525	INF
25526	INF
25527	INF
25528	INF
25529	INF
25530	INF
25531	INF
25532	INF
25533	INF
25534	INF
25535	INF
25536	INF
25537	INF
25538	INF
25539	INF
25540	INF
25541	INF
25542	INF
25543	INF
25544	INF
25545	INF
25546	INF
25547	INF
25548	INF
25549	INF
25550	INF
25551	INF
25552	INF
25553	INF
25554	INF
25555	INF
25556	INF
25557	INF
25558	INF
25559	INF
25560	INF
25561	INF
25562	INF
25563	INF
25564	INF
25565	INF
25566	INF
25567	INF
25568	INF
25569	INF
25570	INF
25571	INF
25572	INF
25573	INF
25574	INF
25575	INF
25576	INF
25577	INF
25578	INF
25579	INF
25580	INF
25581	INF
25582	INF
25583	INF
25584	INF
25585	INF
25586	INF
25587	INF
25588	INF
25589	INF
25590	INF
25591	INF
25592	INF
25593	INF
25594	INF
25595	INF
25596	INF
25597	INF
25598	INF
25599	INF
25600	INF
25601	INF
25602	INF
25603	INF
25604	INF
25605	INF
25606	INF
25607	INF
25608	INF
25609	INF
25610	INF
25611	INF
25612	INF
25613	INF
25614	INF
25615	INF
25616	INF
25617	INF
25618	INF
25619	INF
25620	INF
25621	INF
25622	INF
25623	INF
25624	INF
25625	INF
25626	INF
25627	INF
25628	INF
25629	INF
25630	INF
25631	INF
25632	INF
25633	INF
25634	INF
25635	INF
25636	INF
25637	INF
25638	INF
25639	INF
25640	INF
25641	INF
25642	INF
25643	INF
25644	INF
25645	INF
25646	INF
25647	INF
25648	INF
25649	INF
25650	INF
25651	INF
25652	INF
25653	INF
25654	INF
25655	INF
25656	INF
25657	INF
25658	INF
25659	INF
25660	INF
25661	INF
25662	INF
25663	INF
25664	INF
25665	INF
25666	INF
25667	INF
25668	INF
25669	INF
25670	INF
25671	INF
25672	INF
25673	INF
25674	INF
25675	INF
25676	INF
25677	INF
25678	INF
25679	INF
25680	INF
25681	INF
25682	INF
25683	INF
25684	INF
25685	INF
25686	INF
25687	INF
25688	INF
25689	INF
25690	INF
25691	INF
25692	INF
25693	INF
25694	INF
25695	INF
25696	INF
25697	INF
25698	INF
25699	INF
25700	INF
25701	INF
25702	INF
25703	INF
25704	INF
25705	INF
25706	INF
25707	INF
25708	INF
25709	INF
25710	INF
25711	INF
25712	INF
25713	INF
25714	INF
25715	INF
25716	INF
25717	INF
25718	INF
25719	INF
25720	INF
25721	INF
25722	INF
25723	INF
25724	INF
25725	INF
25726	INF
25727	INF
25728	INF
25729	INF
25730	INF
25731	INF
25732	INF
25733	INF
25734	INF
25735	INF
25736	INF
25737	INF
25738	INF
25739	INF
25740	INF
25741	INF
25742	INF
25743	INF
25744	INF
25745	INF
25746	INF
25747	INF
25748	INF
25749	INF
25750	INF
25751	INF
25752	INF
25753	INF
25754	INF
25755	INF
25756	INF
25757	INF
25758	INF
25759	INF
25760	INF
25761	INF
25762	INF
25763	INF
25764	INF
25765	INF
25766	INF
25767	INF
25768	INF
25769	INF
25770	INF
25771	INF
25772	INF
25773	INF
25774	INF
25775	INF
25776	INF
25777	INF
25778	INF
25779	INF
25780	INF
25781	INF
25782	INF
25783	INF
25784	INF
25785	INF
25786	INF
25787	INF
25788	INF
25789	INF
25790	INF
25791	INF
25792	INF
25793	INF
25794	INF
25795	INF
25796	INF
25797	INF
25798	INF
25799	INF
25800	INF
25801	INF
25802	INF
25803	INF
25804	INF
25805	INF
25806	INF
25807	INF
25808	INF
25809	INF
25810	INF
25811	INF
25812	INF
25813	INF
25814	INF
25815	INF
25816	INF
25817	INF
25818	INF
25819	INF
25820	INF
25821	INF
25822	INF
25823	INF
25824	INF
25825	INF
25826	INF
25827	INF
25828	INF
25829	INF
25830	INF
25831	INF
25832	INF
25833	INF
25834	INF
25835	INF
25836	INF
25837	INF
25838	INF
25839	INF
25840	INF
25841	INF
25842	INF
25843	INF
25844	INF
25845	INF
25846	INF
25847	INF
25848	INF
25849	INF
25850	INF
25851	INF
25852	INF
25853	INF
25854	INF
25855	INF
25856	INF
25857	INF
25858	INF
25859	INF
25860	INF
25861	INF
25862	INF
25863	INF
25864	INF
25865	INF
25866	INF
25867	INF
25868	INF
25869	INF
25870	INF
25871	INF
25872	INF
25873	INF
25874	INF
25875	INF
25876	INF
25877	INF
25878	INF
25879	INF
25880	INF
25881	INF
25882	INF
25883	INF
25884	INF
25885	INF
25886	INF
25887	INF
25888	INF
25889	INF
25890	INF
25891	INF
25892	INF
25893	INF
25894	INF
25895	INF
25896	INF
25897	INF
25898	INF
25899	INF
25900	INF
25901	INF
25902	INF
25903	INF
25904	INF
25905	INF
25906	INF
25907	INF
25908	INF
25909	INF
25910	INF
25911	INF
25912	INF
25913	INF
25914	INF
25915	INF
25916	INF
25917	INF
25918	INF
25919	INF
25920	INF
25921	INF
25922	INF
25923	INF
25924	INF
25925	INF
25926	INF
25927	INF
25928	INF
25929	INF
25930	INF
25931	INF
25932	INF
25933	INF
25934	INF
25935	INF
25936	INF
25937	INF
25938	INF
25939	INF
25940	INF
25941	INF
25942	INF
25943	INF
25944	INF
25945	INF
25946	INF
25947	INF
25948	INF
25949	INF
25950	INF
25951	INF
25952	INF
25953	INF
25954	INF
25955	INF
25956	INF
25957	INF
25958	INF
25959	INF
25960	INF
25961	INF
25962	INF
25963	INF
25964	INF
25965	INF
25966	INF
25967	INF
25968	INF
25969	INF
25970	INF
25971	INF
25972	INF
25973	INF
25974	INF
25975	INF
25976	INF
25977	INF
25978	INF
25979	INF
25980	INF
25981	INF
25982	INF
25983	INF
25984	INF
25985	INF
25986	INF
25987	INF
25988	INF
25989	INF
25990	INF
25991	INF
25992	INF
25993	INF
25994	INF
25995	INF
25996	INF
25997	INF
25998	INF
25999	INF
26000	INF
26001	INF
26002	INF
26003	INF
26004	INF
26005	INF
26006	INF
26007	INF
26008	INF
26009	INF
26010	INF
26011	INF
26012	INF
26013	INF
26014	INF
26015	INF
26016	INF
26017	INF
26018	INF
26019	INF
26020	INF
26021	INF
26022	INF
26023	INF
26024	INF
26025	INF
26026	INF
26027	INF
26028	INF
26029	INF
26030	INF
26031	INF
26032	INF
26033	INF
26034	INF
26035	INF
26036	INF
26037	INF
26038	INF
26039	INF
26040	INF
26041	INF
26042	INF
26043	INF
26044	INF
26045	INF
26046	INF
26047	INF
26048	INF
26049	INF
26050	INF
26051	INF
26052	INF
26053	INF
26054	INF
26055	INF
26056	INF
26057	INF
26058	INF
26059	INF
26060	INF
26061	INF
26062	INF
26063	INF
26064	INF
26065	INF
26066	INF
26067	INF
26068	INF
26069	INF
26070	INF
26071	INF
26072	INF
26073	INF
26074	INF
26075	INF
26076	INF
26077	INF
26078	INF
26079	INF
26080	INF
26081	INF
26082	INF
26083	INF
26084	INF
26085	INF
26086	INF
26087	INF
26088	INF
26089	INF
26090	INF
26091	INF
26092	INF
26093	INF
26094	INF
26095	INF
26096	INF
26097	INF
26098	INF
26099	INF
26100	INF
26101	INF
26102	INF
26103	INF
26104	INF
26105	INF
26106	INF
26107	INF
26108	INF
26109	INF
26110	INF
26111	INF
26112	INF
26113	INF
26114	INF
26115	INF
26116	INF
26117	INF
26118	INF
26119	INF
26120	INF
26121	INF
26122	INF
26123	INF
26124	INF
26125	INF
26126	INF
26127	INF
26128	INF
26129	INF
26130	INF
26131	INF
26132	INF
26133	INF
26134	INF
26135	INF
26136	INF
26137	INF
26138	INF
26139	INF
26140	INF
26141	INF
26142	INF
26143	INF
26144	INF
26145	INF
26146	INF
26147	INF
26148	INF
26149	INF
26150	INF
26151	INF
26152	INF
26153	INF
26154	INF
26155	INF
26156	INF
26157	INF
26158	INF
26159	INF
26160	INF
26161	INF
26162	INF
26163	INF
26164	INF
26165	INF
26166	INF
26167	INF
26168	INF
26169	INF
26170	INF
26171	INF
26172	INF
26173	INF
26174	INF
26175	INF
26176	INF
26177	INF
26178	INF
26179	INF
26180	INF
26181	INF
26182	INF
26183	INF
26184	INF
26185	INF
26186	INF
26187	INF
26188	INF
26189	INF
26190	INF
26191	INF
26192	INF
26193	INF
26194	INF
26195	INF
26196	INF
26197	INF
26198	INF
26199	INF
26200	INF
26201	INF
26202	INF
26203	INF
26204	INF
26205	INF
26206	INF
26207	INF
26208	INF
26209	INF
26210	INF
26211	INF
26212	INF
26213	INF
26214	INF
26215	INF
26216	INF
26217	INF
26218	INF
26219	INF
26220	INF
26221	INF
26222	INF
26223	INF
26224	INF
26225	INF
26226	INF
26227	INF
26228	INF
26229	INF
26230	INF
26231	INF
26232	INF
26233	INF
26234	INF
26235	INF
26236	INF
26237	INF
26238	INF
26239	INF
26240	INF
26241	INF
26242	INF
26243	INF
26244	INF
26245	INF
26246	INF
26247	INF
26248	INF
26249	INF
26250	INF
26251	INF
26252	INF
26253	INF
26254	INF
26255	INF
26256	INF
26257	INF
26258	INF
26259	INF
26260	INF
26261	INF
26262	INF
26263	INF
26264	INF
26265	INF
26266	INF
26267	INF
26268	INF
26269	INF
26270	INF
26271	INF
26272	INF
26273	INF
26274	INF
26275	INF
26276	INF
26277	INF
26278	INF
26279	INF
26280	INF
26281	INF
26282	INF
26283	INF
26284	INF
26285	INF
26286	INF
26287	INF
26288	INF
26289	INF
26290	INF
26291	INF
26292	INF
26293	INF
26294	INF
26295	INF
26296	INF
26297	INF
26298	INF
26299	INF
26300	INF
26301	INF
26302	INF
26303	INF
26304	INF
26305	INF
26306	INF
26307	INF
26308	INF
26309	INF
26310	INF
26311	INF
26312	INF
26313	INF
26314	INF
26315	INF
26316	INF
26317	INF
26318	INF
26319	INF
26320	INF
26321	INF
26322	INF
26323	INF
26324	INF
26325	INF
26326	INF
26327	INF
26328	INF
26329	INF
26330	INF
26331	INF
26332	INF
26333	INF
26334	INF
26335	INF
26336	INF
26337	INF
26338	INF
26339	INF
26340	INF
26341	INF
26342	INF
26343	INF
26344	INF
26345	INF
26346	INF
26347	INF
26348	INF
26349	INF
26350	INF
26351	INF
26352	INF
26353	INF
26354	INF
26355	INF
26356	INF
26357	INF
26358	INF
26359	INF
26360	INF
26361	INF
26362	INF
26363	INF
26364	INF
26365	INF
26366	INF
26367	INF
26368	INF
26369	INF
26370	INF
26371	INF
26372	INF
26373	INF
26374	INF
26375	INF
26376	INF
26377	INF
26378	INF
26379	INF
26380	INF
26381	INF
26382	INF
26383	INF
26384	INF
26385	INF
26386	INF
26387	INF
26388	INF
26389	INF
26390	INF
26391	INF
26392	INF
26393	INF
26394	INF
26395	INF
26396	INF
26397	INF
26398	INF
26399	INF
26400	INF
26401	INF
26402	INF
26403	INF
26404	INF
26405	INF
26406	INF
26407	INF
26408	INF
26409	INF
26410	INF
26411	INF
26412	INF
26413	INF
26414	INF
26415	INF
26416	INF
26417	INF
26418	INF
26419	INF
26420	INF
26421	INF
26422	INF
26423	INF
26424	INF
26425	INF
26426	INF
26427	INF
26428	INF
26429	INF
26430	INF
26431	INF
26432	INF
26433	INF
26434	INF
26435	INF
26436	INF
26437	INF
26438	INF
26439	INF
26440	INF
26441	INF
26442	INF
26443	INF
26444	INF
26445	INF
26446	INF
26447	INF
26448	INF
26449	INF
26450	INF
26451	INF
26452	INF
26453	INF
26454	INF
26455	INF
26456	INF
26457	INF
26458	INF
26459	INF
26460	INF
26461	INF
26462	INF
26463	INF
26464	INF
26465	INF
26466	INF
26467	INF
26468	INF
26469	INF
26470	INF
26471	INF
26472	INF
26473	INF
26474	INF
26475	INF
26476	INF
26477	INF
26478	INF
26479	INF
26480	INF
26481	INF
26482	INF
26483	INF
26484	INF
26485	INF
26486	INF
26487	INF
26488	INF
26489	INF
26490	INF
26491	INF
26492	INF
26493	INF
26494	INF
26495	INF
26496	INF
26497	INF
26498	INF
26499	INF
26500	INF
26501	INF
26502	INF
26503	INF
26504	INF
26505	INF
26506	INF
26507	INF
26508	INF
26509	INF
26510	INF
26511	INF
26512	INF
26513	INF
26514	INF
26515	INF
26516	INF
26517	INF
26518	INF
26519	INF
26520	INF
26521	INF
26522	INF
26523	INF
26524	INF
26525	INF
26526	INF
26527	INF
26528	INF
26529	INF
26530	INF
26531	INF
26532	INF
26533	INF
26534	INF
26535	INF
26536	INF
26537	INF
26538	INF
26539	INF
26540	INF
26541	INF
26542	INF
26543	INF
26544	INF
26545	INF
26546	INF
26547	INF
26548	INF
26549	INF
26550	INF
26551	INF
26552	INF
26553	INF
26554	INF
26555	INF
26556	INF
26557	INF
26558	INF
26559	INF
26560	INF
26561	INF
26562	INF
26563	INF
26564	INF
26565	INF
26566	INF
26567	INF
26568	INF
26569	INF
26570	INF
26571	INF
26572	INF
26573	INF
26574	INF
26575	INF
26576	INF
26577	INF
26578	INF
26579	INF
26580	INF
26581	INF
26582	INF
26583	INF
26584	INF
26585	INF
26586	INF
26587	INF
26588	INF
26589	INF
26590	INF
26591	INF
26592	INF
26593	INF
26594	INF
26595	INF
26596	INF
26597	INF
26598	INF
26599	INF
26600	INF
26601	INF
26602	INF
26603	INF
26604	INF
26605	INF
26606	INF
26607	INF
26608	INF
26609	INF
26610	INF
26611	INF
26612	INF
26613	INF
26614	INF
26615	INF
26616	INF
26617	INF
26618	INF
26619	INF
26620	INF
26621	INF
26622	INF
26623	INF
26624	INF
26625	INF
26626	INF
26627	INF
26628	INF
26629	INF
26630	INF
26631	INF
26632	INF
26633	INF
26634	INF
26635	INF
26636	INF
26637	INF
26638	INF
26639	INF
26640	INF
26641	INF
26642	INF
26643	INF
26644	INF
26645	INF
26646	INF
26647	INF
26648	INF
26649	INF
26650	INF
26651	INF
26652	INF
26653	INF
26654	INF
26655	INF
26656	INF
26657	INF
26658	INF
26659	INF
26660	INF
26661	INF
26662	INF
26663	INF
26664	INF
26665	INF
26666	INF
26667	INF
26668	INF
26669	INF
26670	INF
26671	INF
26672	INF
26673	INF
26674	INF
26675	INF
26676	INF
26677	INF
26678	INF
26679	INF
26680	INF
26681	INF
26682	INF
26683	INF
26684	INF
26685	INF
26686	INF
26687	INF
26688	INF
26689	INF
26690	INF
26691	INF
26692	INF
26693	INF
26694	INF
26695	INF
26696	INF
26697	INF
26698	INF
26699	INF
26700	INF
26701	INF
26702	INF
26703	INF
26704	INF
26705	INF
26706	INF
26707	INF
26708	INF
26709	INF
26710	INF
26711	INF
26712	INF
26713	INF
26714	INF
26715	INF
26716	INF
26717	INF
26718	INF
26719	INF
26720	INF
26721	INF
26722	INF
26723	INF
26724	INF
26725	INF
26726	INF
26727	INF
26728	INF
26729	INF
26730	INF
26731	INF
26732	INF
26733	INF
26734	INF
26735	INF
26736	INF
26737	INF
26738	INF
26739	INF
26740	INF
26741	INF
26742	INF
26743	INF
26744	INF
26745	INF
26746	INF
26747	INF
26748	INF
26749	INF
26750	INF
26751	INF
26752	INF
26753	INF
26754	INF
26755	INF
26756	INF
26757	INF
26758	INF
26759	INF
26760	INF
26761	INF
26762	INF
26763	INF
26764	INF
26765	INF
26766	INF
26767	INF
26768	INF
26769	INF
26770	INF
26771	INF
26772	INF
26773	INF
26774	INF
26775	INF
26776	INF
26777	INF
26778	INF
26779	INF
26780	INF
26781	INF
26782	INF
26783	INF
26784	INF
26785	INF
26786	INF
26787	INF
26788	INF
26789	INF
26790	INF
26791	INF
26792	INF
26793	INF
26794	INF
26795	INF
26796	INF
26797	INF
26798	INF
26799	INF
26800	INF
26801	INF
26802	INF
26803	INF
26804	INF
26805	INF
26806	INF
26807	INF
26808	INF
26809	INF
26810	INF
26811	INF
26812	INF
26813	INF
26814	INF
26815	INF
26816	INF
26817	INF
26818	INF
26819	INF
26820	INF
26821	INF
26822	INF
26823	INF
26824	INF
26825	INF
26826	INF
26827	INF
26828	INF
26829	INF
26830	INF
26831	INF
26832	INF
26833	INF
26834	INF
26835	INF
26836	INF
26837	INF
26838	INF
26839	INF
26840	INF
26841	INF
26842	INF
26843	INF
26844	INF
26845	INF
26846	INF
26847	INF
26848	INF
26849	INF
26850	INF
26851	INF
26852	INF
26853	INF
26854	INF
26855	INF
26856	INF
26857	INF
26858	INF
26859	INF
26860	INF
26861	INF
26862	INF
26863	INF
26864	INF
26865	INF
26866	INF
26867	INF
26868	INF
26869	INF
26870	INF
26871	INF
26872	INF
26873	INF
26874	INF
26875	INF
26876	INF
26877	INF
26878	INF
26879	INF
26880	INF
26881	INF
26882	INF
26883	INF
26884	INF
26885	INF
26886	INF
26887	INF
26888	INF
26889	INF
26890	INF
26891	INF
26892	INF
26893	INF
26894	INF
26895	INF
26896	INF
26897	INF
26898	INF
26899	INF
26900	INF
26901	INF
26902	INF
26903	INF
26904	INF
26905	INF
26906	INF
26907	INF
26908	INF
26909	INF
26910	INF
26911	INF
26912	INF
26913	INF
26914	INF
26915	INF
26916	INF
26917	INF
26918	INF
26919	INF
26920	INF
26921	INF
26922	INF
26923	INF
26924	INF
26925	INF
26926	INF
26927	INF
26928	INF
26929	INF
26930	INF
26931	INF
26932	INF
26933	INF
26934	INF
26935	INF
26936	INF
26937	INF
26938	INF
26939	INF
26940	INF
26941	INF
26942	INF
26943	INF
26944	INF
26945	INF
26946	INF
26947	INF
26948	INF
26949	INF
26950	INF
26951	INF
26952	INF
26953	INF
26954	INF
26955	INF
26956	INF
26957	INF
26958	INF
26959	INF
26960	INF
26961	INF
26962	INF
26963	INF
26964	INF
26965	INF
26966	INF
26967	INF
26968	INF
26969	INF
26970	INF
26971	INF
26972	INF
26973	INF
26974	INF
26975	INF
26976	INF
26977	INF
26978	INF
26979	INF
26980	INF
26981	INF
26982	INF
26983	INF
26984	INF
26985	INF
26986	INF
26987	INF
26988	INF
26989	INF
26990	INF
26991	INF
26992	INF
26993	INF
26994	INF
26995	INF
26996	INF
26997	INF
26998	INF
26999	INF
27000	INF
27001	INF
27002	INF
27003	INF
27004	INF
27005	INF
27006	INF
27007	INF
27008	INF
27009	INF
27010	INF
27011	INF
27012	INF
27013	INF
27014	INF
27015	INF
27016	INF
27017	INF
27018	INF
27019	INF
27020	INF
27021	INF
27022	INF
27023	INF
27024	INF
27025	INF
27026	INF
27027	INF
27028	INF
27029	INF
27030	INF
27031	INF
27032	INF
27033	INF
27034	INF
27035	INF
27036	INF
27037	INF
27038	INF
27039	INF
27040	INF
27041	INF
27042	INF
27043	INF
27044	INF
27045	INF
27046	INF
27047	INF
27048	INF
27049	INF
27050	INF
27051	INF
27052	INF
27053	INF
27054	INF
27055	INF
27056	INF
27057	INF
27058	INF
27059	INF
27060	INF
27061	INF
27062	INF
27063	INF
27064	INF
27065	INF
27066	INF
27067	INF
27068	INF
27069	INF
27070	INF
27071	INF
27072	INF
27073	INF
27074	INF
27075	INF
27076	INF
27077	INF
27078	INF
27079	INF
27080	INF
27081	INF
27082	INF
27083	INF
27084	INF
27085	INF
27086	INF
27087	INF
27088	INF
27089	INF
27090	INF
27091	INF
27092	INF
27093	INF
27094	INF
27095	INF
27096	INF
27097	INF
27098	INF
27099	INF
27100	INF
27101	INF
27102	INF
27103	INF
27104	INF
27105	INF
27106	INF
27107	INF
27108	INF
27109	INF
27110	INF
27111	INF
27112	INF
27113	INF
27114	INF
27115	INF
27116	INF
27117	INF
27118	INF
27119	INF
27120	INF
27121	INF
27122	INF
27123	INF
27124	INF
27125	INF
27126	INF
27127	INF
27128	INF
27129	INF
27130	INF
27131	INF
27132	INF
27133	INF
27134	INF
27135	INF
27136	INF
27137	INF
27138	INF
27139	INF
27140	INF
27141	INF
27142	INF
27143	INF
27144	INF
27145	INF
27146	INF
27147	INF
27148	INF
27149	INF
27150	INF
27151	INF
27152	INF
27153	INF
27154	INF
27155	INF
27156	INF
27157	INF
27158	INF
27159	INF
27160	INF
27161	INF
27162	INF
27163	INF
27164	INF
27165	INF
27166	INF
27167	INF
27168	INF
27169	INF
27170	INF
27171	INF
27172	INF
27173	INF
27174	INF
27175	INF
27176	INF
27177	INF
27178	INF
27179	INF
27180	INF
27181	INF
27182	INF
27183	INF
27184	INF
27185	INF
27186	INF
27187	INF
27188	INF
27189	INF
27190	INF
27191	INF
27192	INF
27193	INF
27194	INF
27195	INF
27196	INF
27197	INF
27198	INF
27199	INF
27200	INF
27201	INF
27202	INF
27203	INF
27204	INF
27205	INF
27206	INF
27207	INF
27208	INF
27209	INF
27210	INF
27211	INF
27212	INF
27213	INF
27214	INF
27215	INF
27216	INF
27217	INF
27218	INF
27219	INF
27220	INF
27221	INF
27222	INF
27223	INF
27224	INF
27225	INF
27226	INF
27227	INF
27228	INF
27229	INF
27230	INF
27231	INF
27232	INF
27233	INF
27234	INF
27235	INF
27236	INF
27237	INF
27238	INF
27239	INF
27240	INF
27241	INF
27242	INF
27243	INF
27244	INF
27245	INF
27246	INF
27247	INF
27248	INF
27249	INF
27250	INF
27251	INF
27252	INF
27253	INF
27254	INF
27255	INF
27256	INF
27257	INF
27258	INF
27259	INF
27260	INF
27261	INF
27262	INF
27263	INF
27264	INF
27265	INF
27266	INF
27267	INF
27268	INF
27269	INF
27270	INF
27271	INF
27272	INF
27273	INF
27274	INF
27275	INF
27276	INF
27277	INF
27278	INF
27279	INF
27280	INF
27281	INF
27282	INF
27283	INF
27284	INF
27285	INF
27286	INF
27287	INF
27288	INF
27289	INF
27290	INF
27291	INF
27292	INF
27293	INF
27294	INF
27295	INF
27296	INF
27297	INF
27298	INF
27299	INF
27300	INF
27301	INF
27302	INF
27303	INF
27304	INF
27305	INF
27306	INF
27307	INF
27308	INF
27309	INF
27310	INF
27311	INF
27312	INF
27313	INF
27314	INF
27315	INF
27316	INF
27317	INF
27318	INF
27319	INF
27320	INF
27321	INF
27322	INF
27323	INF
27324	INF
27325	INF
27326	INF
27327	INF
27328	INF
27329	INF
27330	INF
27331	INF
27332	INF
27333	INF
27334	INF
27335	INF
27336	INF
27337	INF
27338	INF
27339	INF
27340	INF
27341	INF
27342	INF
27343	INF
27344	INF
27345	INF
27346	INF
27347	INF
27348	INF
27349	INF
27350	INF
27351	INF
27352	INF
27353	INF
27354	INF
27355	INF
27356	INF
27357	INF
27358	INF
27359	INF
27360	INF
27361	INF
27362	INF
27363	INF
27364	INF
27365	INF
27366	INF
27367	INF
27368	INF
27369	INF
27370	INF
27371	INF
27372	INF
27373	INF
27374	INF
27375	INF
27376	INF
27377	INF
27378	INF
27379	INF
27380	INF
27381	INF
27382	INF
27383	INF
27384	INF
27385	INF
27386	INF
27387	INF
27388	INF
27389	INF
27390	INF
27391	INF
27392	INF
27393	INF
27394	INF
27395	INF
27396	INF
27397	INF
27398	INF
27399	INF
27400	INF
27401	INF
27402	INF
27403	INF
27404	INF
27405	INF
27406	INF
27407	INF
27408	INF
27409	INF
27410	INF
27411	INF
27412	INF
27413	INF
27414	INF
27415	INF
27416	INF
27417	INF
27418	INF
27419	INF
27420	INF
27421	INF
27422	INF
27423	INF
27424	INF
27425	INF
27426	INF
27427	INF
27428	INF
27429	INF
27430	INF
27431	INF
27432	INF
27433	INF
27434	INF
27435	INF
27436	INF
27437	INF
27438	INF
27439	INF
27440	INF
27441	INF
27442	INF
27443	INF
27444	INF
27445	INF
27446	INF
27447	INF
27448	INF
27449	INF
27450	INF
27451	INF
27452	INF
27453	INF
27454	INF
27455	INF
27456	INF
27457	INF
27458	INF
27459	INF
27460	INF
27461	INF
27462	INF
27463	INF
27464	INF
27465	INF
27466	INF
27467	INF
27468	INF
27469	INF
27470	INF
27471	INF
27472	INF
27473	INF
27474	INF
27475	INF
27476	INF
27477	INF
27478	INF
27479	INF
27480	INF
27481	INF
27482	INF
27483	INF
27484	INF
27485	INF
27486	INF
27487	INF
27488	INF
27489	INF
27490	INF
27491	INF
27492	INF
27493	INF
27494	INF
27495	INF
27496	INF
27497	INF
27498	INF
27499	INF
27500	INF
27501	INF
27502	INF
27503	INF
27504	INF
27505	INF
27506	INF
27507	INF
27508	INF
27509	INF
27510	INF
27511	INF
27512	INF
27513	INF
27514	INF
27515	INF
27516	INF
27517	INF
27518	INF
27519	INF
27520	INF
27521	INF
27522	INF
27523	INF
27524	INF
27525	INF
27526	INF
27527	INF
27528	INF
27529	INF
27530	INF
27531	INF
27532	INF
27533	INF
27534	INF
27535	INF
27536	INF
27537	INF
27538	INF
27539	INF
27540	INF
27541	INF
27542	INF
27543	INF
27544	INF
27545	INF
27546	INF
27547	INF
27548	INF
27549	INF
27550	INF
27551	INF
27552	INF
27553	INF
27554	INF
27555	INF
27556	INF
27557	INF
27558	INF
27559	INF
27560	INF
27561	INF
27562	INF
27563	INF
27564	INF
27565	INF
27566	INF
27567	INF
27568	INF
27569	INF
27570	INF
27571	INF
27572	INF
27573	INF
27574	INF
27575	INF
27576	INF
27577	INF
27578	INF
27579	INF
27580	INF
27581	INF
27582	INF
27583	INF
27584	INF
27585	INF
27586	INF
27587	INF
27588	INF
27589	INF
27590	INF
27591	INF
27592	INF
27593	INF
27594	INF
27595	INF
27596	INF
27597	INF
27598	INF
27599	INF
27600	INF
27601	INF
27602	INF
27603	INF
27604	INF
27605	INF
27606	INF
27607	INF
27608	INF
27609	INF
27610	INF
27611	INF
27612	INF
27613	INF
27614	INF
27615	INF
27616	INF
27617	INF
27618	INF
27619	INF
27620	INF
27621	INF
27622	INF
27623	INF
27624	INF
27625	INF
27626	INF
27627	INF
27628	INF
27629	INF
27630	INF
27631	INF
27632	INF
27633	INF
27634	INF
27635	INF
27636	INF
27637	INF
27638	INF
27639	INF
27640	INF
27641	INF
27642	INF
27643	INF
27644	INF
27645	INF
27646	INF
27647	INF
27648	INF
27649	INF
27650	INF
27651	INF
27652	INF
27653	INF
27654	INF
27655	INF
27656	INF
27657	INF
27658	INF
27659	INF
27660	INF
27661	INF
27662	INF
27663	INF
27664	INF
27665	INF
27666	INF
27667	INF
27668	INF
27669	INF
27670	INF
27671	INF
27672	INF
27673	INF
27674	INF
27675	INF
27676	INF
27677	INF
27678	INF
27679	INF
27680	INF
27681	INF
27682	INF
27683	INF
27684	INF
27685	INF
27686	INF
27687	INF
27688	INF
27689	INF
27690	INF
27691	INF
27692	INF
27693	INF
27694	INF
27695	INF
27696	INF
27697	INF
27698	INF
27699	INF
27700	INF
27701	INF
27702	INF
27703	INF
27704	INF
27705	INF
27706	INF
27707	INF
27708	INF
27709	INF
27710	INF
27711	INF
27712	INF
27713	INF
27714	INF
27715	INF
27716	INF
27717	INF
27718	INF
27719	INF
27720	INF
27721	INF
27722	INF
27723	INF
27724	INF
27725	INF
27726	INF
27727	INF
27728	INF
27729	INF
27730	INF
27731	INF
27732	INF
27733	INF
27734	INF
27735	INF
27736	INF
27737	INF
27738	INF
27739	INF
27740	INF
27741	INF
27742	INF
27743	INF
27744	INF
27745	INF
27746	INF
27747	INF
27748	INF
27749	INF
27750	INF
27751	INF
27752	INF
27753	INF
27754	INF
27755	INF
27756	INF
27757	INF
27758	INF
27759	INF
27760	INF
27761	INF
27762	INF
27763	INF
27764	INF
27765	INF
27766	INF
27767	INF
27768	INF
27769	INF
27770	INF
27771	INF
27772	INF
27773	INF
27774	INF
27775	INF
27776	INF
27777	INF
27778	INF
27779	INF
27780	INF
27781	INF
27782	INF
27783	INF
27784	INF
27785	INF
27786	INF
27787	INF
27788	INF
27789	INF
27790	INF
27791	INF
27792	INF
27793	INF
27794	INF
27795	INF
27796	INF
27797	INF
27798	INF
27799	INF
27800	INF
27801	INF
27802	INF
27803	INF
27804	INF
27805	INF
27806	INF
27807	INF
27808	INF
27809	INF
27810	INF
27811	INF
27812	INF
27813	INF
27814	INF
27815	INF
27816	INF
27817	INF
27818	INF
27819	INF
27820	INF
27821	INF
27822	INF
27823	INF
27824	INF
27825	INF
27826	INF
27827	INF
27828	INF
27829	INF
27830	INF
27831	INF
27832	INF
27833	INF
27834	INF
27835	INF
27836	INF
27837	INF
27838	INF
27839	INF
27840	INF
27841	INF
27842	INF
27843	INF
27844	INF
27845	INF
27846	INF
27847	INF
27848	INF
27849	INF
27850	INF
27851	INF
27852	INF
27853	INF
27854	INF
27855	INF
27856	INF
27857	INF
27858	INF
27859	INF
27860	INF
27861	INF
27862	INF
27863	INF
27864	INF
27865	INF
27866	INF
27867	INF
27868	INF
27869	INF
27870	INF
27871	INF
27872	INF
27873	INF
27874	INF
27875	INF
27876	INF
27877	INF
27878	INF
27879	INF
27880	INF
27881	INF
27882	INF
27883	INF
27884	INF
27885	INF
27886	INF
27887	INF
27888	INF
27889	INF
27890	INF
27891	INF
27892	INF
27893	INF
27894	INF
27895	INF
27896	INF
27897	INF
27898	INF
27899	INF
27900	INF
27901	INF
27902	INF
27903	INF
27904	INF
27905	INF
27906	INF
27907	INF
27908	INF
27909	INF
27910	INF
27911	INF
27912	INF
27913	INF
27914	INF
27915	INF
27916	INF
27917	INF
27918	INF
27919	INF
27920	INF
27921	INF
27922	INF
27923	INF
27924	INF
27925	INF
27926	INF
27927	INF
27928	INF
27929	INF
27930	INF
27931	INF
27932	INF
27933	INF
27934	INF
27935	INF
27936	INF
27937	INF
27938	INF
27939	INF
27940	INF
27941	INF
27942	INF
27943	INF
27944	INF
27945	INF
27946	INF
27947	INF
27948	INF
27949	INF
27950	INF
27951	INF
27952	INF
27953	INF
27954	INF
27955	INF
27956	INF
27957	INF
27958	INF
27959	INF
27960	INF
27961	INF
27962	INF
27963	INF
27964	INF
27965	INF
27966	INF
27967	INF
27968	INF
27969	INF
27970	INF
27971	INF
27972	INF
27973	INF
27974	INF
27975	INF
27976	INF
27977	INF
27978	INF
27979	INF
27980	INF
27981	INF
27982	INF
27983	INF
27984	INF
27985	INF
27986	INF
27987	INF
27988	INF
27989	INF
27990	INF
27991	INF
27992	INF
27993	INF
27994	INF
27995	INF
27996	INF
27997	INF
27998	INF
27999	INF
28000	INF
28001	INF
28002	INF
28003	INF
28004	INF
28005	INF
28006	INF
28007	INF
28008	INF
28009	INF
28010	INF
28011	INF
28012	INF
28013	INF
28014	INF
28015	INF
28016	INF
28017	INF
28018	INF
28019	INF
28020	INF
28021	INF
28022	INF
28023	INF
28024	INF
28025	INF
28026	INF
28027	INF
28028	INF
28029	INF
28030	INF
28031	INF
28032	INF
28033	INF
28034	INF
28035	INF
28036	INF
28037	INF
28038	INF
28039	INF
28040	INF
28041	INF
28042	INF
28043	INF
28044	INF
28045	INF
28046	INF
28047	INF
28048	INF
28049	INF
28050	INF
28051	INF
28052	INF
28053	INF
28054	INF
28055	INF
28056	INF
28057	INF
28058	INF
28059	INF
28060	INF
28061	INF
28062	INF
28063	INF
28064	INF
28065	INF
28066	INF
28067	INF
28068	INF
28069	INF
28070	INF
28071	INF
28072	INF
28073	INF
28074	INF
28075	INF
28076	INF
28077	INF
28078	INF
28079	INF
28080	INF
28081	INF
28082	INF
28083	INF
28084	INF
28085	INF
28086	INF
28087	INF
28088	INF
28089	INF
28090	INF
28091	INF
28092	INF
28093	INF
28094	INF
28095	INF
28096	INF
28097	INF
28098	INF
28099	INF
28100	INF
28101	INF
28102	INF
28103	INF
28104	INF
28105	INF
28106	INF
28107	INF
28108	INF
28109	INF
28110	INF
28111	INF
28112	INF
28113	INF
28114	INF
28115	INF
28116	INF
28117	INF
28118	INF
28119	INF
28120	INF
28121	INF
28122	INF
28123	INF
28124	INF
28125	INF
28126	INF
28127	INF
28128	INF
28129	INF
28130	INF
28131	INF
28132	INF
28133	INF
28134	INF
28135	INF
28136	INF
28137	INF
28138	INF
28139	INF
28140	INF
28141	INF
28142	INF
28143	INF
28144	INF
28145	INF
28146	INF
28147	INF
28148	INF
28149	INF
28150	INF
28151	INF
28152	INF
28153	INF
28154	INF
28155	INF
28156	INF
28157	INF
28158	INF
28159	INF
28160	INF
28161	INF
28162	INF
28163	INF
28164	INF
28165	INF
28166	INF
28167	INF
28168	INF
28169	INF
28170	INF
28171	INF
28172	INF
28173	INF
28174	INF
28175	INF
28176	INF
28177	INF
28178	INF
28179	INF
28180	INF
28181	INF
28182	INF
28183	INF
28184	INF
28185	INF
28186	INF
28187	INF
28188	INF
28189	INF
28190	INF
28191	INF
28192	INF
28193	INF
28194	INF
28195	INF
28196	INF
28197	INF
28198	INF
28199	INF
28200	INF
28201	INF
28202	INF
28203	INF
28204	INF
28205	INF
28206	INF
28207	INF
28208	INF
28209	INF
28210	INF
28211	INF
28212	INF
28213	INF
28214	INF
28215	INF
28216	INF
28217	INF
28218	INF
28219	INF
28220	INF
28221	INF
28222	INF
28223	INF
28224	INF
28225	INF
28226	INF
28227	INF
28228	INF
28229	INF
28230	INF
28231	INF
28232	INF
28233	INF
28234	INF
28235	INF
28236	INF
28237	INF
28238	INF
28239	INF
28240	INF
28241	INF
28242	INF
28243	INF
28244	INF
28245	INF
28246	INF
28247	INF
28248	INF
28249	INF
28250	INF
28251	INF
28252	INF
28253	INF
28254	INF
28255	INF
28256	INF
28257	INF
28258	INF
28259	INF
28260	INF
28261	INF
28262	INF
28263	INF
28264	INF
28265	INF
28266	INF
28267	INF
28268	INF
28269	INF
28270	INF
28271	INF
28272	INF
28273	INF
28274	INF
28275	INF
28276	INF
28277	INF
28278	INF
28279	INF
28280	INF
28281	INF
28282	INF
28283	INF
28284	INF
28285	INF
28286	INF
28287	INF
28288	INF
28289	INF
28290	INF
28291	INF
28292	INF
28293	INF
28294	INF
28295	INF
28296	INF
28297	INF
28298	INF
28299	INF
28300	INF
28301	INF
28302	INF
28303	INF
28304	INF
28305	INF
28306	INF
28307	INF
28308	INF
28309	INF
28310	INF
28311	INF
28312	INF
28313	INF
28314	INF
28315	INF
28316	INF
28317	INF
28318	INF
28319	INF
28320	INF
28321	INF
28322	INF
28323	INF
28324	INF
28325	INF
28326	INF
28327	INF
28328	INF
28329	INF
28330	INF
28331	INF
28332	INF
28333	INF
28334	INF
28335	INF
28336	INF
28337	INF
28338	INF
28339	INF
28340	INF
28341	INF
28342	INF
28343	INF
28344	INF
28345	INF
28346	INF
28347	INF
28348	INF
28349	INF
28350	INF
28351	INF
28352	INF
28353	INF
28354	INF
28355	INF
28356	INF
28357	INF
28358	INF
28359	INF
28360	INF
28361	INF
28362	INF
28363	INF
28364	INF
28365	INF
28366	INF
28367	INF
28368	INF
28369	INF
28370	INF
28371	INF
28372	INF
28373	INF
28374	INF
28375	INF
28376	INF
28377	INF
28378	INF
28379	INF
28380	INF
28381	INF
28382	INF
28383	INF
28384	INF
28385	INF
28386	INF
28387	INF
28388	INF
28389	INF
28390	INF
28391	INF
28392	INF
28393	INF
28394	INF
28395	INF
28396	INF
28397	INF
28398	INF
28399	INF
28400	INF
28401	INF
28402	INF
28403	INF
28404	INF
28405	INF
28406	INF
28407	INF
28408	INF
28409	INF
28410	INF
28411	INF
28412	INF
28413	INF
28414	INF
28415	INF
28416	INF
28417	INF
28418	INF
28419	INF
28420	INF
28421	INF
28422	INF
28423	INF
28424	INF
28425	INF
28426	INF
28427	INF
28428	INF
28429	INF
28430	INF
28431	INF
28432	INF
28433	INF
28434	INF
28435	INF
28436	INF
28437	INF
28438	INF
28439	INF
28440	INF
28441	INF
28442	INF
28443	INF
28444	INF
28445	INF
28446	INF
28447	INF
28448	INF
28449	INF
28450	INF
28451	INF
28452	INF
28453	INF
28454	INF
28455	INF
28456	INF
28457	INF
28458	INF
28459	INF
28460	INF
28461	INF
28462	INF
28463	INF
28464	INF
28465	INF
28466	INF
28467	INF
28468	INF
28469	INF
28470	INF
28471	INF
28472	INF
28473	INF
28474	INF
28475	INF
28476	INF
28477	INF
28478	INF
28479	INF
28480	INF
28481	INF
28482	INF
28483	INF
28484	INF
28485	INF
28486	INF
28487	INF
28488	INF
28489	INF
28490	INF
28491	INF
28492	INF
28493	INF
28494	INF
28495	INF
28496	INF
28497	INF
28498	INF
28499	INF
28500	INF
28501	INF
28502	INF
28503	INF
28504	INF
28505	INF
28506	INF
28507	INF
28508	INF
28509	INF
28510	INF
28511	INF
28512	INF
28513	INF
28514	INF
28515	INF
28516	INF
28517	INF
28518	INF
28519	INF
28520	INF
28521	INF
28522	INF
28523	INF
28524	INF
28525	INF
28526	INF
28527	INF
28528	INF
28529	INF
28530	INF
28531	INF
28532	INF
28533	INF
28534	INF
28535	INF
28536	INF
28537	INF
28538	INF
28539	INF
28540	INF
28541	INF
28542	INF
28543	INF
28544	INF
28545	INF
28546	INF
28547	INF
28548	INF
28549	INF
28550	INF
28551	INF
28552	INF
28553	INF
28554	INF
28555	INF
28556	INF
28557	INF
28558	INF
28559	INF
28560	INF
28561	INF
28562	INF
28563	INF
28564	INF
28565	INF
28566	INF
28567	INF
28568	INF
28569	INF
28570	INF
28571	INF
28572	INF
28573	INF
28574	INF
28575	INF
28576	INF
28577	INF
28578	INF
28579	INF
28580	INF
28581	INF
28582	INF
28583	INF
28584	INF
28585	INF
28586	INF
28587	INF
28588	INF
28589	INF
28590	INF
28591	INF
28592	INF
28593	INF
28594	INF
28595	INF
28596	INF
28597	INF
28598	INF
28599	INF
28600	INF
28601	INF
28602	INF
28603	INF
28604	INF
28605	INF
28606	INF
28607	INF
28608	INF
28609	INF
28610	INF
28611	INF
28612	INF
28613	INF
28614	INF
28615	INF
28616	INF
28617	INF
28618	INF
28619	INF
28620	INF
28621	INF
28622	INF
28623	INF
28624	INF
28625	INF
28626	INF
28627	INF
28628	INF
28629	INF
28630	INF
28631	INF
28632	INF
28633	INF
28634	INF
28635	INF
28636	INF
28637	INF
28638	INF
28639	INF
28640	INF
28641	INF
28642	INF
28643	INF
28644	INF
28645	INF
28646	INF
28647	INF
28648	INF
28649	INF
28650	INF
28651	INF
28652	INF
28653	INF
28654	INF
28655	INF
28656	INF
28657	INF
28658	INF
28659	INF
28660	INF
28661	INF
28662	INF
28663	INF
28664	INF
28665	INF
28666	INF
28667	INF
28668	INF
28669	INF
28670	INF
28671	INF
28672	INF
28673	INF
28674	INF
28675	INF
28676	INF
28677	INF
28678	INF
28679	INF
28680	INF
28681	INF
28682	INF
28683	INF
28684	INF
28685	INF
28686	INF
28687	INF
28688	INF
28689	INF
28690	INF
28691	INF
28692	INF
28693	INF
28694	INF
28695	INF
28696	INF
28697	INF
28698	INF
28699	INF
28700	INF
28701	INF
28702	INF
28703	INF
28704	INF
28705	INF
28706	INF
28707	INF
28708	INF
28709	INF
28710	INF
28711	INF
28712	INF
28713	INF
28714	INF
28715	INF
28716	INF
28717	INF
28718	INF
28719	INF
28720	INF
28721	INF
28722	INF
28723	INF
28724	INF
28725	INF
28726	INF
28727	INF
28728	INF
28729	INF
28730	INF
28731	INF
28732	INF
28733	INF
28734	INF
28735	INF
28736	INF
28737	INF
28738	INF
28739	INF
28740	INF
28741	INF
28742	INF
28743	INF
28744	INF
28745	INF
28746	INF
28747	INF
28748	INF
28749	INF
28750	INF
28751	INF
28752	INF
28753	INF
28754	INF
28755	INF
28756	INF
28757	INF
28758	INF
28759	INF
28760	INF
28761	INF
28762	INF
28763	INF
28764	INF
28765	INF
28766	INF
28767	INF
28768	INF
28769	INF
28770	INF
28771	INF
28772	INF
28773	INF
28774	INF
28775	INF
28776	INF
28777	INF
28778	INF
28779	INF
28780	INF
28781	INF
28782	INF
28783	INF
28784	INF
28785	INF
28786	INF
28787	INF
28788	INF
28789	INF
28790	INF
28791	INF
28792	INF
28793	INF
28794	INF
28795	INF
28796	INF
28797	INF
28798	INF
28799	INF
28800	INF
28801	INF
28802	INF
28803	INF
28804	INF
28805	INF
28806	INF
28807	INF
28808	INF
28809	INF
28810	INF
28811	INF
28812	INF
28813	INF
28814	INF
28815	INF
28816	INF
28817	INF
28818	INF
28819	INF
28820	INF
28821	INF
28822	INF
28823	INF
28824	INF
28825	INF
28826	INF
28827	INF
28828	INF
28829	INF
28830	INF
28831	INF
28832	INF
28833	INF
28834	INF
28835	INF
28836	INF
28837	INF
28838	INF
28839	INF
28840	INF
28841	INF
28842	INF
28843	INF
28844	INF
28845	INF
28846	INF
28847	INF
28848	INF
28849	INF
28850	INF
28851	INF
28852	INF
28853	INF
28854	INF
28855	INF
28856	INF
28857	INF
28858	INF
28859	INF
28860	INF
28861	INF
28862	INF
28863	INF
28864	INF
28865	INF
28866	INF
28867	INF
28868	INF
28869	INF
28870	INF
28871	INF
28872	INF
28873	INF
28874	INF
28875	INF
28876	INF
28877	INF
28878	INF
28879	INF
28880	INF
28881	INF
28882	INF
28883	INF
28884	INF
28885	INF
28886	INF
28887	INF
28888	INF
28889	INF
28890	INF
28891	INF
28892	INF
28893	INF
28894	INF
28895	INF
28896	INF
28897	INF
28898	INF
28899	INF
28900	INF
28901	INF
28902	INF
28903	INF
28904	INF
28905	INF
28906	INF
28907	INF
28908	INF
28909	INF
28910	INF
28911	INF
28912	INF
28913	INF
28914	INF
28915	INF
28916	INF
28917	INF
28918	INF
28919	INF
28920	INF
28921	INF
28922	INF
28923	INF
28924	INF
28925	INF
28926	INF
28927	INF
28928	INF
28929	INF
28930	INF
28931	INF
28932	INF
28933	INF
28934	INF
28935	INF
28936	INF
28937	INF
28938	INF
28939	INF
28940	INF
28941	INF
28942	INF
28943	INF
28944	INF
28945	INF
28946	INF
28947	INF
28948	INF
28949	INF
28950	INF
28951	INF
28952	INF
28953	INF
28954	INF
28955	INF
28956	INF
28957	INF
28958	INF
28959	INF
28960	INF
28961	INF
28962	INF
28963	INF
28964	INF
28965	INF
28966	INF
28967	INF
28968	INF
28969	INF
28970	INF
28971	INF
28972	INF
28973	INF
28974	INF
28975	INF
28976	INF
28977	INF
28978	INF
28979	INF
28980	INF
28981	INF
28982	INF
28983	INF
28984	INF
28985	INF
28986	INF
28987	INF
28988	INF
28989	INF
28990	INF
28991	INF
28992	INF
28993	INF
28994	INF
28995	INF
28996	INF
28997	INF
28998	INF
28999	INF
29000	INF
29001	INF
29002	INF
29003	INF
29004	INF
29005	INF
29006	INF
29007	INF
29008	INF
29009	INF
29010	INF
29011	INF
29012	INF
29013	INF
29014	INF
29015	INF
29016	INF
29017	INF
29018	INF
29019	INF
29020	INF
29021	INF
29022	INF
29023	INF
29024	INF
29025	INF
29026	INF
29027	INF
29028	INF
29029	INF
29030	INF
29031	INF
29032	INF
29033	INF
29034	INF
29035	INF
29036	INF
29037	INF
29038	INF
29039	INF
29040	INF
29041	INF
29042	INF
29043	INF
29044	INF
29045	INF
29046	INF
29047	INF
29048	INF
29049	INF
29050	INF
29051	INF
29052	INF
29053	INF
29054	INF
29055	INF
29056	INF
29057	INF
29058	INF
29059	INF
29060	INF
29061	INF
29062	INF
29063	INF
29064	INF
29065	INF
29066	INF
29067	INF
29068	INF
29069	INF
29070	INF
29071	INF
29072	INF
29073	INF
29074	INF
29075	INF
29076	INF
29077	INF
29078	INF
29079	INF
29080	INF
29081	INF
29082	INF
29083	INF
29084	INF
29085	INF
29086	INF
29087	INF
29088	INF
29089	INF
29090	INF
29091	INF
29092	INF
29093	INF
29094	INF
29095	INF
29096	INF
29097	INF
29098	INF
29099	INF
29100	INF
29101	INF
29102	INF
29103	INF
29104	INF
29105	INF
29106	INF
29107	INF
29108	INF
29109	INF
29110	INF
29111	INF
29112	INF
29113	INF
29114	INF
29115	INF
29116	INF
29117	INF
29118	INF
29119	INF
29120	INF
29121	INF
29122	INF
29123	INF
29124	INF
29125	INF
29126	INF
29127	INF
29128	INF
29129	INF
29130	INF
29131	INF
29132	INF
29133	INF
29134	INF
29135	INF
29136	INF
29137	INF
29138	INF
29139	INF
29140	INF
29141	INF
29142	INF
29143	INF
29144	INF
29145	INF
29146	INF
29147	INF
29148	INF
29149	INF
29150	INF
29151	INF
29152	INF
29153	INF
29154	INF
29155	INF
29156	INF
29157	INF
29158	INF
29159	INF
29160	INF
29161	INF
29162	INF
29163	INF
29164	INF
29165	INF
29166	INF
29167	INF
29168	INF
29169	INF
29170	INF
29171	INF
29172	INF
29173	INF
29174	INF
29175	INF
29176	INF
29177	INF
29178	INF
29179	INF
29180	INF
29181	INF
29182	INF
29183	INF
29184	INF
29185	INF
29186	INF
29187	INF
29188	INF
29189	INF
29190	INF
29191	INF
29192	INF
29193	INF
29194	INF
29195	INF
29196	INF
29197	INF
29198	INF
29199	INF
29200	INF
29201	INF
29202	INF
29203	INF
29204	INF
29205	INF
29206	INF
29207	INF
29208	INF
29209	INF
29210	INF
29211	INF
29212	INF
29213	INF
29214	INF
29215	INF
29216	INF
29217	INF
29218	INF
29219	INF
29220	INF
29221	INF
29222	INF
29223	INF
29224	INF
29225	INF
29226	INF
29227	INF
29228	INF
29229	INF
29230	INF
29231	INF
29232	INF
29233	INF
29234	INF
29235	INF
29236	INF
29237	INF
29238	INF
29239	INF
29240	INF
29241	INF
29242	INF
29243	INF
29244	INF
29245	INF
29246	INF
29247	INF
29248	INF
29249	INF
29250	INF
29251	INF
29252	INF
29253	INF
29254	INF
29255	INF
29256	INF
29257	INF
29258	INF
29259	INF
29260	INF
29261	INF
29262	INF
29263	INF
29264	INF
29265	INF
29266	INF
29267	INF
29268	INF
29269	INF
29270	INF
29271	INF
29272	INF
29273	INF
29274	INF
29275	INF
29276	INF
29277	INF
29278	INF
29279	INF
29280	INF
29281	INF
29282	INF
29283	INF
29284	INF
29285	INF
29286	INF
29287	INF
29288	INF
29289	INF
29290	INF
29291	INF
29292	INF
29293	INF
29294	INF
29295	INF
29296	INF
29297	INF
29298	INF
29299	INF
29300	INF
29301	INF
29302	INF
29303	INF
29304	INF
29305	INF
29306	INF
29307	INF
29308	INF
29309	INF
29310	INF
29311	INF
29312	INF
29313	INF
29314	INF
29315	INF
29316	INF
29317	INF
29318	INF
29319	INF
29320	INF
29321	INF
29322	INF
29323	INF
29324	INF
29325	INF
29326	INF
29327	INF
29328	INF
29329	INF
29330	INF
29331	INF
29332	INF
29333	INF
29334	INF
29335	INF
29336	INF
29337	INF
29338	INF
29339	INF
29340	INF
29341	INF
29342	INF
29343	INF
29344	INF
29345	INF
29346	INF
29347	INF
29348	INF
29349	INF
29350	INF
29351	INF
29352	INF
29353	INF
29354	INF
29355	INF
29356	INF
29357	INF
29358	INF
29359	INF
29360	INF
29361	INF
29362	INF
29363	INF
29364	INF
29365	INF
29366	INF
29367	INF
29368	INF
29369	INF
29370	INF
29371	INF
29372	INF
29373	INF
29374	INF
29375	INF
29376	INF
29377	INF
29378	INF
29379	INF
29380	INF
29381	INF
29382	INF
29383	INF
29384	INF
29385	INF
29386	INF
29387	INF
29388	INF
29389	INF
29390	INF
29391	INF
29392	INF
29393	INF
29394	INF
29395	INF
29396	INF
29397	INF
29398	INF
29399	INF
29400	INF
29401	INF
29402	INF
29403	INF
29404	INF
29405	INF
29406	INF
29407	INF
29408	INF
29409	INF
29410	INF
29411	INF
29412	INF
29413	INF
29414	INF
29415	INF
29416	INF
29417	INF
29418	INF
29419	INF
29420	INF
29421	INF
29422	INF
29423	INF
29424	INF
29425	INF
29426	INF
29427	INF
29428	INF
29429	INF
29430	INF
29431	INF
29432	INF
29433	INF
29434	INF
29435	INF
29436	INF
29437	INF
29438	INF
29439	INF
29440	INF
29441	INF
29442	INF
29443	INF
29444	INF
29445	INF
29446	INF
29447	INF
29448	INF
29449	INF
29450	INF
29451	INF
29452	INF
29453	INF
29454	INF
29455	INF
29456	INF
29457	INF
29458	INF
29459	INF
29460	INF
29461	INF
29462	INF
29463	INF
29464	INF
29465	INF
29466	INF
29467	INF
29468	INF
29469	INF
29470	INF
29471	INF
29472	INF
29473	INF
29474	INF
29475	INF
29476	INF
29477	INF
29478	INF
29479	INF
29480	INF
29481	INF
29482	INF
29483	INF
29484	INF
29485	INF
29486	INF
29487	INF
29488	INF
29489	INF
29490	INF
29491	INF
29492	INF
29493	INF
29494	INF
29495	INF
29496	INF
29497	INF
29498	INF
29499	INF
29500	INF
29501	INF
29502	INF
29503	INF
29504	INF
29505	INF
29506	INF
29507	INF
29508	INF
29509	INF
29510	INF
29511	INF
29512	INF
29513	INF
29514	INF
29515	INF
29516	INF
29517	INF
29518	INF
29519	INF
29520	INF
29521	INF
29522	INF
29523	INF
29524	INF
29525	INF
29526	INF
29527	INF
29528	INF
29529	INF
29530	INF
29531	INF
29532	INF
29533	INF
29534	INF
29535	INF
29536	INF
29537	INF
29538	INF
29539	INF
29540	INF
29541	INF
29542	INF
29543	INF
29544	INF
29545	INF
29546	INF
29547	INF
29548	INF
29549	INF
29550	INF
29551	INF
29552	INF
29553	INF
29554	INF
29555	INF
29556	INF
29557	INF
29558	INF
29559	INF
29560	INF
29561	INF
29562	INF
29563	INF
29564	INF
29565	INF
29566	INF
29567	INF
29568	INF
29569	INF
29570	INF
29571	INF
29572	INF
29573	INF
29574	INF
29575	INF
29576	INF
29577	INF
29578	INF
29579	INF
29580	INF
29581	INF
29582	INF
29583	INF
29584	INF
29585	INF
29586	INF
29587	INF
29588	INF
29589	INF
29590	INF
29591	INF
29592	INF
29593	INF
29594	INF
29595	INF
29596	INF
29597	INF
29598	INF
29599	INF
29600	INF
29601	INF
29602	INF
29603	INF
29604	INF
29605	INF
29606	INF
29607	INF
29608	INF
29609	INF
29610	INF
29611	INF
29612	INF
29613	INF
29614	INF
29615	INF
29616	INF
29617	INF
29618	INF
29619	INF
29620	INF
29621	INF
29622	INF
29623	INF
29624	INF
29625	INF
29626	INF
29627	INF
29628	INF
29629	INF
29630	INF
29631	INF
29632	INF
29633	INF
29634	INF
29635	INF
29636	INF
29637	INF
29638	INF
29639	INF
29640	INF
29641	INF
29642	INF
29643	INF
29644	INF
29645	INF
29646	INF
29647	INF
29648	INF
29649	INF
29650	INF
29651	INF
29652	INF
29653	INF
29654	INF
29655	INF
29656	INF
29657	INF
29658	INF
29659	INF
29660	INF
29661	INF
29662	INF
29663	INF
29664	INF
29665	INF
29666	INF
29667	INF
29668	INF
29669	INF
29670	INF
29671	INF
29672	INF
29673	INF
29674	INF
29675	INF
29676	INF
29677	INF
29678	INF
29679	INF
29680	INF
29681	INF
29682	INF
29683	INF
29684	INF
29685	INF
29686	INF
29687	INF
29688	INF
29689	INF
29690	INF
29691	INF
29692	INF
29693	INF
29694	INF
29695	INF
29696	INF
29697	INF
29698	INF
29699	INF
29700	INF
29701	INF
29702	INF
29703	INF
29704	INF
29705	INF
29706	INF
29707	INF
29708	INF
29709	INF
29710	INF
29711	INF
29712	INF
29713	INF
29714	INF
29715	INF
29716	INF
29717	INF
29718	INF
29719	INF
29720	INF
29721	INF
29722	INF
29723	INF
29724	INF
29725	INF
29726	INF
29727	INF
29728	INF
29729	INF
29730	INF
29731	INF
29732	INF
29733	INF
29734	INF
29735	INF
29736	INF
29737	INF
29738	INF
29739	INF
29740	INF
29741	INF
29742	INF
29743	INF
29744	INF
29745	INF
29746	INF
29747	INF
29748	INF
29749	INF
29750	INF
29751	INF
29752	INF
29753	INF
29754	INF
29755	INF
29756	INF
29757	INF
29758	INF
29759	INF
29760	INF
29761	INF
29762	INF
29763	INF
29764	INF
29765	INF
29766	INF
29767	INF
29768	INF
29769	INF
29770	INF
29771	INF
29772	INF
29773	INF
29774	INF
29775	INF
29776	INF
29777	INF
29778	INF
29779	INF
29780	INF
29781	INF
29782	INF
29783	INF
29784	INF
29785	INF
29786	INF
29787	INF
29788	INF
29789	INF
29790	INF
29791	INF
29792	INF
29793	INF
29794	INF
29795	INF
29796	INF
29797	INF
29798	INF
29799	INF
29800	INF
29801	INF
29802	INF
29803	INF
29804	INF
29805	INF
29806	INF
29807	INF
29808	INF
29809	INF
29810	INF
29811	INF
29812	INF
29813	INF
29814	INF
29815	INF
29816	INF
29817	INF
29818	INF
29819	INF
29820	INF
29821	INF
29822	INF
29823	INF
29824	INF
29825	INF
29826	INF
29827	INF
29828	INF
29829	INF
29830	INF
29831	INF
29832	INF
29833	INF
29834	INF
29835	INF
29836	INF
29837	INF
29838	INF
29839	INF
29840	INF
29841	INF
29842	INF
29843	INF
29844	INF
29845	INF
29846	INF
29847	INF
29848	INF
29849	INF
29850	INF
29851	INF
29852	INF
29853	INF
29854	INF
29855	INF
29856	INF
29857	INF
29858	INF
29859	INF
29860	INF
29861	INF
29862	INF
29863	INF
29864	INF
29865	INF
29866	INF
29867	INF
29868	INF
29869	INF
29870	INF
29871	INF
29872	INF
29873	INF
29874	INF
29875	INF
29876	INF
29877	INF
29878	INF
29879	INF
29880	INF
29881	INF
29882	INF
29883	INF
29884	INF
29885	INF
29886	INF
29887	INF
29888	INF
29889	INF
29890	INF
29891	INF
29892	INF
29893	INF
29894	INF
29895	INF
29896	INF
29897	INF
29898	INF
29899	INF
29900	INF
29901	INF
29902	INF
29903	INF
29904	INF
29905	INF
29906	INF
29907	INF
29908	INF
29909	INF
29910	INF
29911	INF
29912	INF
29913	INF
29914	INF
29915	INF
29916	INF
29917	INF
29918	INF
29919	INF
29920	INF
29921	INF
29922	INF
29923	INF
29924	INF
29925	INF
29926	INF
29927	INF
29928	INF
29929	INF
29930	INF
29931	INF
29932	INF
29933	INF
29934	INF
29935	INF
29936	INF
29937	INF
29938	INF
29939	INF
29940	INF
29941	INF
29942	INF
29943	INF
29944	INF
29945	INF
29946	INF
29947	INF
29948	INF
29949	INF
29950	INF
29951	INF
29952	INF
29953	INF
29954	INF
29955	INF
29956	INF
29957	INF
29958	INF
29959	INF
29960	INF
29961	INF
29962	INF
29963	INF
29964	INF
29965	INF
29966	INF
29967	INF
29968	INF
29969	INF
29970	INF
29971	INF
29972	INF
29973	INF
29974	INF
29975	INF
29976	INF
29977	INF
29978	INF
29979	INF
29980	INF
29981	INF
29982	INF
29983	INF
29984	INF
29985	INF
29986	INF
29987	INF
29988	INF
29989	INF
29990	INF
29991	INF
29992	INF
29993	INF
29994	INF
29995	INF
29996	INF
29997	INF
29998	INF
29999	INF
30000	INF
30001	INF
30002	INF
30003	INF
30004	INF
30005	INF
30006	INF
30007	INF
30008	INF
30009	INF
30010	INF
30011	INF
30012	INF
30013	INF
30014	INF
30015	INF
30016	INF
30017	INF
30018	INF
30019	INF
30020	INF
30021	INF
30022	INF
30023	INF
30024	INF
30025	INF
30026	INF
30027	INF
30028	INF
30029	INF
30030	INF
30031	INF
30032	INF
30033	INF
30034	INF
30035	INF
30036	INF
30037	INF
30038	INF
30039	INF
30040	INF
30041	INF
30042	INF
30043	INF
30044	INF
30045	INF
30046	INF
30047	INF
30048	INF
30049	INF
30050	INF
30051	INF
30052	INF
30053	INF
30054	INF
30055	INF
30056	INF
30057	INF
30058	INF
30059	INF
30060	INF
30061	INF
30062	INF
30063	INF
30064	INF
30065	INF
30066	INF
30067	INF
30068	INF
30069	INF
30070	INF
30071	INF
30072	INF
30073	INF
30074	INF
30075	INF
30076	INF
30077	INF
30078	INF
30079	INF
30080	INF
30081	INF
30082	INF
30083	INF
30084	INF
30085	INF
30086	INF
30087	INF
30088	INF
30089	INF
30090	INF
30091	INF
30092	INF
30093	INF
30094	INF
30095	INF
30096	INF
30097	INF
30098	INF
30099	INF
30100	INF
30101	INF
30102	INF
30103	INF
30104	INF
30105	INF
30106	INF
30107	INF
30108	INF
30109	INF
30110	INF
30111	INF
30112	INF
30113	INF
30114	INF
30115	INF
30116	INF
30117	INF
30118	INF
30119	INF
30120	INF
30121	INF
30122	INF
30123	INF
30124	INF
30125	INF
30126	INF
30127	INF
30128	INF
30129	INF
30130	INF
30131	INF
30132	INF
30133	INF
30134	INF
30135	INF
30136	INF
30137	INF
30138	INF
30139	INF
30140	INF
30141	INF
30142	INF
30143	INF
30144	INF
30145	INF
30146	INF
30147	INF
30148	INF
30149	INF
30150	INF
30151	INF
30152	INF
30153	INF
30154	INF
30155	INF
30156	INF
30157	INF
30158	INF
30159	INF
30160	INF
30161	INF
30162	INF
30163	INF
30164	INF
30165	INF
30166	INF
30167	INF
30168	INF
30169	INF
30170	INF
30171	INF
30172	INF
30173	INF
30174	INF
30175	INF
30176	INF
30177	INF
30178	INF
30179	INF
30180	INF
30181	INF
30182	INF
30183	INF
30184	INF
30185	INF
30186	INF
30187	INF
30188	INF
30189	INF
30190	INF
30191	INF
30192	INF
30193	INF
30194	INF
30195	INF
30196	INF
30197	INF
30198	INF
30199	INF
30200	INF
30201	INF
30202	INF
30203	INF
30204	INF
30205	INF
30206	INF
30207	INF
30208	INF
30209	INF
30210	INF
30211	INF
30212	INF
30213	INF
30214	INF
30215	INF
30216	INF
30217	INF
30218	INF
30219	INF
30220	INF
30221	INF
30222	INF
30223	INF
30224	INF
30225	INF
30226	INF
30227	INF
30228	INF
30229	INF
30230	INF
30231	INF
30232	INF
30233	INF
30234	INF
30235	INF
30236	INF
30237	INF
30238	INF
30239	INF
30240	INF
30241	INF
30242	INF
30243	INF
30244	INF
30245	INF
30246	INF
30247	INF
30248	INF
30249	INF
30250	INF
30251	INF
30252	INF
30253	INF
30254	INF
30255	INF
30256	INF
30257	INF
30258	INF
30259	INF
30260	INF
30261	INF
30262	INF
30263	INF
30264	INF
30265	INF
30266	INF
30267	INF
30268	INF
30269	INF
30270	INF
30271	INF
30272	INF
30273	INF
30274	INF
30275	INF
30276	INF
30277	INF
30278	INF
30279	INF
30280	INF
30281	INF
30282	INF
30283	INF
30284	INF
30285	INF
30286	INF
30287	INF
30288	INF
30289	INF
30290	INF
30291	INF
30292	INF
30293	INF
30294	INF
30295	INF
30296	INF
30297	INF
30298	INF
30299	INF
30300	INF
30301	INF
30302	INF
30303	INF
30304	INF
30305	INF
30306	INF
30307	INF
30308	INF
30309	INF
30310	INF
30311	INF
30312	INF
30313	INF
30314	INF
30315	INF
30316	INF
30317	INF
30318	INF
30319	INF
30320	INF
30321	INF
30322	INF
30323	INF
30324	INF
30325	INF
30326	INF
30327	INF
30328	INF
30329	INF
30330	INF
30331	INF
30332	INF
30333	INF
30334	INF
30335	INF
30336	INF
30337	INF
30338	INF
30339	INF
30340	INF
30341	INF
30342	INF
30343	INF
30344	INF
30345	INF
30346	INF
30347	INF
30348	INF
30349	INF
30350	INF
30351	INF
30352	INF
30353	INF
30354	INF
30355	INF
30356	INF
30357	INF
30358	INF
30359	INF
30360	INF
30361	INF
30362	INF
30363	INF
30364	INF
30365	INF
30366	INF
30367	INF
30368	INF
30369	INF
30370	INF
30371	INF
30372	INF
30373	INF
30374	INF
30375	INF
30376	INF
30377	INF
30378	INF
30379	INF
30380	INF
30381	INF
30382	INF
30383	INF
30384	INF
30385	INF
30386	INF
30387	INF
30388	INF
30389	INF
30390	INF
30391	INF
30392	INF
30393	INF
30394	INF
30395	INF
30396	INF
30397	INF
30398	INF
30399	INF
30400	INF
30401	INF
30402	INF
30403	INF
30404	INF
30405	INF
30406	INF
30407	INF
30408	INF
30409	INF
30410	INF
30411	INF
30412	INF
30413	INF
30414	INF
30415	INF
30416	INF
30417	INF
30418	INF
30419	INF
30420	INF
30421	INF
30422	INF
30423	INF
30424	INF
30425	INF
30426	INF
30427	INF
30428	INF
30429	INF
30430	INF
30431	INF
30432	INF
30433	INF
30434	INF
30435	INF
30436	INF
30437	INF
30438	INF
30439	INF
30440	INF
30441	INF
30442	INF
30443	INF
30444	INF
30445	INF
30446	INF
30447	INF
30448	INF
30449	INF
30450	INF
30451	INF
30452	INF
30453	INF
30454	INF
30455	INF
30456	INF
30457	INF
30458	INF
30459	INF
30460	INF
30461	INF
30462	INF
30463	INF
30464	INF
30465	INF
30466	INF
30467	INF
30468	INF
30469	INF
30470	INF
30471	INF
30472	INF
30473	INF
30474	INF
30475	INF
30476	INF
30477	INF
30478	INF
30479	INF
30480	INF
30481	INF
30482	INF
30483	INF
30484	INF
30485	INF
30486	INF
30487	INF
30488	INF
30489	INF
30490	INF
30491	INF
30492	INF
30493	INF
30494	INF
30495	INF
30496	INF
30497	INF
30498	INF
30499	INF
30500	INF
30501	INF
30502	INF
30503	INF
30504	INF
30505	INF
30506	INF
30507	INF
30508	INF
30509	INF
30510	INF
30511	INF
30512	INF
30513	INF
30514	INF
30515	INF
30516	INF
30517	INF
30518	INF
30519	INF
30520	INF
30521	INF
30522	INF
30523	INF
30524	INF
30525	INF
30526	INF
30527	INF
30528	INF
30529	INF
30530	INF
30531	INF
30532	INF
30533	INF
30534	INF
30535	INF
30536	INF
30537	INF
30538	INF
30539	INF
30540	INF
30541	INF
30542	INF
30543	INF
30544	INF
30545	INF
30546	INF
30547	INF
30548	INF
30549	INF
30550	INF
30551	INF
30552	INF
30553	INF
30554	INF
30555	INF
30556	INF
30557	INF
30558	INF
30559	INF
30560	INF
30561	INF
30562	INF
30563	INF
30564	INF
30565	INF
30566	INF
30567	INF
30568	INF
30569	INF
30570	INF
30571	INF
30572	INF
30573	INF
30574	INF
30575	INF
30576	INF
30577	INF
30578	INF
30579	INF
30580	INF
30581	INF
30582	INF
30583	INF
30584	INF
30585	INF
30586	INF
30587	INF
30588	INF
30589	INF
30590	INF
30591	INF
30592	INF
30593	INF
30594	INF
30595	INF
30596	INF
30597	INF
30598	INF
30599	INF
30600	INF
30601	INF
30602	INF
30603	INF
30604	INF
30605	INF
30606	INF
30607	INF
30608	INF
30609	INF
30610	INF
30611	INF
30612	INF
30613	INF
30614	INF
30615	INF
30616	INF
30617	INF
30618	INF
30619	INF
30620	INF
30621	INF
30622	INF
30623	INF
30624	INF
30625	INF
30626	INF
30627	INF
30628	INF
30629	INF
30630	INF
30631	INF
30632	INF
30633	INF
30634	INF
30635	INF
30636	INF
30637	INF
30638	INF
30639	INF
30640	INF
30641	INF
30642	INF
30643	INF
30644	INF
30645	INF
30646	INF
30647	INF
30648	INF
30649	INF
30650	INF
30651	INF
30652	INF
30653	INF
30654	INF
30655	INF
30656	INF
30657	INF
30658	INF
30659	INF
30660	INF
30661	INF
30662	INF
30663	INF
30664	INF
30665	INF
30666	INF
30667	INF
30668	INF
30669	INF
30670	INF
30671	INF
30672	INF
30673	INF
30674	INF
30675	INF
30676	INF
30677	INF
30678	INF
30679	INF
30680	INF
30681	INF
30682	INF
30683	INF
30684	INF
30685	INF
30686	INF
30687	INF
30688	INF
30689	INF
30690	INF
30691	INF
30692	INF
30693	INF
30694	INF
30695	INF
30696	INF
30697	INF
30698	INF
30699	INF
30700	INF
30701	INF
30702	INF
30703	INF
30704	INF
30705	INF
30706	INF
30707	INF
30708	INF
30709	INF
30710	INF
30711	INF
30712	INF
30713	INF
30714	INF
30715	INF
30716	INF
30717	INF
30718	INF
30719	INF
30720	INF
30721	INF
30722	INF
30723	INF
30724	INF
30725	INF
30726	INF
30727	INF
30728	INF
30729	INF
30730	INF
30731	INF
30732	INF
30733	INF
30734	INF
30735	INF
30736	INF
30737	INF
30738	INF
30739	INF
30740	INF
30741	INF
30742	INF
30743	INF
30744	INF
30745	INF
30746	INF
30747	INF
30748	INF
30749	INF
30750	INF
30751	INF
30752	INF
30753	INF
30754	INF
30755	INF
30756	INF
30757	INF
30758	INF
30759	INF
30760	INF
30761	INF
30762	INF
30763	INF
30764	INF
30765	INF
30766	INF
30767	INF
30768	INF
30769	INF
30770	INF
30771	INF
30772	INF
30773	INF
30774	INF
30775	INF
30776	INF
30777	INF
30778	INF
30779	INF
30780	INF
30781	INF
30782	INF
30783	INF
30784	INF
30785	INF
30786	INF
30787	INF
30788	INF
30789	INF
30790	INF
30791	INF
30792	INF
30793	INF
30794	INF
30795	INF
30796	INF
30797	INF
30798	INF
30799	INF
30800	INF
30801	INF
30802	INF
30803	INF
30804	INF
30805	INF
30806	INF
30807	INF
30808	INF
30809	INF
30810	INF
30811	INF
30812	INF
30813	INF
30814	INF
30815	INF
30816	INF
30817	INF
30818	INF
30819	INF
30820	INF
30821	INF
30822	INF
30823	INF
30824	INF
30825	INF
30826	INF
30827	INF
30828	INF
30829	INF
30830	INF
30831	INF
30832	INF
30833	INF
30834	INF
30835	INF
30836	INF
30837	INF
30838	INF
30839	INF
30840	INF
30841	INF
30842	INF
30843	INF
30844	INF
30845	INF
30846	INF
30847	INF
30848	INF
30849	INF
30850	INF
30851	INF
30852	INF
30853	INF
30854	INF
30855	INF
30856	INF
30857	INF
30858	INF
30859	INF
30860	INF
30861	INF
30862	INF
30863	INF
30864	INF
30865	INF
30866	INF
30867	INF
30868	INF
30869	INF
30870	INF
30871	INF
30872	INF
30873	INF
30874	INF
30875	INF
30876	INF
30877	INF
30878	INF
30879	INF
30880	INF
30881	INF
30882	INF
30883	INF
30884	INF
30885	INF
30886	INF
30887	INF
30888	INF
30889	INF
30890	INF
30891	INF
30892	INF
30893	INF
30894	INF
30895	INF
30896	INF
30897	INF
30898	INF
30899	INF
30900	INF
30901	INF
30902	INF
30903	INF
30904	INF
30905	INF
30906	INF
30907	INF
30908	INF
30909	INF
30910	INF
30911	INF
30912	INF
30913	INF
30914	INF
30915	INF
30916	INF
30917	INF
30918	INF
30919	INF
30920	INF
30921	INF
30922	INF
30923	INF
30924	INF
30925	INF
30926	INF
30927	INF
30928	INF
30929	INF
30930	INF
30931	INF
30932	INF
30933	INF
30934	INF
30935	INF
30936	INF
30937	INF
30938	INF
30939	INF
30940	INF
30941	INF
30942	INF
30943	INF
30944	INF
30945	INF
30946	INF
30947	INF
30948	INF
30949	INF
30950	INF
30951	INF
30952	INF
30953	INF
30954	INF
30955	INF
30956	INF
30957	INF
30958	INF
30959	INF
30960	INF
30961	INF
30962	INF
30963	INF
30964	INF
30965	INF
30966	INF
30967	INF
30968	INF
30969	INF
30970	INF
30971	INF
30972	INF
30973	INF
30974	INF
30975	INF
30976	INF
30977	INF
30978	INF
30979	INF
30980	INF
30981	INF
30982	INF
30983	INF
30984	INF
30985	INF
30986	INF
30987	INF
30988	INF
30989	INF
30990	INF
30991	INF
30992	INF
30993	INF
30994	INF
30995	INF
30996	INF
30997	INF
30998	INF
30999	INF
31000	INF
31001	INF
31002	INF
31003	INF
31004	INF
31005	INF
31006	INF
31007	INF
31008	INF
31009	INF
31010	INF
31011	INF
31012	INF
31013	INF
31014	INF
31015	INF
31016	INF
31017	INF
31018	INF
31019	INF
31020	INF
31021	INF
31022	INF
31023	INF
31024	INF
31025	INF
31026	INF
31027	INF
31028	INF
31029	INF
31030	INF
31031	INF
31032	INF
31033	INF
31034	INF
31035	INF
31036	INF
31037	INF
31038	INF
31039	INF
31040	INF
31041	INF
31042	INF
31043	INF
31044	INF
31045	INF
31046	INF
31047	INF
31048	INF
31049	INF
31050	INF
31051	INF
31052	INF
31053	INF
31054	INF
31055	INF
31056	INF
31057	INF
31058	INF
31059	INF
31060	INF
31061	INF
31062	INF
31063	INF
31064	INF
31065	INF
31066	INF
31067	INF
31068	INF
31069	INF
31070	INF
31071	INF
31072	INF
31073	INF
31074	INF
31075	INF
31076	INF
31077	INF
31078	INF
31079	INF
31080	INF
31081	INF
31082	INF
31083	INF
31084	INF
31085	INF
31086	INF
31087	INF
31088	INF
31089	INF
31090	INF
31091	INF
31092	INF
31093	INF
31094	INF
31095	INF
31096	INF
31097	INF
31098	INF
31099	INF
31100	INF
31101	INF
31102	INF
31103	INF
31104	INF
31105	INF
31106	INF
31107	INF
31108	INF
31109	INF
31110	INF
31111	INF
31112	INF
31113	INF
31114	INF
31115	INF
31116	INF
31117	INF
31118	INF
31119	INF
31120	INF
31121	INF
31122	INF
31123	INF
31124	INF
31125	INF
31126	INF
31127	INF
31128	INF
31129	INF
31130	INF
31131	INF
31132	INF
31133	INF
31134	INF
31135	INF
31136	INF
31137	INF
31138	INF
31139	INF
31140	INF
31141	INF
31142	INF
31143	INF
31144	INF
31145	INF
31146	INF
31147	INF
31148	INF
31149	INF
31150	INF
31151	INF
31152	INF
31153	INF
31154	INF
31155	INF
31156	INF
31157	INF
31158	INF
31159	INF
31160	INF
31161	INF
31162	INF
31163	INF
31164	INF
31165	INF
31166	INF
31167	INF
31168	INF
31169	INF
31170	INF
31171	INF
31172	INF
31173	INF
31174	INF
31175	INF
31176	INF
31177	INF
31178	INF
31179	INF
31180	INF
31181	INF
31182	INF
31183	INF
31184	INF
31185	INF
31186	INF
31187	INF
31188	INF
31189	INF
31190	INF
31191	INF
31192	INF
31193	INF
31194	INF
31195	INF
31196	INF
31197	INF
31198	INF
31199	INF
31200	INF
31201	INF
31202	INF
31203	INF
31204	INF
31205	INF
31206	INF
31207	INF
31208	INF
31209	INF
31210	INF
31211	INF
31212	INF
31213	INF
31214	INF
31215	INF
31216	INF
31217	INF
31218	INF
31219	INF
31220	INF
31221	INF
31222	INF
31223	INF
31224	INF
31225	INF
31226	INF
31227	INF
31228	INF
31229	INF
31230	INF
31231	INF
31232	INF
31233	INF
31234	INF
31235	INF
31236	INF
31237	INF
31238	INF
31239	INF
31240	INF
31241	INF
31242	INF
31243	INF
31244	INF
31245	INF
31246	INF
31247	INF
31248	INF
31249	INF
31250	INF
31251	INF
31252	INF
31253	INF
31254	INF
31255	INF
31256	INF
31257	INF
31258	INF
31259	INF
31260	INF
31261	INF
31262	INF
31263	INF
31264	INF
31265	INF
31266	INF
31267	INF
31268	INF
31269	INF
31270	INF
31271	INF
31272	INF
31273	INF
31274	INF
31275	INF
31276	INF
31277	INF
31278	INF
31279	INF
31280	INF
31281	INF
31282	INF
31283	INF
31284	INF
31285	INF
31286	INF
31287	INF
31288	INF
31289	INF
31290	INF
31291	INF
31292	INF
31293	INF
31294	INF
31295	INF
31296	INF
31297	INF
31298	INF
31299	INF
31300	INF
31301	INF
31302	INF
31303	INF
31304	INF
31305	INF
31306	INF
31307	INF
31308	INF
31309	INF
31310	INF
31311	INF
31312	INF
31313	INF
31314	INF
31315	INF
31316	INF
31317	INF
31318	INF
31319	INF
31320	INF
31321	INF
31322	INF
31323	INF
31324	INF
31325	INF
31326	INF
31327	INF
31328	INF
31329	INF
31330	INF
31331	INF
31332	INF
31333	INF
31334	INF
31335	INF
31336	INF
31337	INF
31338	INF
31339	INF
31340	INF
31341	INF
31342	INF
31343	INF
31344	INF
31345	INF
31346	INF
31347	INF
31348	INF
31349	INF
31350	INF
31351	INF
31352	INF
31353	INF
31354	INF
31355	INF
31356	INF
31357	INF
31358	INF
31359	INF
31360	INF
31361	INF
31362	INF
31363	INF
31364	INF
31365	INF
31366	INF
31367	INF
31368	INF
31369	INF
31370	INF
31371	INF
31372	INF
31373	INF
31374	INF
31375	INF
31376	INF
31377	INF
31378	INF
31379	INF
31380	INF
31381	INF
31382	INF
31383	INF
31384	INF
31385	INF
31386	INF
31387	INF
31388	INF
31389	INF
31390	INF
31391	INF
31392	INF
31393	INF
31394	INF
31395	INF
31396	INF
31397	INF
31398	INF
31399	INF
31400	INF
31401	INF
31402	INF
31403	INF
31404	INF
31405	INF
31406	INF
31407	INF
31408	INF
31409	INF
31410	INF
31411	INF
31412	INF
31413	INF
31414	INF
31415	INF
31416	INF
31417	INF
31418	INF
31419	INF
31420	INF
31421	INF
31422	INF
31423	INF
31424	INF
31425	INF
31426	INF
31427	INF
31428	INF
31429	INF
31430	INF
31431	INF
31432	INF
31433	INF
31434	INF
31435	INF
31436	INF
31437	INF
31438	INF
31439	INF
31440	INF
31441	INF
31442	INF
31443	INF
31444	INF
31445	INF
31446	INF
31447	INF
31448	INF
31449	INF
31450	INF
31451	INF
31452	INF
31453	INF
31454	INF
31455	INF
31456	INF
31457	INF
31458	INF
31459	INF
31460	INF
31461	INF
31462	INF
31463	INF
31464	INF
31465	INF
31466	INF
31467	INF
31468	INF
31469	INF
31470	INF
31471	INF
31472	INF
31473	INF
31474	INF
31475	INF
31476	INF
31477	INF
31478	INF
31479	INF
31480	INF
31481	INF
31482	INF
31483	INF
31484	INF
31485	INF
31486	INF
31487	INF
31488	INF
31489	INF
31490	INF
31491	INF
31492	INF
31493	INF
31494	INF
31495	INF
31496	INF
31497	INF
31498	INF
31499	INF
31500	INF
31501	INF
31502	INF
31503	INF
31504	INF
31505	INF
31506	INF
31507	INF
31508	INF
31509	INF
31510	INF
31511	INF
31512	INF
31513	INF
31514	INF
31515	INF
31516	INF
31517	INF
31518	INF
31519	INF
31520	INF
31521	INF
31522	INF
31523	INF
31524	INF
31525	INF
31526	INF
31527	INF
31528	INF
31529	INF
31530	INF
31531	INF
31532	INF
31533	INF
31534	INF
31535	INF
31536	INF
31537	INF
31538	INF
31539	INF
31540	INF
31541	INF
31542	INF
31543	INF
31544	INF
31545	INF
31546	INF
31547	INF
31548	INF
31549	INF
31550	INF
31551	INF
31552	INF
31553	INF
31554	INF
31555	INF
31556	INF
31557	INF
31558	INF
31559	INF
31560	INF
31561	INF
31562	INF
31563	INF
31564	INF
31565	INF
31566	INF
31567	INF
31568	INF
31569	INF
31570	INF
31571	INF
31572	INF
31573	INF
31574	INF
31575	INF
31576	INF
31577	INF
31578	INF
31579	INF
31580	INF
31581	INF
31582	INF
31583	INF
31584	INF
31585	INF
31586	INF
31587	INF
31588	INF
31589	INF
31590	INF
31591	INF
31592	INF
31593	INF
31594	INF
31595	INF
31596	INF
31597	INF
31598	INF
31599	INF
31600	INF
31601	INF
31602	INF
31603	INF
31604	INF
31605	INF
31606	INF
31607	INF
31608	INF
31609	INF
31610	INF
31611	INF
31612	INF
31613	INF
31614	INF
31615	INF
31616	INF
31617	INF
31618	INF
31619	INF
31620	INF
31621	INF
31622	INF
31623	INF
31624	INF
31625	INF
31626	INF
31627	INF
31628	INF
31629	INF
31630	INF
31631	INF
31632	INF
31633	INF
31634	INF
31635	INF
31636	INF
31637	INF
31638	INF
31639	INF
31640	INF
31641	INF
31642	INF
31643	INF
31644	INF
31645	INF
31646	INF
31647	INF
31648	INF
31649	INF
31650	INF
31651	INF
31652	INF
31653	INF
31654	INF
31655	INF
31656	INF
31657	INF
31658	INF
31659	INF
31660	INF
31661	INF
31662	INF
31663	INF
31664	INF
31665	INF
31666	INF
31667	INF
31668	INF
31669	INF
31670	INF
31671	INF
31672	INF
31673	INF
31674	INF
31675	INF
31676	INF
31677	INF
31678	INF
31679	INF
31680	INF
31681	INF
31682	INF
31683	INF
31684	INF
31685	INF
31686	INF
31687	INF
31688	INF
31689	INF
31690	INF
31691	INF
31692	INF
31693	INF
31694	INF
31695	INF
31696	INF
31697	INF
31698	INF
31699	INF
31700	INF
31701	INF
31702	INF
31703	INF
31704	INF
31705	INF
31706	INF
31707	INF
31708	INF
31709	INF
31710	INF
31711	INF
31712	INF
31713	INF
31714	INF
31715	INF
31716	INF
31717	INF
31718	INF
31719	INF
31720	INF
31721	INF
31722	INF
31723	INF
31724	INF
31725	INF
31726	INF
31727	INF
31728	INF
31729	INF
31730	INF
31731	INF
31732	INF
31733	INF
31734	INF
31735	INF
31736	INF
31737	INF
31738	INF
31739	INF
31740	INF
31741	INF
31742	INF
31743	INF
31744	INF
31745	INF
31746	INF
31747	INF
31748	INF
31749	INF
31750	INF
31751	INF
31752	INF
31753	INF
31754	INF
31755	INF
31756	INF
31757	INF
31758	INF
31759	INF
31760	INF
31761	INF
31762	INF
31763	INF
31764	INF
31765	INF
31766	INF
31767	INF
31768	INF
31769	INF
31770	INF
31771	INF
31772	INF
31773	INF
31774	INF
31775	INF
31776	INF
31777	INF
31778	INF
31779	INF
31780	INF
31781	INF
31782	INF
31783	INF
31784	INF
31785	INF
31786	INF
31787	INF
31788	INF
31789	INF
31790	INF
31791	INF
31792	INF
31793	INF
31794	INF
31795	INF
31796	INF
31797	INF
31798	INF
31799	INF
31800	INF
31801	INF
31802	INF
31803	INF
31804	INF
31805	INF
31806	INF
31807	INF
31808	INF
31809	INF
31810	INF
31811	INF
31812	INF
31813	INF
31814	INF
31815	INF
31816	INF
31817	INF
31818	INF
31819	INF
31820	INF
31821	INF
31822	INF
31823	INF
31824	INF
31825	INF
31826	INF
31827	INF
31828	INF
31829	INF
31830	INF
31831	INF
31832	INF
31833	INF
31834	INF
31835	INF
31836	INF
31837	INF
31838	INF
31839	INF
31840	INF
31841	INF
31842	INF
31843	INF
31844	INF
31845	INF
31846	INF
31847	INF
31848	INF
31849	INF
31850	INF
31851	INF
31852	INF
31853	INF
31854	INF
31855	INF
31856	INF
31857	INF
31858	INF
31859	INF
31860	INF
31861	INF
31862	INF
31863	INF
31864	INF
31865	INF
31866	INF
31867	INF
31868	INF
31869	INF
31870	INF
31871	INF
31872	INF
31873	INF
31874	INF
31875	INF
31876	INF
31877	INF
31878	INF
31879	INF
31880	INF
31881	INF
31882	INF
31883	INF
31884	INF
31885	INF
31886	INF
31887	INF
31888	INF
31889	INF
31890	INF
31891	INF
31892	INF
31893	INF
31894	INF
31895	INF
31896	INF
31897	INF
31898	INF
31899	INF
31900	INF
31901	INF
31902	INF
31903	INF
31904	INF
31905	INF
31906	INF
31907	INF
31908	INF
31909	INF
31910	INF
31911	INF
31912	INF
31913	INF
31914	INF
31915	INF
31916	INF
31917	INF
31918	INF
31919	INF
31920	INF
31921	INF
31922	INF
31923	INF
31924	INF
31925	INF
31926	INF
31927	INF
31928	INF
31929	INF
31930	INF
31931	INF
31932	INF
31933	INF
31934	INF
31935	INF
31936	INF
31937	INF
31938	INF
31939	INF
31940	INF
31941	INF
31942	INF
31943	INF
31944	INF
31945	INF
31946	INF
31947	INF
31948	INF
31949	INF
31950	INF
31951	INF
31952	INF
31953	INF
31954	INF
31955	INF
31956	INF
31957	INF
31958	INF
31959	INF
31960	INF
31961	INF
31962	INF
31963	INF
31964	INF
31965	INF
31966	INF
31967	INF
31968	INF
31969	INF
31970	INF
31971	INF
31972	INF
31973	INF
31974	INF
31975	INF
31976	INF
31977	INF
31978	INF
31979	INF
31980	INF
31981	INF
31982	INF
31983	INF
31984	INF
31985	INF
31986	INF
31987	INF
31988	INF
31989	INF
31990	INF
31991	INF
31992	INF
31993	INF
31994	INF
31995	INF
31996	INF
31997	INF
31998	INF
31999	INF
32000	INF
32001	INF
32002	INF
32003	INF
32004	INF
32005	INF
32006	INF
32007	INF
32008	INF
32009	INF
32010	INF
32011	INF
32012	INF
32013	INF
32014	INF
32015	INF
32016	INF
32017	INF
32018	INF
32019	INF
32020	INF
32021	INF
32022	INF
32023	INF
32024	INF
32025	INF
32026	INF
32027	INF
32028	INF
32029	INF
32030	INF
32031	INF
32032	INF
32033	INF
32034	INF
32035	INF
32036	INF
32037	INF
32038	INF
32039	INF
32040	INF
32041	INF
32042	INF
32043	INF
32044	INF
32045	INF
32046	INF
32047	INF
32048	INF
32049	INF
32050	INF
32051	INF
32052	INF
32053	INF
32054	INF
32055	INF
32056	INF
32057	INF
32058	INF
32059	INF
32060	INF
32061	INF
32062	INF
32063	INF
32064	INF
32065	INF
32066	INF
32067	INF
32068	INF
32069	INF
32070	INF
32071	INF
32072	INF
32073	INF
32074	INF
32075	INF
32076	INF
32077	INF
32078	INF
32079	INF
32080	INF
32081	INF
32082	INF
32083	INF
32084	INF
32085	INF
32086	INF
32087	INF
32088	INF
32089	INF
32090	INF
32091	INF
32092	INF
32093	INF
32094	INF
32095	INF
32096	INF
32097	INF
32098	INF
32099	INF
32100	INF
32101	INF
32102	INF
32103	INF
32104	INF
32105	INF
32106	INF
32107	INF
32108	INF
32109	INF
32110	INF
32111	INF
32112	INF
32113	INF
32114	INF
32115	INF
32116	INF
32117	INF
32118	INF
32119	INF
32120	INF
32121	INF
32122	INF
32123	INF
32124	INF
32125	INF
32126	INF
32127	INF
32128	INF
32129	INF
32130	INF
32131	INF
32132	INF
32133	INF
32134	INF
32135	INF
32136	INF
32137	INF
32138	INF
32139	INF
32140	INF
32141	INF
32142	INF
32143	INF
32144	INF
32145	INF
32146	INF
32147	INF
32148	INF
32149	INF
32150	INF
32151	INF
32152	INF
32153	INF
32154	INF
32155	INF
32156	INF
32157	INF
32158	INF
32159	INF
32160	INF
32161	INF
32162	INF
32163	INF
32164	INF
32165	INF
32166	INF
32167	INF
32168	INF
32169	INF
32170	INF
32171	INF
32172	INF
32173	INF
32174	INF
32175	INF
32176	INF
32177	INF
32178	INF
32179	INF
32180	INF
32181	INF
32182	INF
32183	INF
32184	INF
32185	INF
32186	INF
32187	INF
32188	INF
32189	INF
32190	INF
32191	INF
32192	INF
32193	INF
32194	INF
32195	INF
32196	INF
32197	INF
32198	INF
32199	INF
32200	INF
32201	INF
32202	INF
32203	INF
32204	INF
32205	INF
32206	INF
32207	INF
32208	INF
32209	INF
32210	INF
32211	INF
32212	INF
32213	INF
32214	INF
32215	INF
32216	INF
32217	INF
32218	INF
32219	INF
32220	INF
32221	INF
32222	INF
32223	INF
32224	INF
32225	INF
32226	INF
32227	INF
32228	INF
32229	INF
32230	INF
32231	INF
32232	INF
32233	INF
32234	INF
32235	INF
32236	INF
32237	INF
32238	INF
32239	INF
32240	INF
32241	INF
32242	INF
32243	INF
32244	INF
32245	INF
32246	INF
32247	INF
32248	INF
32249	INF
32250	INF
32251	INF
32252	INF
32253	INF
32254	INF
32255	INF
32256	INF
32257	INF
32258	INF
32259	INF
32260	INF
32261	INF
32262	INF
32263	INF
32264	INF
32265	INF
32266	INF
32267	INF
32268	INF
32269	INF
32270	INF
32271	INF
32272	INF
32273	INF
32274	INF
32275	INF
32276	INF
32277	INF
32278	INF
32279	INF
32280	INF
32281	INF
32282	INF
32283	INF
32284	INF
32285	INF
32286	INF
32287	INF
32288	INF
32289	INF
32290	INF
32291	INF
32292	INF
32293	INF
32294	INF
32295	INF
32296	INF
32297	INF
32298	INF
32299	INF
32300	INF
32301	INF
32302	INF
32303	INF
32304	INF
32305	INF
32306	INF
32307	INF
32308	INF
32309	INF
32310	INF
32311	INF
32312	INF
32313	INF
32314	INF
32315	INF
32316	INF
32317	INF
32318	INF
32319	INF
32320	INF
32321	INF
32322	INF
32323	INF
32324	INF
32325	INF
32326	INF
32327	INF
32328	INF
32329	INF
32330	INF
32331	INF
32332	INF
32333	INF
32334	INF
32335	INF
32336	INF
32337	INF
32338	INF
32339	INF
32340	INF
32341	INF
32342	INF
32343	INF
32344	INF
32345	INF
32346	INF
32347	INF
32348	INF
32349	INF
32350	INF
32351	INF
32352	INF
32353	INF
32354	INF
32355	INF
32356	INF
32357	INF
32358	INF
32359	INF
32360	INF
32361	INF
32362	INF
32363	INF
32364	INF
32365	INF
32366	INF
32367	INF
32368	INF
32369	INF
32370	INF
32371	INF
32372	INF
32373	INF
32374	INF
32375	INF
32376	INF
32377	INF
32378	INF
32379	INF
32380	INF
32381	INF
32382	INF
32383	INF
32384	INF
32385	INF
32386	INF
32387	INF
32388	INF
32389	INF
32390	INF
32391	INF
32392	INF
32393	INF
32394	INF
32395	INF
32396	INF
32397	INF
32398	INF
32399	INF
32400	INF
32401	INF
32402	INF
32403	INF
32404	INF
32405	INF
32406	INF
32407	INF
32408	INF
32409	INF
32410	INF
32411	INF
32412	INF
32413	INF
32414	INF
32415	INF
32416	INF
32417	INF
32418	INF
32419	INF
32420	INF
32421	INF
32422	INF
32423	INF
32424	INF
32425	INF
32426	INF
32427	INF
32428	INF
32429	INF
32430	INF
32431	INF
32432	INF
32433	INF
32434	INF
32435	INF
32436	INF
32437	INF
32438	INF
32439	INF
32440	INF
32441	INF
32442	INF
32443	INF
32444	INF
32445	INF
32446	INF
32447	INF
32448	INF
32449	INF
32450	INF
32451	INF
32452	INF
32453	INF
32454	INF
32455	INF
32456	INF
32457	INF
32458	INF
32459	INF
32460	INF
32461	INF
32462	INF
32463	INF
32464	INF
32465	INF
32466	INF
32467	INF
32468	INF
32469	INF
32470	INF
32471	INF
32472	INF
32473	INF
32474	INF
32475	INF
32476	INF
32477	INF
32478	INF
32479	INF
32480	INF
32481	INF
32482	INF
32483	INF
32484	INF
32485	INF
32486	INF
32487	INF
32488	INF
32489	INF
32490	INF
32491	INF
32492	INF
32493	INF
32494	INF
32495	INF
32496	INF
32497	INF
32498	INF
32499	INF
32500	INF
32501	INF
32502	INF
32503	INF
32504	INF
32505	INF
32506	INF
32507	INF
32508	INF
32509	INF
32510	INF
32511	INF
32512	INF
32513	INF
32514	INF
32515	INF
32516	INF
32517	INF
32518	INF
32519	INF
32520	INF
32521	INF
32522	INF
32523	INF
32524	INF
32525	INF
32526	INF
32527	INF
32528	INF
32529	INF
32530	INF
32531	INF
32532	INF
32533	INF
32534	INF
32535	INF
32536	INF
32537	INF
32538	INF
32539	INF
32540	INF
32541	INF
32542	INF
32543	INF
32544	INF
32545	INF
32546	INF
32547	INF
32548	INF
32549	INF
32550	INF
32551	INF
32552	INF
32553	INF
32554	INF
32555	INF
32556	INF
32557	INF
32558	INF
32559	INF
32560	INF
32561	INF
32562	INF
32563	INF
32564	INF
32565	INF
32566	INF
32567	INF
32568	INF
32569	INF
32570	INF
32571	INF
32572	INF
32573	INF
32574	INF
32575	INF
32576	INF
32577	INF
32578	INF
32579	INF
32580	INF
32581	INF
32582	INF
32583	INF
32584	INF
32585	INF
32586	INF
32587	INF
32588	INF
32589	INF
32590	INF
32591	INF
32592	INF
32593	INF
32594	INF
32595	INF
32596	INF
32597	INF
32598	INF
32599	INF
32600	INF
32601	INF
32602	INF
32603	INF
32604	INF
32605	INF
32606	INF
32607	INF
32608	INF
32609	INF
32610	INF
32611	INF
32612	INF
32613	INF
32614	INF
32615	INF
32616	INF
32617	INF
32618	INF
32619	INF
32620	INF
32621	INF
32622	INF
32623	INF
32624	INF
32625	INF
32626	INF
32627	INF
32628	INF
32629	INF
32630	INF
32631	INF
32632	INF
32633	INF
32634	INF
32635	INF
32636	INF
32637	INF
32638	INF
32639	INF
32640	INF
32641	INF
32642	INF
32643	INF
32644	INF
32645	INF
32646	INF
32647	INF
32648	INF
32649	INF
32650	INF
32651	INF
32652	INF
32653	INF
32654	INF
32655	INF
32656	INF
32657	INF
32658	INF
32659	INF
32660	INF
32661	INF
32662	INF
32663	INF
32664	INF
32665	INF
32666	INF
32667	INF
32668	INF
32669	INF
32670	INF
32671	INF
32672	INF
32673	INF
32674	INF
32675	INF
32676	INF
32677	INF
32678	INF
32679	INF
32680	INF
32681	INF
32682	INF
32683	INF
32684	INF
32685	INF
32686	INF
32687	INF
32688	INF
32689	INF
32690	INF
32691	INF
32692	INF
32693	INF
32694	INF
32695	INF
32696	INF
32697	INF
32698	INF
32699	INF
32700	INF
32701	INF
32702	INF
32703	INF
32704	INF
32705	INF
32706	INF
32707	INF
32708	INF
32709	INF
32710	INF
32711	INF
32712	INF
32713	INF
32714	INF
32715	INF
32716	INF
32717	INF
32718	INF
32719	INF
32720	INF
32721	INF
32722	INF
32723	INF
32724	INF
32725	INF
32726	INF
32727	INF
32728	INF
32729	INF
32730	INF
32731	INF
32732	INF
32733	INF
32734	INF
32735	INF
32736	INF
32737	INF
32738	INF
32739	INF
32740	INF
32741	INF
32742	INF
32743	INF
32744	INF
32745	INF
32746	INF
32747	INF
32748	INF
32749	INF
32750	INF
32751	INF
32752	INF
32753	INF
32754	INF
32755	INF
32756	INF
32757	INF
32758	INF
32759	INF
32760	INF
32761	INF
32762	INF
32763	INF
32764	INF
32765	INF
32766	INF
32767	INF
32768	INF
32769	INF
32770	INF
32771	INF
32772	INF
32773	INF
32774	INF
32775	INF
32776	INF
32777	INF
32778	INF
32779	INF
32780	INF
32781	INF
32782	INF
32783	INF
32784	INF
32785	INF
32786	INF
32787	INF
32788	INF
32789	INF
32790	INF
32791	INF
32792	INF
32793	INF
32794	INF
32795	INF
32796	INF
32797	INF
32798	INF
32799	INF
32800	INF
32801	INF
32802	INF
32803	INF
32804	INF
32805	INF
32806	INF
32807	INF
32808	INF
32809	INF
32810	INF
32811	INF
32812	INF
32813	INF
32814	INF
32815	INF
32816	INF
32817	INF
32818	INF
32819	INF
32820	INF
32821	INF
32822	INF
32823	INF
32824	INF
32825	INF
32826	INF
32827	INF
32828	INF
32829	INF
32830	INF
32831	INF
32832	INF
32833	INF
32834	INF
32835	INF
32836	INF
32837	INF
32838	INF
32839	INF
32840	INF
32841	INF
32842	INF
32843	INF
32844	INF
32845	INF
32846	INF
32847	INF
32848	INF
32849	INF
32850	INF
32851	INF
32852	INF
32853	INF
32854	INF
32855	INF
32856	INF
32857	INF
32858	INF
32859	INF
32860	INF
32861	INF
32862	INF
32863	INF
32864	INF
32865	INF
32866	INF
32867	INF
32868	INF
32869	INF
32870	INF
32871	INF
32872	INF
32873	INF
32874	INF
32875	INF
32876	INF
32877	INF
32878	INF
32879	INF
32880	INF
32881	INF
32882	INF
32883	INF
32884	INF
32885	INF
32886	INF
32887	INF
32888	INF
32889	INF
32890	INF
32891	INF
32892	INF
32893	INF
32894	INF
32895	INF
32896	INF
32897	INF
32898	INF
32899	INF
32900	INF
32901	INF
32902	INF
32903	INF
32904	INF
32905	INF
32906	INF
32907	INF
32908	INF
32909	INF
32910	INF
32911	INF
32912	INF
32913	INF
32914	INF
32915	INF
32916	INF
32917	INF
32918	INF
32919	INF
32920	INF
32921	INF
32922	INF
32923	INF
32924	INF
32925	INF
32926	INF
32927	INF
32928	INF
32929	INF
32930	INF
32931	INF
32932	INF
32933	INF
32934	INF
32935	INF
32936	INF
32937	INF
32938	INF
32939	INF
32940	INF
32941	INF
32942	INF
32943	INF
32944	INF
32945	INF
32946	INF
32947	INF
32948	INF
32949	INF
32950	INF
32951	INF
32952	INF
32953	INF
32954	INF
32955	INF
32956	INF
32957	INF
32958	INF
32959	INF
32960	INF
32961	INF
32962	INF
32963	INF
32964	INF
32965	INF
32966	INF
32967	INF
32968	INF
32969	INF
32970	INF
32971	INF
32972	INF
32973	INF
32974	INF
32975	INF
32976	INF
32977	INF
32978	INF
32979	INF
32980	INF
32981	INF
32982	INF
32983	INF
32984	INF
32985	INF
32986	INF
32987	INF
32988	INF
32989	INF
32990	INF
32991	INF
32992	INF
32993	INF
32994	INF
32995	INF
32996	INF
32997	INF
32998	INF
32999	INF
33000	INF
33001	INF
33002	INF
33003	INF
33004	INF
33005	INF
33006	INF
33007	INF
33008	INF
33009	INF
33010	INF
33011	INF
33012	INF
33013	INF
33014	INF
33015	INF
33016	INF
33017	INF
33018	INF
33019	INF
33020	INF
33021	INF
33022	INF
33023	INF
33024	INF
33025	INF
33026	INF
33027	INF
33028	INF
33029	INF
33030	INF
33031	INF
33032	INF
33033	INF
33034	INF
33035	INF
33036	INF
33037	INF
33038	INF
33039	INF
33040	INF
33041	INF
33042	INF
33043	INF
33044	INF
33045	INF
33046	INF
33047	INF
33048	INF
33049	INF
33050	INF
33051	INF
33052	INF
33053	INF
33054	INF
33055	INF
33056	INF
33057	INF
33058	INF
33059	INF
33060	INF
33061	INF
33062	INF
33063	INF
33064	INF
33065	INF
33066	INF
33067	INF
33068	INF
33069	INF
33070	INF
33071	INF
33072	INF
33073	INF
33074	INF
33075	INF
33076	INF
33077	INF
33078	INF
33079	INF
33080	INF
33081	INF
33082	INF
33083	INF
33084	INF
33085	INF
33086	INF
33087	INF
33088	INF
33089	INF
33090	INF
33091	INF
33092	INF
33093	INF
33094	INF
33095	INF
33096	INF
33097	INF
33098	INF
33099	INF
33100	INF
33101	INF
33102	INF
33103	INF
33104	INF
33105	INF
33106	INF
33107	INF
33108	INF
33109	INF
33110	INF
33111	INF
33112	INF
33113	INF
33114	INF
33115	INF
33116	INF
33117	INF
33118	INF
33119	INF
33120	INF
33121	INF
33122	INF
33123	INF
33124	INF
33125	INF
33126	INF
33127	INF
33128	INF
33129	INF
33130	INF
33131	INF
33132	INF
33133	INF
33134	INF
33135	INF
33136	INF
33137	INF
33138	INF
33139	INF
33140	INF
33141	INF
33142	INF
33143	INF
33144	INF
33145	INF
33146	INF
33147	INF
33148	INF
33149	INF
33150	INF
33151	INF
33152	INF
33153	INF
33154	INF
33155	INF
33156	INF
33157	INF
33158	INF
33159	INF
33160	INF
33161	INF
33162	INF
33163	INF
33164	INF
33165	INF
33166	INF
33167	INF
33168	INF
33169	INF
33170	INF
33171	INF
33172	INF
33173	INF
33174	INF
33175	INF
33176	INF
33177	INF
33178	INF
33179	INF
33180	INF
33181	INF
33182	INF
33183	INF
33184	INF
33185	INF
33186	INF
33187	INF
33188	INF
33189	INF
33190	INF
33191	INF
33192	INF
33193	INF
33194	INF
33195	INF
33196	INF
33197	INF
33198	INF
33199	INF
33200	INF
33201	INF
33202	INF
33203	INF
33204	INF
33205	INF
33206	INF
33207	INF
33208	INF
33209	INF
33210	INF
33211	INF
33212	INF
33213	INF
33214	INF
33215	INF
33216	INF
33217	INF
33218	INF
33219	INF
33220	INF
33221	INF
33222	INF
33223	INF
33224	INF
33225	INF
33226	INF
33227	INF
33228	INF
33229	INF
33230	INF
33231	INF
33232	INF
33233	INF
33234	INF
33235	INF
33236	INF
33237	INF
33238	INF
33239	INF
33240	INF
33241	INF
33242	INF
33243	INF
33244	INF
33245	INF
33246	INF
33247	INF
33248	INF
33249	INF
33250	INF
33251	INF
33252	INF
33253	INF
33254	INF
33255	INF
33256	INF
33257	INF
33258	INF
33259	INF
33260	INF
33261	INF
33262	INF
33263	INF
33264	INF
33265	INF
33266	INF
33267	INF
33268	INF
33269	INF
33270	INF
33271	INF
33272	INF
33273	INF
33274	INF
33275	INF
33276	INF
33277	INF
33278	INF
33279	INF
33280	INF
33281	INF
33282	INF
33283	INF
33284	INF
33285	INF
33286	INF
33287	INF
33288	INF
33289	INF
33290	INF
33291	INF
33292	INF
33293	INF
33294	INF
33295	INF
33296	INF
33297	INF
33298	INF
33299	INF
33300	INF
33301	INF
33302	INF
33303	INF
33304	INF
33305	INF
33306	INF
33307	INF
33308	INF
33309	INF
33310	INF
33311	INF
33312	INF
33313	INF
33314	INF
33315	INF
33316	INF
33317	INF
33318	INF
33319	INF
33320	INF
33321	INF
33322	INF
33323	INF
33324	INF
33325	INF
33326	INF
33327	INF
33328	INF
33329	INF
33330	INF
33331	INF
33332	INF
33333	INF
33334	INF
33335	INF
33336	INF
33337	INF
33338	INF
33339	INF
33340	INF
33341	INF
33342	INF
33343	INF
33344	INF
33345	INF
33346	INF
33347	INF
33348	INF
33349	INF
33350	INF
33351	INF
33352	INF
33353	INF
33354	INF
33355	INF
33356	INF
33357	INF
33358	INF
33359	INF
33360	INF
33361	INF
33362	INF
33363	INF
33364	INF
33365	INF
33366	INF
33367	INF
33368	INF
33369	INF
33370	INF
33371	INF
33372	INF
33373	INF
33374	INF
33375	INF
33376	INF
33377	INF
33378	INF
33379	INF
33380	INF
33381	INF
33382	INF
33383	INF
33384	INF
33385	INF
33386	INF
33387	INF
33388	INF
33389	INF
33390	INF
33391	INF
33392	INF
33393	INF
33394	INF
33395	INF
33396	INF
33397	INF
33398	INF
33399	INF
33400	INF
33401	INF
33402	INF
33403	INF
33404	INF
33405	INF
33406	INF
33407	INF
33408	INF
33409	INF
33410	INF
33411	INF
33412	INF
33413	INF
33414	INF
33415	INF
33416	INF
33417	INF
33418	INF
33419	INF
33420	INF
33421	INF
33422	INF
33423	INF
33424	INF
33425	INF
33426	INF
33427	INF
33428	INF
33429	INF
33430	INF
33431	INF
33432	INF
33433	INF
33434	INF
33435	INF
33436	INF
33437	INF
33438	INF
33439	INF
33440	INF
33441	INF
33442	INF
33443	INF
33444	INF
33445	INF
33446	INF
33447	INF
33448	INF
33449	INF
33450	INF
33451	INF
33452	INF
33453	INF
33454	INF
33455	INF
33456	INF
33457	INF
33458	INF
33459	INF
33460	INF
33461	INF
33462	INF
33463	INF
33464	INF
33465	INF
33466	INF
33467	INF
33468	INF
33469	INF
33470	INF
33471	INF
33472	INF
33473	INF
33474	INF
33475	INF
33476	INF
33477	INF
33478	INF
33479	INF
33480	INF
33481	INF
33482	INF
33483	INF
33484	INF
33485	INF
33486	INF
33487	INF
33488	INF
33489	INF
33490	INF
33491	INF
33492	INF
33493	INF
33494	INF
33495	INF
33496	INF
33497	INF
33498	INF
33499	INF
33500	INF
33501	INF
33502	INF
33503	INF
33504	INF
33505	INF
33506	INF
33507	INF
33508	INF
33509	INF
33510	INF
33511	INF
33512	INF
33513	INF
33514	INF
33515	INF
33516	INF
33517	INF
33518	INF
33519	INF
33520	INF
33521	INF
33522	INF
33523	INF
33524	INF
33525	INF
33526	INF
33527	INF
33528	INF
33529	INF
33530	INF
33531	INF
33532	INF
33533	INF
33534	INF
33535	INF
33536	INF
33537	INF
33538	INF
33539	INF
33540	INF
33541	INF
33542	INF
33543	INF
33544	INF
33545	INF
33546	INF
33547	INF
33548	INF
33549	INF
33550	INF
33551	INF
33552	INF
33553	INF
33554	INF
33555	INF
33556	INF
33557	INF
33558	INF
33559	INF
33560	INF
33561	INF
33562	INF
33563	INF
33564	INF
33565	INF
33566	INF
33567	INF
33568	INF
33569	INF
33570	INF
33571	INF
33572	INF
33573	INF
33574	INF
33575	INF
33576	INF
33577	INF
33578	INF
33579	INF
33580	INF
33581	INF
33582	INF
33583	INF
33584	INF
33585	INF
33586	INF
33587	INF
33588	INF
33589	INF
33590	INF
33591	INF
33592	INF
33593	INF
33594	INF
33595	INF
33596	INF
33597	INF
33598	INF
33599	INF
33600	INF
33601	INF
33602	INF
33603	INF
33604	INF
33605	INF
33606	INF
33607	INF
33608	INF
33609	INF
33610	INF
33611	INF
33612	INF
33613	INF
33614	INF
33615	INF
33616	INF
33617	INF
33618	INF
33619	INF
33620	INF
33621	INF
33622	INF
33623	INF
33624	INF
33625	INF
33626	INF
33627	INF
33628	INF
33629	INF
33630	INF
33631	INF
33632	INF
33633	INF
33634	INF
33635	INF
33636	INF
33637	INF
33638	INF
33639	INF
33640	INF
33641	INF
33642	INF
33643	INF
33644	INF
33645	INF
33646	INF
33647	INF
33648	INF
33649	INF
33650	INF
33651	INF
33652	INF
33653	INF
33654	INF
33655	INF
33656	INF
33657	INF
33658	INF
33659	INF
33660	INF
33661	INF
33662	INF
33663	INF
33664	INF
33665	INF
33666	INF
33667	INF
33668	INF
33669	INF
33670	INF
33671	INF
33672	INF
33673	INF
33674	INF
33675	INF
33676	INF
33677	INF
33678	INF
33679	INF
33680	INF
33681	INF
33682	INF
33683	INF
33684	INF
33685	INF
33686	INF
33687	INF
33688	INF
33689	INF
33690	INF
33691	INF
33692	INF
33693	INF
33694	INF
33695	INF
33696	INF
33697	INF
33698	INF
33699	INF
33700	INF
33701	INF
33702	INF
33703	INF
33704	INF
33705	INF
33706	INF
33707	INF
33708	INF
33709	INF
33710	INF
33711	INF
33712	INF
33713	INF
33714	INF
33715	INF
33716	INF
33717	INF
33718	INF
33719	INF
33720	INF
33721	INF
33722	INF
33723	INF
33724	INF
33725	INF
33726	INF
33727	INF
33728	INF
33729	INF
33730	INF
33731	INF
33732	INF
33733	INF
33734	INF
33735	INF
33736	INF
33737	INF
33738	INF
33739	INF
33740	INF
33741	INF
33742	INF
33743	INF
33744	INF
33745	INF
33746	INF
33747	INF
33748	INF
33749	INF
33750	INF
33751	INF
33752	INF
33753	INF
33754	INF
33755	INF
33756	INF
33757	INF
33758	INF
33759	INF
33760	INF
33761	INF
33762	INF
33763	INF
33764	INF
33765	INF
33766	INF
33767	INF
33768	INF
33769	INF
33770	INF
33771	INF
33772	INF
33773	INF
33774	INF
33775	INF
33776	INF
33777	INF
33778	INF
33779	INF
33780	INF
33781	INF
33782	INF
33783	INF
33784	INF
33785	INF
33786	INF
33787	INF
33788	INF
33789	INF
33790	INF
33791	INF
33792	INF
33793	INF
33794	INF
33795	INF
33796	INF
33797	INF
33798	INF
33799	INF
33800	INF
33801	INF
33802	INF
33803	INF
33804	INF
33805	INF
33806	INF
33807	INF
33808	INF
33809	INF
33810	INF
33811	INF
33812	INF
33813	INF
33814	INF
33815	INF
33816	INF
33817	INF
33818	INF
33819	INF
33820	INF
33821	INF
33822	INF
33823	INF
33824	INF
33825	INF
33826	INF
33827	INF
33828	INF
33829	INF
33830	INF
33831	INF
33832	INF
33833	INF
33834	INF
33835	INF
33836	INF
33837	INF
33838	INF
33839	INF
33840	INF
33841	INF
33842	INF
33843	INF
33844	INF
33845	INF
33846	INF
33847	INF
33848	INF
33849	INF
33850	INF
33851	INF
33852	INF
33853	INF
33854	INF
33855	INF
33856	INF
33857	INF
33858	INF
33859	INF
33860	INF
33861	INF
33862	INF
33863	INF
33864	INF
33865	INF
33866	INF
33867	INF
33868	INF
33869	INF
33870	INF
33871	INF
33872	INF
33873	INF
33874	INF
33875	INF
33876	INF
33877	INF
33878	INF
33879	INF
33880	INF
33881	INF
33882	INF
33883	INF
33884	INF
33885	INF
33886	INF
33887	INF
33888	INF
33889	INF
33890	INF
33891	INF
33892	INF
33893	INF
33894	INF
33895	INF
33896	INF
33897	INF
33898	INF
33899	INF
33900	INF
33901	INF
33902	INF
33903	INF
33904	INF
33905	INF
33906	INF
33907	INF
33908	INF
33909	INF
33910	INF
33911	INF
33912	INF
33913	INF
33914	INF
33915	INF
33916	INF
33917	INF
33918	INF
33919	INF
33920	INF
33921	INF
33922	INF
33923	INF
33924	INF
33925	INF
33926	INF
33927	INF
33928	INF
33929	INF
33930	INF
33931	INF
33932	INF
33933	INF
33934	INF
33935	INF
33936	INF
33937	INF
33938	INF
33939	INF
33940	INF
33941	INF
33942	INF
33943	INF
33944	INF
33945	INF
33946	INF
33947	INF
33948	INF
33949	INF
33950	INF
33951	INF
33952	INF
33953	INF
33954	INF
33955	INF
33956	INF
33957	INF
33958	INF
33959	INF
33960	INF
33961	INF
33962	INF
33963	INF
33964	INF
33965	INF
33966	INF
33967	INF
33968	INF
33969	INF
33970	INF
33971	INF
33972	INF
33973	INF
33974	INF
33975	INF
33976	INF
33977	INF
33978	INF
33979	INF
33980	INF
33981	INF
33982	INF
33983	INF
33984	INF
33985	INF
33986	INF
33987	INF
33988	INF
33989	INF
33990	INF
33991	INF
33992	INF
33993	INF
33994	INF
33995	INF
33996	INF
33997	INF
33998	INF
33999	INF
34000	INF
34001	INF
34002	INF
34003	INF
34004	INF
34005	INF
34006	INF
34007	INF
34008	INF
34009	INF
34010	INF
34011	INF
34012	INF
34013	INF
34014	INF
34015	INF
34016	INF
34017	INF
34018	INF
34019	INF
34020	INF
34021	INF
34022	INF
34023	INF
34024	INF
34025	INF
34026	INF
34027	INF
34028	INF
34029	INF
34030	INF
34031	INF
34032	INF
34033	INF
34034	INF
34035	INF
34036	INF
34037	INF
34038	INF
34039	INF
34040	INF
34041	INF
34042	INF
34043	INF
34044	INF
34045	INF
34046	INF
34047	INF
34048	INF
34049	INF
34050	INF
34051	INF
34052	INF
34053	INF
34054	INF
34055	INF
34056	INF
34057	INF
34058	INF
34059	INF
34060	INF
34061	INF
34062	INF
34063	INF
34064	INF
34065	INF
34066	INF
34067	INF
34068	INF
34069	INF
34070	INF
34071	INF
34072	INF
34073	INF
34074	INF
34075	INF
34076	INF
34077	INF
34078	INF
34079	INF
34080	INF
34081	INF
34082	INF
34083	INF
34084	INF
34085	INF
34086	INF
34087	INF
34088	INF
34089	INF
34090	INF
34091	INF
34092	INF
34093	INF
34094	INF
34095	INF
34096	INF
34097	INF
34098	INF
34099	INF
34100	INF
34101	INF
34102	INF
34103	INF
34104	INF
34105	INF
34106	INF
34107	INF
34108	INF
34109	INF
34110	INF
34111	INF
34112	INF
34113	INF
34114	INF
34115	INF
34116	INF
34117	INF
34118	INF
34119	INF
34120	INF
34121	INF
34122	INF
34123	INF
34124	INF
34125	INF
34126	INF
34127	INF
34128	INF
34129	INF
34130	INF
34131	INF
34132	INF
34133	INF
34134	INF
34135	INF
34136	INF
34137	INF
34138	INF
34139	INF
34140	INF
34141	INF
34142	INF
34143	INF
34144	INF
34145	INF
34146	INF
34147	INF
34148	INF
34149	INF
34150	INF
34151	INF
34152	INF
34153	INF
34154	INF
34155	INF
34156	INF
34157	INF
34158	INF
34159	INF
34160	INF
34161	INF
34162	INF
34163	INF
34164	INF
34165	INF
34166	INF
34167	INF
34168	INF
34169	INF
34170	INF
34171	INF
34172	INF
34173	INF
34174	INF
34175	INF
34176	INF
34177	INF
34178	INF
34179	INF
34180	INF
34181	INF
34182	INF
34183	INF
34184	INF
34185	INF
34186	INF
34187	INF
34188	INF
34189	INF
34190	INF
34191	INF
34192	INF
34193	INF
34194	INF
34195	INF
34196	INF
34197	INF
34198	INF
34199	INF
34200	INF
34201	INF
34202	INF
34203	INF
34204	INF
34205	INF
34206	INF
34207	INF
34208	INF
34209	INF
34210	INF
34211	INF
34212	INF
34213	INF
34214	INF
34215	INF
34216	INF
34217	INF
34218	INF
34219	INF
34220	INF
34221	INF
34222	INF
34223	INF
34224	INF
34225	INF
34226	INF
34227	INF
34228	INF
34229	INF
34230	INF
34231	INF
34232	INF
34233	INF
34234	INF
34235	INF
34236	INF
34237	INF
34238	INF
34239	INF
34240	INF
34241	INF
34242	INF
34243	INF
34244	INF
34245	INF
34246	INF
34247	INF
34248	INF
34249	INF
34250	INF
34251	INF
34252	INF
34253	INF
34254	INF
34255	INF
34256	INF
34257	INF
34258	INF
34259	INF
34260	INF
34261	INF
34262	INF
34263	INF
34264	INF
34265	INF
34266	INF
34267	INF
34268	INF
34269	INF
34270	INF
34271	INF
34272	INF
34273	INF
34274	INF
34275	INF
34276	INF
34277	INF
34278	INF
34279	INF
34280	INF
34281	INF
34282	INF
34283	INF
34284	INF
34285	INF
34286	INF
34287	INF
34288	INF
34289	INF
34290	INF
34291	INF
34292	INF
34293	INF
34294	INF
34295	INF
34296	INF
34297	INF
34298	INF
34299	INF
34300	INF
34301	INF
34302	INF
34303	INF
34304	INF
34305	INF
34306	INF
34307	INF
34308	INF
34309	INF
34310	INF
34311	INF
34312	INF
34313	INF
34314	INF
34315	INF
34316	INF
34317	INF
34318	INF
34319	INF
34320	INF
34321	INF
34322	INF
34323	INF
34324	INF
34325	INF
34326	INF
34327	INF
34328	INF
34329	INF
34330	INF
34331	INF
34332	INF
34333	INF
34334	INF
34335	INF
34336	INF
34337	INF
34338	INF
34339	INF
34340	INF
34341	INF
34342	INF
34343	INF
34344	INF
34345	INF
34346	INF
34347	INF
34348	INF
34349	INF
34350	INF
34351	INF
34352	INF
34353	INF
34354	INF
34355	INF
34356	INF
34357	INF
34358	INF
34359	INF
34360	INF
34361	INF
34362	INF
34363	INF
34364	INF
34365	INF
34366	INF
34367	INF
34368	INF
34369	INF
34370	INF
34371	INF
34372	INF
34373	INF
34374	INF
34375	INF
34376	INF
34377	INF
34378	INF
34379	INF
34380	INF
34381	INF
34382	INF
34383	INF
34384	INF
34385	INF
34386	INF
34387	INF
34388	INF
34389	INF
34390	INF
34391	INF
34392	INF
34393	INF
34394	INF
34395	INF
34396	INF
34397	INF
34398	INF
34399	INF
34400	INF
34401	INF
34402	INF
34403	INF
34404	INF
34405	INF
34406	INF
34407	INF
34408	INF
34409	INF
34410	INF
34411	INF
34412	INF
34413	INF
34414	INF
34415	INF
34416	INF
34417	INF
34418	INF
34419	INF
34420	INF
34421	INF
34422	INF
34423	INF
34424	INF
34425	INF
34426	INF
34427	INF
34428	INF
34429	INF
34430	INF
34431	INF
34432	INF
34433	INF
34434	INF
34435	INF
34436	INF
34437	INF
34438	INF
34439	INF
34440	INF
34441	INF
34442	INF
34443	INF
34444	INF
34445	INF
34446	INF
34447	INF
34448	INF
34449	INF
34450	INF
34451	INF
34452	INF
34453	INF
34454	INF
34455	INF
34456	INF
34457	INF
34458	INF
34459	INF
34460	INF
34461	INF
34462	INF
34463	INF
34464	INF
34465	INF
34466	INF
34467	INF
34468	INF
34469	INF
34470	INF
34471	INF
34472	INF
34473	INF
34474	INF
34475	INF
34476	INF
34477	INF
34478	INF
34479	INF
34480	INF
34481	INF
34482	INF
34483	INF
34484	INF
34485	INF
34486	INF
34487	INF
34488	INF
34489	INF
34490	INF
34491	INF
34492	INF
34493	INF
34494	INF
34495	INF
34496	INF
34497	INF
34498	INF
34499	INF
34500	INF
34501	INF
34502	INF
34503	INF
34504	INF
34505	INF
34506	INF
34507	INF
34508	INF
34509	INF
34510	INF
34511	INF
34512	INF
34513	INF
34514	INF
34515	INF
34516	INF
34517	INF
34518	INF
34519	INF
34520	INF
34521	INF
34522	INF
34523	INF
34524	INF
34525	INF
34526	INF
34527	INF
34528	INF
34529	INF
34530	INF
34531	INF
34532	INF
34533	INF
34534	INF
34535	INF
34536	INF
34537	INF
34538	INF
34539	INF
34540	INF
34541	INF
34542	INF
34543	INF
34544	INF
34545	INF
34546	INF
34547	INF
34548	INF
34549	INF
34550	INF
34551	INF
34552	INF
34553	INF
34554	INF
34555	INF
34556	INF
34557	INF
34558	INF
34559	INF
34560	INF
34561	INF
34562	INF
34563	INF
34564	INF
34565	INF
34566	INF
34567	INF
34568	INF
34569	INF
34570	INF
34571	INF
34572	INF
34573	INF
34574	INF
34575	INF
34576	INF
34577	INF
34578	INF
34579	INF
34580	INF
34581	INF
34582	INF
34583	INF
34584	INF
34585	INF
34586	INF
34587	INF
34588	INF
34589	INF
34590	INF
34591	INF
34592	INF
34593	INF
34594	INF
34595	INF
34596	INF
34597	INF
34598	INF
34599	INF
34600	INF
34601	INF
34602	INF
34603	INF
34604	INF
34605	INF
34606	INF
34607	INF
34608	INF
34609	INF
34610	INF
34611	INF
34612	INF
34613	INF
34614	INF
34615	INF
34616	INF
34617	INF
34618	INF
34619	INF
34620	INF
34621	INF
34622	INF
34623	INF
34624	INF
34625	INF
34626	INF
34627	INF
34628	INF
34629	INF
34630	INF
34631	INF
34632	INF
34633	INF
34634	INF
34635	INF
34636	INF
34637	INF
34638	INF
34639	INF
34640	INF
34641	INF
34642	INF
34643	INF
34644	INF
34645	INF
34646	INF
34647	INF
34648	INF
34649	INF
34650	INF
34651	INF
34652	INF
34653	INF
34654	INF
34655	INF
34656	INF
34657	INF
34658	INF
34659	INF
34660	INF
34661	INF
34662	INF
34663	INF
34664	INF
34665	INF
34666	INF
34667	INF
34668	INF
34669	INF
34670	INF
34671	INF
34672	INF
34673	INF
34674	INF
34675	INF
34676	INF
34677	INF
34678	INF
34679	INF
34680	INF
34681	INF
34682	INF
34683	INF
34684	INF
34685	INF
34686	INF
34687	INF
34688	INF
34689	INF
34690	INF
34691	INF
34692	INF
34693	INF
34694	INF
34695	INF
34696	INF
34697	INF
34698	INF
34699	INF
34700	INF
34701	INF
34702	INF
34703	INF
34704	INF
34705	INF
34706	INF
34707	INF
34708	INF
34709	INF
34710	INF
34711	INF
34712	INF
34713	INF
34714	INF
34715	INF
34716	INF
34717	INF
34718	INF
34719	INF
34720	INF
34721	INF
34722	INF
34723	INF
34724	INF
34725	INF
34726	INF
34727	INF
34728	INF
34729	INF
34730	INF
34731	INF
34732	INF
34733	INF
34734	INF
34735	INF
34736	INF
34737	INF
34738	INF
34739	INF
34740	INF
34741	INF
34742	INF
34743	INF
34744	INF
34745	INF
34746	INF
34747	INF
34748	INF
34749	INF
34750	INF
34751	INF
34752	INF
34753	INF
34754	INF
34755	INF
34756	INF
34757	INF
34758	INF
34759	INF
34760	INF
34761	INF
34762	INF
34763	INF
34764	INF
34765	INF
34766	INF
34767	INF
34768	INF
34769	INF
34770	INF
34771	INF
34772	INF
34773	INF
34774	INF
34775	INF
34776	INF
34777	INF
34778	INF
34779	INF
34780	INF
34781	INF
34782	INF
34783	INF
34784	INF
34785	INF
34786	INF
34787	INF
34788	INF
34789	INF
34790	INF
34791	INF
34792	INF
34793	INF
34794	INF
34795	INF
34796	INF
34797	INF
34798	INF
34799	INF
34800	INF
34801	INF
34802	INF
34803	INF
34804	INF
34805	INF
34806	INF
34807	INF
34808	INF
34809	INF
34810	INF
34811	INF
34812	INF
34813	INF
34814	INF
34815	INF
34816	INF
34817	INF
34818	INF
34819	INF
34820	INF
34821	INF
34822	INF
34823	INF
34824	INF
34825	INF
34826	INF
34827	INF
34828	INF
34829	INF
34830	INF
34831	INF
34832	INF
34833	INF
34834	INF
34835	INF
34836	INF
34837	INF
34838	INF
34839	INF
34840	INF
34841	INF
34842	INF
34843	INF
34844	INF
34845	INF
34846	INF
34847	INF
34848	INF
34849	INF
34850	INF
34851	INF
34852	INF
34853	INF
34854	INF
34855	INF
34856	INF
34857	INF
34858	INF
34859	INF
34860	INF
34861	INF
34862	INF
34863	INF
34864	INF
34865	INF
34866	INF
34867	INF
34868	INF
34869	INF
34870	INF
34871	INF
34872	INF
34873	INF
34874	INF
34875	INF
34876	INF
34877	INF
34878	INF
34879	INF
34880	INF
34881	INF
34882	INF
34883	INF
34884	INF
34885	INF
34886	INF
34887	INF
34888	INF
34889	INF
34890	INF
34891	INF
34892	INF
34893	INF
34894	INF
34895	INF
34896	INF
34897	INF
34898	INF
34899	INF
34900	INF
34901	INF
34902	INF
34903	INF
34904	INF
34905	INF
34906	INF
34907	INF
34908	INF
34909	INF
34910	INF
34911	INF
34912	INF
34913	INF
34914	INF
34915	INF
34916	INF
34917	INF
34918	INF
34919	INF
34920	INF
34921	INF
34922	INF
34923	INF
34924	INF
34925	INF
34926	INF
34927	INF
34928	INF
34929	INF
34930	INF
34931	INF
34932	INF
34933	INF
34934	INF
34935	INF
34936	INF
34937	INF
34938	INF
34939	INF
34940	INF
34941	INF
34942	INF
34943	INF
34944	INF
34945	INF
34946	INF
34947	INF
34948	INF
34949	INF
34950	INF
34951	INF
34952	INF
34953	INF
34954	INF
34955	INF
34956	INF
34957	INF
34958	INF
34959	INF
34960	INF
34961	INF
34962	INF
34963	INF
34964	INF
34965	INF
34966	INF
34967	INF
34968	INF
34969	INF
34970	INF
34971	INF
34972	INF
34973	INF
34974	INF
34975	INF
34976	INF
34977	INF
34978	INF
34979	INF
34980	INF
34981	INF
34982	INF
34983	INF
34984	INF
34985	INF
34986	INF
34987	INF
34988	INF
34989	INF
34990	INF
34991	INF
34992	INF
34993	INF
34994	INF
34995	INF
34996	INF
34997	INF
34998	INF
34999	INF
35000	INF
35001	INF
35002	INF
35003	INF
35004	INF
35005	INF
35006	INF
35007	INF
35008	INF
35009	INF
35010	INF
35011	INF
35012	INF
35013	INF
35014	INF
35015	INF
35016	INF
35017	INF
35018	INF
35019	INF
35020	INF
35021	INF
35022	INF
35023	INF
35024	INF
35025	INF
35026	INF
35027	INF
35028	INF
35029	INF
35030	INF
35031	INF
35032	INF
35033	INF
35034	INF
35035	INF
35036	INF
35037	INF
35038	INF
35039	INF
35040	INF
35041	INF
35042	INF
35043	INF
35044	INF
35045	INF
35046	INF
35047	INF
35048	INF
35049	INF
35050	INF
35051	INF
35052	INF
35053	INF
35054	INF
35055	INF
35056	INF
35057	INF
35058	INF
35059	INF
35060	INF
35061	INF
35062	INF
35063	INF
35064	INF
35065	INF
35066	INF
35067	INF
35068	INF
35069	INF
35070	INF
35071	INF
35072	INF
35073	INF
35074	INF
35075	INF
35076	INF
35077	INF
35078	INF
35079	INF
35080	INF
35081	INF
35082	INF
35083	INF
35084	INF
35085	INF
35086	INF
35087	INF
35088	INF
35089	INF
35090	INF
35091	INF
35092	INF
35093	INF
35094	INF
35095	INF
35096	INF
35097	INF
35098	INF
35099	INF
35100	INF
35101	INF
35102	INF
35103	INF
35104	INF
35105	INF
35106	INF
35107	INF
35108	INF
35109	INF
35110	INF
35111	INF
35112	INF
35113	INF
35114	INF
35115	INF
35116	INF
35117	INF
35118	INF
35119	INF
35120	INF
35121	INF
35122	INF
35123	INF
35124	INF
35125	INF
35126	INF
35127	INF
35128	INF
35129	INF
35130	INF
35131	INF
35132	INF
35133	INF
35134	INF
35135	INF
35136	INF
35137	INF
35138	INF
35139	INF
35140	INF
35141	INF
35142	INF
35143	INF
35144	INF
35145	INF
35146	INF
35147	INF
35148	INF
35149	INF
35150	INF
35151	INF
35152	INF
35153	INF
35154	INF
35155	INF
35156	INF
35157	INF
35158	INF
35159	INF
35160	INF
35161	INF
35162	INF
35163	INF
35164	INF
35165	INF
35166	INF
35167	INF
35168	INF
35169	INF
35170	INF
35171	INF
35172	INF
35173	INF
35174	INF
35175	INF
35176	INF
35177	INF
35178	INF
35179	INF
35180	INF
35181	INF
35182	INF
35183	INF
35184	INF
35185	INF
35186	INF
35187	INF
35188	INF
35189	INF
35190	INF
35191	INF
35192	INF
35193	INF
35194	INF
35195	INF
35196	INF
35197	INF
35198	INF
35199	INF
35200	INF
35201	INF
35202	INF
35203	INF
35204	INF
35205	INF
35206	INF
35207	INF
35208	INF
35209	INF
35210	INF
35211	INF
35212	INF
35213	INF
35214	INF
35215	INF
35216	INF
35217	INF
35218	INF
35219	INF
35220	INF
35221	INF
35222	INF
35223	INF
35224	INF
35225	INF
35226	INF
35227	INF
35228	INF
35229	INF
35230	INF
35231	INF
35232	INF
35233	INF
35234	INF
35235	INF
35236	INF
35237	INF
35238	INF
35239	INF
35240	INF
35241	INF
35242	INF
35243	INF
35244	INF
35245	INF
35246	INF
35247	INF
35248	INF
35249	INF
35250	INF
35251	INF
35252	INF
35253	INF
35254	INF
35255	INF
35256	INF
35257	INF
35258	INF
35259	INF
35260	INF
35261	INF
35262	INF
35263	INF
35264	INF
35265	INF
35266	INF
35267	INF
35268	INF
35269	INF
35270	INF
35271	INF
35272	INF
35273	INF
35274	INF
35275	INF
35276	INF
35277	INF
35278	INF
35279	INF
35280	INF
35281	INF
35282	INF
35283	INF
35284	INF
35285	INF
35286	INF
35287	INF
35288	INF
35289	INF
35290	INF
35291	INF
35292	INF
35293	INF
35294	INF
35295	INF
35296	INF
35297	INF
35298	INF
35299	INF
35300	INF
35301	INF
35302	INF
35303	INF
35304	INF
35305	INF
35306	INF
35307	INF
35308	INF
35309	INF
35310	INF
35311	INF
35312	INF
35313	INF
35314	INF
35315	INF
35316	INF
35317	INF
35318	INF
35319	INF
35320	INF
35321	INF
35322	INF
35323	INF
35324	INF
35325	INF
35326	INF
35327	INF
35328	INF
35329	INF
35330	INF
35331	INF
35332	INF
35333	INF
35334	INF
35335	INF
35336	INF
35337	INF
35338	INF
35339	INF
35340	INF
35341	INF
35342	INF
35343	INF
35344	INF
35345	INF
35346	INF
35347	INF
35348	INF
35349	INF
35350	INF
35351	INF
35352	INF
35353	INF
35354	INF
35355	INF
35356	INF
35357	INF
35358	INF
35359	INF
35360	INF
35361	INF
35362	INF
35363	INF
35364	INF
35365	INF
35366	INF
35367	INF
35368	INF
35369	INF
35370	INF
35371	INF
35372	INF
35373	INF
35374	INF
35375	INF
35376	INF
35377	INF
35378	INF
35379	INF
35380	INF
35381	INF
35382	INF
35383	INF
35384	INF
35385	INF
35386	INF
35387	INF
35388	INF
35389	INF
35390	INF
35391	INF
35392	INF
35393	INF
35394	INF
35395	INF
35396	INF
35397	INF
35398	INF
35399	INF
35400	INF
35401	INF
35402	INF
35403	INF
35404	INF
35405	INF
35406	INF
35407	INF
35408	INF
35409	INF
35410	INF
35411	INF
35412	INF
35413	INF
35414	INF
35415	INF
35416	INF
35417	INF
35418	INF
35419	INF
35420	INF
35421	INF
35422	INF
35423	INF
35424	INF
35425	INF
35426	INF
35427	INF
35428	INF
35429	INF
35430	INF
35431	INF
35432	INF
35433	INF
35434	INF
35435	INF
35436	INF
35437	INF
35438	INF
35439	INF
35440	INF
35441	INF
35442	INF
35443	INF
35444	INF
35445	INF
35446	INF
35447	INF
35448	INF
35449	INF
35450	INF
35451	INF
35452	INF
35453	INF
35454	INF
35455	INF
35456	INF
35457	INF
35458	INF
35459	INF
35460	INF
35461	INF
35462	INF
35463	INF
35464	INF
35465	INF
35466	INF
35467	INF
35468	INF
35469	INF
35470	INF
35471	INF
35472	INF
35473	INF
35474	INF
35475	INF
35476	INF
35477	INF
35478	INF
35479	INF
35480	INF
35481	INF
35482	INF
35483	INF
35484	INF
35485	INF
35486	INF
35487	INF
35488	INF
35489	INF
35490	INF
35491	INF
35492	INF
35493	INF
35494	INF
35495	INF
35496	INF
35497	INF
35498	INF
35499	INF
35500	INF
35501	INF
35502	INF
35503	INF
35504	INF
35505	INF
35506	INF
35507	INF
35508	INF
35509	INF
35510	INF
35511	INF
35512	INF
35513	INF
35514	INF
35515	INF
35516	INF
35517	INF
35518	INF
35519	INF
35520	INF
35521	INF
35522	INF
35523	INF
35524	INF
35525	INF
35526	INF
35527	INF
35528	INF
35529	INF
35530	INF
35531	INF
35532	INF
35533	INF
35534	INF
35535	INF
35536	INF
35537	INF
35538	INF
35539	INF
35540	INF
35541	INF
35542	INF
35543	INF
35544	INF
35545	INF
35546	INF
35547	INF
35548	INF
35549	INF
35550	INF
35551	INF
35552	INF
35553	INF
35554	INF
35555	INF
35556	INF
35557	INF
35558	INF
35559	INF
35560	INF
35561	INF
35562	INF
35563	INF
35564	INF
35565	INF
35566	INF
35567	INF
35568	INF
35569	INF
35570	INF
35571	INF
35572	INF
35573	INF
35574	INF
35575	INF
35576	INF
35577	INF
35578	INF
35579	INF
35580	INF
35581	INF
35582	INF
35583	INF
35584	INF
35585	INF
35586	INF
35587	INF
35588	INF
35589	INF
35590	INF
35591	INF
35592	INF
35593	INF
35594	INF
35595	INF
35596	INF
35597	INF
35598	INF
35599	INF
35600	INF
35601	INF
35602	INF
35603	INF
35604	INF
35605	INF
35606	INF
35607	INF
35608	INF
35609	INF
35610	INF
35611	INF
35612	INF
35613	INF
35614	INF
35615	INF
35616	INF
35617	INF
35618	INF
35619	INF
35620	INF
35621	INF
35622	INF
35623	INF
35624	INF
35625	INF
35626	INF
35627	INF
35628	INF
35629	INF
35630	INF
35631	INF
35632	INF
35633	INF
35634	INF
35635	INF
35636	INF
35637	INF
35638	INF
35639	INF
35640	INF
35641	INF
35642	INF
35643	INF
35644	INF
35645	INF
35646	INF
35647	INF
35648	INF
35649	INF
35650	INF
35651	INF
35652	INF
35653	INF
35654	INF
35655	INF
35656	INF
35657	INF
35658	INF
35659	INF
35660	INF
35661	INF
35662	INF
35663	INF
35664	INF
35665	INF
35666	INF
35667	INF
35668	INF
35669	INF
35670	INF
35671	INF
35672	INF
35673	INF
35674	INF
35675	INF
35676	INF
35677	INF
35678	INF
35679	INF
35680	INF
35681	INF
35682	INF
35683	INF
35684	INF
35685	INF
35686	INF
35687	INF
35688	INF
35689	INF
35690	INF
35691	INF
35692	INF
35693	INF
35694	INF
35695	INF
35696	INF
35697	INF
35698	INF
35699	INF
35700	INF
35701	INF
35702	INF
35703	INF
35704	INF
35705	INF
35706	INF
35707	INF
35708	INF
35709	INF
35710	INF
35711	INF
35712	INF
35713	INF
35714	INF
35715	INF
35716	INF
35717	INF
35718	INF
35719	INF
35720	INF
35721	INF
35722	INF
35723	INF
35724	INF
35725	INF
35726	INF
35727	INF
35728	INF
35729	INF
35730	INF
35731	INF
35732	INF
35733	INF
35734	INF
35735	INF
35736	INF
35737	INF
35738	INF
35739	INF
35740	INF
35741	INF
35742	INF
35743	INF
35744	INF
35745	INF
35746	INF
35747	INF
35748	INF
35749	INF
35750	INF
35751	INF
35752	INF
35753	INF
35754	INF
35755	INF
35756	INF
35757	INF
35758	INF
35759	INF
35760	INF
35761	INF
35762	INF
35763	INF
35764	INF
35765	INF
35766	INF
35767	INF
35768	INF
35769	INF
35770	INF
35771	INF
35772	INF
35773	INF
35774	INF
35775	INF
35776	INF
35777	INF
35778	INF
35779	INF
35780	INF
35781	INF
35782	INF
35783	INF
35784	INF
35785	INF
35786	INF
35787	INF
35788	INF
35789	INF
35790	INF
35791	INF
35792	INF
35793	INF
35794	INF
35795	INF
35796	INF
35797	INF
35798	INF
35799	INF
35800	INF
35801	INF
35802	INF
35803	INF
35804	INF
35805	INF
35806	INF
35807	INF
35808	INF
35809	INF
35810	INF
35811	INF
35812	INF
35813	INF
35814	INF
35815	INF
35816	INF
35817	INF
35818	INF
35819	INF
35820	INF
35821	INF
35822	INF
35823	INF
35824	INF
35825	INF
35826	INF
35827	INF
35828	INF
35829	INF
35830	INF
35831	INF
35832	INF
35833	INF
35834	INF
35835	INF
35836	INF
35837	INF
35838	INF
35839	INF
35840	INF
35841	INF
35842	INF
35843	INF
35844	INF
35845	INF
35846	INF
35847	INF
35848	INF
35849	INF
35850	INF
35851	INF
35852	INF
35853	INF
35854	INF
35855	INF
35856	INF
35857	INF
35858	INF
35859	INF
35860	INF
35861	INF
35862	INF
35863	INF
35864	INF
35865	INF
35866	INF
35867	INF
35868	INF
35869	INF
35870	INF
35871	INF
35872	INF
35873	INF
35874	INF
35875	INF
35876	INF
35877	INF
35878	INF
35879	INF
35880	INF
35881	INF
35882	INF
35883	INF
35884	INF
35885	INF
35886	INF
35887	INF
35888	INF
35889	INF
35890	INF
35891	INF
35892	INF
35893	INF
35894	INF
35895	INF
35896	INF
35897	INF
35898	INF
35899	INF
35900	INF
35901	INF
35902	INF
35903	INF
35904	INF
35905	INF
35906	INF
35907	INF
35908	INF
35909	INF
35910	INF
35911	INF
35912	INF
35913	INF
35914	INF
35915	INF
35916	INF
35917	INF
35918	INF
35919	INF
35920	INF
35921	INF
35922	INF
35923	INF
35924	INF
35925	INF
35926	INF
35927	INF
35928	INF
35929	INF
35930	INF
35931	INF
35932	INF
35933	INF
35934	INF
35935	INF
35936	INF
35937	INF
35938	INF
35939	INF
35940	INF
35941	INF
35942	INF
35943	INF
35944	INF
35945	INF
35946	INF
35947	INF
35948	INF
35949	INF
35950	INF
35951	INF
35952	INF
35953	INF
35954	INF
35955	INF
35956	INF
35957	INF
35958	INF
35959	INF
35960	INF
35961	INF
35962	INF
35963	INF
35964	INF
35965	INF
35966	INF
35967	INF
35968	INF
35969	INF
35970	INF
35971	INF
35972	INF
35973	INF
35974	INF
35975	INF
35976	INF
35977	INF
35978	INF
35979	INF
35980	INF
35981	INF
35982	INF
35983	INF
35984	INF
35985	INF
35986	INF
35987	INF
35988	INF
35989	INF
35990	INF
35991	INF
35992	INF
35993	INF
35994	INF
35995	INF
35996	INF
35997	INF
35998	INF
35999	INF
36000	INF
36001	INF
36002	INF
36003	INF
36004	INF
36005	INF
36006	INF
36007	INF
36008	INF
36009	INF
36010	INF
36011	INF
36012	INF
36013	INF
36014	INF
36015	INF
36016	INF
36017	INF
36018	INF
36019	INF
36020	INF
36021	INF
36022	INF
36023	INF
36024	INF
36025	INF
36026	INF
36027	INF
36028	INF
36029	INF
36030	INF
36031	INF
36032	INF
36033	INF
36034	INF
36035	INF
36036	INF
36037	INF
36038	INF
36039	INF
36040	INF
36041	INF
36042	INF
36043	INF
36044	INF
36045	INF
36046	INF
36047	INF
36048	INF
36049	INF
36050	INF
36051	INF
36052	INF
36053	INF
36054	INF
36055	INF
36056	INF
36057	INF
36058	INF
36059	INF
36060	INF
36061	INF
36062	INF
36063	INF
36064	INF
36065	INF
36066	INF
36067	INF
36068	INF
36069	INF
36070	INF
36071	INF
36072	INF
36073	INF
36074	INF
36075	INF
36076	INF
36077	INF
36078	INF
36079	INF
36080	INF
36081	INF
36082	INF
36083	INF
36084	INF
36085	INF
36086	INF
36087	INF
36088	INF
36089	INF
36090	INF
36091	INF
36092	INF
36093	INF
36094	INF
36095	INF
36096	INF
36097	INF
36098	INF
36099	INF
36100	INF
36101	INF
36102	INF
36103	INF
36104	INF
36105	INF
36106	INF
36107	INF
36108	INF
36109	INF
36110	INF
36111	INF
36112	INF
36113	INF
36114	INF
36115	INF
36116	INF
36117	INF
36118	INF
36119	INF
36120	INF
36121	INF
36122	INF
36123	INF
36124	INF
36125	INF
36126	INF
36127	INF
36128	INF
36129	INF
36130	INF
36131	INF
36132	INF
36133	INF
36134	INF
36135	INF
36136	INF
36137	INF
36138	INF
36139	INF
36140	INF
36141	INF
36142	INF
36143	INF
36144	INF
36145	INF
36146	INF
36147	INF
36148	INF
36149	INF
36150	INF
36151	INF
36152	INF
36153	INF
36154	INF
36155	INF
36156	INF
36157	INF
36158	INF
36159	INF
36160	INF
36161	INF
36162	INF
36163	INF
36164	INF
36165	INF
36166	INF
36167	INF
36168	INF
36169	INF
36170	INF
36171	INF
36172	INF
36173	INF
36174	INF
36175	INF
36176	INF
36177	INF
36178	INF
36179	INF
36180	INF
36181	INF
36182	INF
36183	INF
36184	INF
36185	INF
36186	INF
36187	INF
36188	INF
36189	INF
36190	INF
36191	INF
36192	INF
36193	INF
36194	INF
36195	INF
36196	INF
36197	INF
36198	INF
36199	INF
36200	INF
36201	INF
36202	INF
36203	INF
36204	INF
36205	INF
36206	INF
36207	INF
36208	INF
36209	INF
36210	INF
36211	INF
36212	INF
36213	INF
36214	INF
36215	INF
36216	INF
36217	INF
36218	INF
36219	INF
36220	INF
36221	INF
36222	INF
36223	INF
36224	INF
36225	INF
36226	INF
36227	INF
36228	INF
36229	INF
36230	INF
36231	INF
36232	INF
36233	INF
36234	INF
36235	INF
36236	INF
36237	INF
36238	INF
36239	INF
36240	INF
36241	INF
36242	INF
36243	INF
36244	INF
36245	INF
36246	INF
36247	INF
36248	INF
36249	INF
36250	INF
36251	INF
36252	INF
36253	INF
36254	INF
36255	INF
36256	INF
36257	INF
36258	INF
36259	INF
36260	INF
36261	INF
36262	INF
36263	INF
36264	INF
36265	INF
36266	INF
36267	INF
36268	INF
36269	INF
36270	INF
36271	INF
36272	INF
36273	INF
36274	INF
36275	INF
36276	INF
36277	INF
36278	INF
36279	INF
36280	INF
36281	INF
36282	INF
36283	INF
36284	INF
36285	INF
36286	INF
36287	INF
36288	INF
36289	INF
36290	INF
36291	INF
36292	INF
36293	INF
36294	INF
36295	INF
36296	INF
36297	INF
36298	INF
36299	INF
36300	INF
36301	INF
36302	INF
36303	INF
36304	INF
36305	INF
36306	INF
36307	INF
36308	INF
36309	INF
36310	INF
36311	INF
36312	INF
36313	INF
36314	INF
36315	INF
36316	INF
36317	INF
36318	INF
36319	INF
36320	INF
36321	INF
36322	INF
36323	INF
36324	INF
36325	INF
36326	INF
36327	INF
36328	INF
36329	INF
36330	INF
36331	INF
36332	INF
36333	INF
36334	INF
36335	INF
36336	INF
36337	INF
36338	INF
36339	INF
36340	INF
36341	INF
36342	INF
36343	INF
36344	INF
36345	INF
36346	INF
36347	INF
36348	INF
36349	INF
36350	INF
36351	INF
36352	INF
36353	INF
36354	INF
36355	INF
36356	INF
36357	INF
36358	INF
36359	INF
36360	INF
36361	INF
36362	INF
36363	INF
36364	INF
36365	INF
36366	INF
36367	INF
36368	INF
36369	INF
36370	INF
36371	INF
36372	INF
36373	INF
36374	INF
36375	INF
36376	INF
36377	INF
36378	INF
36379	INF
36380	INF
36381	INF
36382	INF
36383	INF
36384	INF
36385	INF
36386	INF
36387	INF
36388	INF
36389	INF
36390	INF
36391	INF
36392	INF
36393	INF
36394	INF
36395	INF
36396	INF
36397	INF
36398	INF
36399	INF
36400	INF
36401	INF
36402	INF
36403	INF
36404	INF
36405	INF
36406	INF
36407	INF
36408	INF
36409	INF
36410	INF
36411	INF
36412	INF
36413	INF
36414	INF
36415	INF
36416	INF
36417	INF
36418	INF
36419	INF
36420	INF
36421	INF
36422	INF
36423	INF
36424	INF
36425	INF
36426	INF
36427	INF
36428	INF
36429	INF
36430	INF
36431	INF
36432	INF
36433	INF
36434	INF
36435	INF
36436	INF
36437	INF
36438	INF
36439	INF
36440	INF
36441	INF
36442	INF
36443	INF
36444	INF
36445	INF
36446	INF
36447	INF
36448	INF
36449	INF
36450	INF
36451	INF
36452	INF
36453	INF
36454	INF
36455	INF
36456	INF
36457	INF
36458	INF
36459	INF
36460	INF
36461	INF
36462	INF
36463	INF
36464	INF
36465	INF
36466	INF
36467	INF
36468	INF
36469	INF
36470	INF
36471	INF
36472	INF
36473	INF
36474	INF
36475	INF
36476	INF
36477	INF
36478	INF
36479	INF
36480	INF
36481	INF
36482	INF
36483	INF
36484	INF
36485	INF
36486	INF
36487	INF
36488	INF
36489	INF
36490	INF
36491	INF
36492	INF
36493	INF
36494	INF
36495	INF
36496	INF
36497	INF
36498	INF
36499	INF
36500	INF
36501	INF
36502	INF
36503	INF
36504	INF
36505	INF
36506	INF
36507	INF
36508	INF
36509	INF
36510	INF
36511	INF
36512	INF
36513	INF
36514	INF
36515	INF
36516	INF
36517	INF
36518	INF
36519	INF
36520	INF
36521	INF
36522	INF
36523	INF
36524	INF
36525	INF
36526	INF
36527	INF
36528	INF
36529	INF
36530	INF
36531	INF
36532	INF
36533	INF
36534	INF
36535	INF
36536	INF
36537	INF
36538	INF
36539	INF
36540	INF
36541	INF
36542	INF
36543	INF
36544	INF
36545	INF
36546	INF
36547	INF
36548	INF
36549	INF
36550	INF
36551	INF
36552	INF
36553	INF
36554	INF
36555	INF
36556	INF
36557	INF
36558	INF
36559	INF
36560	INF
36561	INF
36562	INF
36563	INF
36564	INF
36565	INF
36566	INF
36567	INF
36568	INF
36569	INF
36570	INF
36571	INF
36572	INF
36573	INF
36574	INF
36575	INF
36576	INF
36577	INF
36578	INF
36579	INF
36580	INF
36581	INF
36582	INF
36583	INF
36584	INF
36585	INF
36586	INF
36587	INF
36588	INF
36589	INF
36590	INF
36591	INF
36592	INF
36593	INF
36594	INF
36595	INF
36596	INF
36597	INF
36598	INF
36599	INF
36600	INF
36601	INF
36602	INF
36603	INF
36604	INF
36605	INF
36606	INF
36607	INF
36608	INF
36609	INF
36610	INF
36611	INF
36612	INF
36613	INF
36614	INF
36615	INF
36616	INF
36617	INF
36618	INF
36619	INF
36620	INF
36621	INF
36622	INF
36623	INF
36624	INF
36625	INF
36626	INF
36627	INF
36628	INF
36629	INF
36630	INF
36631	INF
36632	INF
36633	INF
36634	INF
36635	INF
36636	INF
36637	INF
36638	INF
36639	INF
36640	INF
36641	INF
36642	INF
36643	INF
36644	INF
36645	INF
36646	INF
36647	INF
36648	INF
36649	INF
36650	INF
36651	INF
36652	INF
36653	INF
36654	INF
36655	INF
36656	INF
36657	INF
36658	INF
36659	INF
36660	INF
36661	INF
36662	INF
36663	INF
36664	INF
36665	INF
36666	INF
36667	INF
36668	INF
36669	INF
36670	INF
36671	INF
36672	INF
36673	INF
36674	INF
36675	INF
36676	INF
36677	INF
36678	INF
36679	INF
36680	INF
36681	INF
36682	INF
36683	INF
36684	INF
36685	INF
36686	INF
36687	INF
36688	INF
36689	INF
36690	INF
36691	INF
36692	INF
36693	INF
36694	INF
36695	INF
36696	INF
36697	INF
36698	INF
36699	INF
36700	INF
36701	INF
36702	INF
36703	INF
36704	INF
36705	INF
36706	INF
36707	INF
36708	INF
36709	INF
36710	INF
36711	INF
36712	INF
36713	INF
36714	INF
36715	INF
36716	INF
36717	INF
36718	INF
36719	INF
36720	INF
36721	INF
36722	INF
36723	INF
36724	INF
36725	INF
36726	INF
36727	INF
36728	INF
36729	INF
36730	INF
36731	INF
36732	INF
36733	INF
36734	INF
36735	INF
36736	INF
36737	INF
36738	INF
36739	INF
36740	INF
36741	INF
36742	INF
36743	INF
36744	INF
36745	INF
36746	INF
36747	INF
36748	INF
36749	INF
36750	INF
36751	INF
36752	INF
36753	INF
36754	INF
36755	INF
36756	INF
36757	INF
36758	INF
36759	INF
36760	INF
36761	INF
36762	INF
36763	INF
36764	INF
36765	INF
36766	INF
36767	INF
36768	INF
36769	INF
36770	INF
36771	INF
36772	INF
36773	INF
36774	INF
36775	INF
36776	INF
36777	INF
36778	INF
36779	INF
36780	INF
36781	INF
36782	INF
36783	INF
36784	INF
36785	INF
36786	INF
36787	INF
36788	INF
36789	INF
36790	INF
36791	INF
36792	INF
36793	INF
36794	INF
36795	INF
36796	INF
36797	INF
36798	INF
36799	INF
36800	INF
36801	INF
36802	INF
36803	INF
36804	INF
36805	INF
36806	INF
36807	INF
36808	INF
36809	INF
36810	INF
36811	INF
36812	INF
36813	INF
36814	INF
36815	INF
36816	INF
36817	INF
36818	INF
36819	INF
36820	INF
36821	INF
36822	INF
36823	INF
36824	INF
36825	INF
36826	INF
36827	INF
36828	INF
36829	INF
36830	INF
36831	INF
36832	INF
36833	INF
36834	INF
36835	INF
36836	INF
36837	INF
36838	INF
36839	INF
36840	INF
36841	INF
36842	INF
36843	INF
36844	INF
36845	INF
36846	INF
36847	INF
36848	INF
36849	INF
36850	INF
36851	INF
36852	INF
36853	INF
36854	INF
36855	INF
36856	INF
36857	INF
36858	INF
36859	INF
36860	INF
36861	INF
36862	INF
36863	INF
36864	INF
36865	INF
36866	INF
36867	INF
36868	INF
36869	INF
36870	INF
36871	INF
36872	INF
36873	INF
36874	INF
36875	INF
36876	INF
36877	INF
36878	INF
36879	INF
36880	INF
36881	INF
36882	INF
36883	INF
36884	INF
36885	INF
36886	INF
36887	INF
36888	INF
36889	INF
36890	INF
36891	INF
36892	INF
36893	INF
36894	INF
36895	INF
36896	INF
36897	INF
36898	INF
36899	INF
36900	INF
36901	INF
36902	INF
36903	INF
36904	INF
36905	INF
36906	INF
36907	INF
36908	INF
36909	INF
36910	INF
36911	INF
36912	INF
36913	INF
36914	INF
36915	INF
36916	INF
36917	INF
36918	INF
36919	INF
36920	INF
36921	INF
36922	INF
36923	INF
36924	INF
36925	INF
36926	INF
36927	INF
36928	INF
36929	INF
36930	INF
36931	INF
36932	INF
36933	INF
36934	INF
36935	INF
36936	INF
36937	INF
36938	INF
36939	INF
36940	INF
36941	INF
36942	INF
36943	INF
36944	INF
36945	INF
36946	INF
36947	INF
36948	INF
36949	INF
36950	INF
36951	INF
36952	INF
36953	INF
36954	INF
36955	INF
36956	INF
36957	INF
36958	INF
36959	INF
36960	INF
36961	INF
36962	INF
36963	INF
36964	INF
36965	INF
36966	INF
36967	INF
36968	INF
36969	INF
36970	INF
36971	INF
36972	INF
36973	INF
36974	INF
36975	INF
36976	INF
36977	INF
36978	INF
36979	INF
36980	INF
36981	INF
36982	INF
36983	INF
36984	INF
36985	INF
36986	INF
36987	INF
36988	INF
36989	INF
36990	INF
36991	INF
36992	INF
36993	INF
36994	INF
36995	INF
36996	INF
36997	INF
36998	INF
36999	INF
37000	INF
37001	INF
37002	INF
37003	INF
37004	INF
37005	INF
37006	INF
37007	INF
37008	INF
37009	INF
37010	INF
37011	INF
37012	INF
37013	INF
37014	INF
37015	INF
37016	INF
37017	INF
37018	INF
37019	INF
37020	INF
37021	INF
37022	INF
37023	INF
37024	INF
37025	INF
37026	INF
37027	INF
37028	INF
37029	INF
37030	INF
37031	INF
37032	INF
37033	INF
37034	INF
37035	INF
37036	INF
37037	INF
37038	INF
37039	INF
37040	INF
37041	INF
37042	INF
37043	INF
37044	INF
37045	INF
37046	INF
37047	INF
37048	INF
37049	INF
37050	INF
37051	INF
37052	INF
37053	INF
37054	INF
37055	INF
37056	INF
37057	INF
37058	INF
37059	INF
37060	INF
37061	INF
37062	INF
37063	INF
37064	INF
37065	INF
37066	INF
37067	INF
37068	INF
37069	INF
37070	INF
37071	INF
37072	INF
37073	INF
37074	INF
37075	INF
37076	INF
37077	INF
37078	INF
37079	INF
37080	INF
37081	INF
37082	INF
37083	INF
37084	INF
37085	INF
37086	INF
37087	INF
37088	INF
37089	INF
37090	INF
37091	INF
37092	INF
37093	INF
37094	INF
37095	INF
37096	INF
37097	INF
37098	INF
37099	INF
37100	INF
37101	INF
37102	INF
37103	INF
37104	INF
37105	INF
37106	INF
37107	INF
37108	INF
37109	INF
37110	INF
37111	INF
37112	INF
37113	INF
37114	INF
37115	INF
37116	INF
37117	INF
37118	INF
37119	INF
37120	INF
37121	INF
37122	INF
37123	INF
37124	INF
37125	INF
37126	INF
37127	INF
37128	INF
37129	INF
37130	INF
37131	INF
37132	INF
37133	INF
37134	INF
37135	INF
37136	INF
37137	INF
37138	INF
37139	INF
37140	INF
37141	INF
37142	INF
37143	INF
37144	INF
37145	INF
37146	INF
37147	INF
37148	INF
37149	INF
37150	INF
37151	INF
37152	INF
37153	INF
37154	INF
37155	INF
37156	INF
37157	INF
37158	INF
37159	INF
37160	INF
37161	INF
37162	INF
37163	INF
37164	INF
37165	INF
37166	INF
37167	INF
37168	INF
37169	INF
37170	INF
37171	INF
37172	INF
37173	INF
37174	INF
37175	INF
37176	INF
37177	INF
37178	INF
37179	INF
37180	INF
37181	INF
37182	INF
37183	INF
37184	INF
37185	INF
37186	INF
37187	INF
37188	INF
37189	INF
37190	INF
37191	INF
37192	INF
37193	INF
37194	INF
37195	INF
37196	INF
37197	INF
37198	INF
37199	INF
37200	INF
37201	INF
37202	INF
37203	INF
37204	INF
37205	INF
37206	INF
37207	INF
37208	INF
37209	INF
37210	INF
37211	INF
37212	INF
37213	INF
37214	INF
37215	INF
37216	INF
37217	INF
37218	INF
37219	INF
37220	INF
37221	INF
37222	INF
37223	INF
37224	INF
37225	INF
37226	INF
37227	INF
37228	INF
37229	INF
37230	INF
37231	INF
37232	INF
37233	INF
37234	INF
37235	INF
37236	INF
37237	INF
37238	INF
37239	INF
37240	INF
37241	INF
37242	INF
37243	INF
37244	INF
37245	INF
37246	INF
37247	INF
37248	INF
37249	INF
37250	INF
37251	INF
37252	INF
37253	INF
37254	INF
37255	INF
37256	INF
37257	INF
37258	INF
37259	INF
37260	INF
37261	INF
37262	INF
37263	INF
37264	INF
37265	INF
37266	INF
37267	INF
37268	INF
37269	INF
37270	INF
37271	INF
37272	INF
37273	INF
37274	INF
37275	INF
37276	INF
37277	INF
37278	INF
37279	INF
37280	INF
37281	INF
37282	INF
37283	INF
37284	INF
37285	INF
37286	INF
37287	INF
37288	INF
37289	INF
37290	INF
37291	INF
37292	INF
37293	INF
37294	INF
37295	INF
37296	INF
37297	INF
37298	INF
37299	INF
37300	INF
37301	INF
37302	INF
37303	INF
37304	INF
37305	INF
37306	INF
37307	INF
37308	INF
37309	INF
37310	INF
37311	INF
37312	INF
37313	INF
37314	INF
37315	INF
37316	INF
37317	INF
37318	INF
37319	INF
37320	INF
37321	INF
37322	INF
37323	INF
37324	INF
37325	INF
37326	INF
37327	INF
37328	INF
37329	INF
37330	INF
37331	INF
37332	INF
37333	INF
37334	INF
37335	INF
37336	INF
37337	INF
37338	INF
37339	INF
37340	INF
37341	INF
37342	INF
37343	INF
37344	INF
37345	INF
37346	INF
37347	INF
37348	INF
37349	INF
37350	INF
37351	INF
37352	INF
37353	INF
37354	INF
37355	INF
37356	INF
37357	INF
37358	INF
37359	INF
37360	INF
37361	INF
37362	INF
37363	INF
37364	INF
37365	INF
37366	INF
37367	INF
37368	INF
37369	INF
37370	INF
37371	INF
37372	INF
37373	INF
37374	INF
37375	INF
37376	INF
37377	INF
37378	INF
37379	INF
37380	INF
37381	INF
37382	INF
37383	INF
37384	INF
37385	INF
37386	INF
37387	INF
37388	INF
37389	INF
37390	INF
37391	INF
37392	INF
37393	INF
37394	INF
37395	INF
37396	INF
37397	INF
37398	INF
37399	INF
37400	INF
37401	INF
37402	INF
37403	INF
37404	INF
37405	INF
37406	INF
37407	INF
37408	INF
37409	INF
37410	INF
37411	INF
37412	INF
37413	INF
37414	INF
37415	INF
37416	INF
37417	INF
37418	INF
37419	INF
37420	INF
37421	INF
37422	INF
37423	INF
37424	INF
37425	INF
37426	INF
37427	INF
37428	INF
37429	INF
37430	INF
37431	INF
37432	INF
37433	INF
37434	INF
37435	INF
37436	INF
37437	INF
37438	INF
37439	INF
37440	INF
37441	INF
37442	INF
37443	INF
37444	INF
37445	INF
37446	INF
37447	INF
37448	INF
37449	INF
37450	INF
37451	INF
37452	INF
37453	INF
37454	INF
37455	INF
37456	INF
37457	INF
37458	INF
37459	INF
37460	INF
37461	INF
37462	INF
37463	INF
37464	INF
37465	INF
37466	INF
37467	INF
37468	INF
37469	INF
37470	INF
37471	INF
37472	INF
37473	INF
37474	INF
37475	INF
37476	INF
37477	INF
37478	INF
37479	INF
37480	INF
37481	INF
37482	INF
37483	INF
37484	INF
37485	INF
37486	INF
37487	INF
37488	INF
37489	INF
37490	INF
37491	INF
37492	INF
37493	INF
37494	INF
37495	INF
37496	INF
37497	INF
37498	INF
37499	INF
37500	INF
37501	INF
37502	INF
37503	INF
37504	INF
37505	INF
37506	INF
37507	INF
37508	INF
37509	INF
37510	INF
37511	INF
37512	INF
37513	INF
37514	INF
37515	INF
37516	INF
37517	INF
37518	INF
37519	INF
37520	INF
37521	INF
37522	INF
37523	INF
37524	INF
37525	INF
37526	INF
37527	INF
37528	INF
37529	INF
37530	INF
37531	INF
37532	INF
37533	INF
37534	INF
37535	INF
37536	INF
37537	INF
37538	INF
37539	INF
37540	INF
37541	INF
37542	INF
37543	INF
37544	INF
37545	INF
37546	INF
37547	INF
37548	INF
37549	INF
37550	INF
37551	INF
37552	INF
37553	INF
37554	INF
37555	INF
37556	INF
37557	INF
37558	INF
37559	INF
37560	INF
37561	INF
37562	INF
37563	INF
37564	INF
37565	INF
37566	INF
37567	INF
37568	INF
37569	INF
37570	INF
37571	INF
37572	INF
37573	INF
37574	INF
37575	INF
37576	INF
37577	INF
37578	INF
37579	INF
37580	INF
37581	INF
37582	INF
37583	INF
37584	INF
37585	INF
37586	INF
37587	INF
37588	INF
37589	INF
37590	INF
37591	INF
37592	INF
37593	INF
37594	INF
37595	INF
37596	INF
37597	INF
37598	INF
37599	INF
37600	INF
37601	INF
37602	INF
37603	INF
37604	INF
37605	INF
37606	INF
37607	INF
37608	INF
37609	INF
37610	INF
37611	INF
37612	INF
37613	INF
37614	INF
37615	INF
37616	INF
37617	INF
37618	INF
37619	INF
37620	INF
37621	INF
37622	INF
37623	INF
37624	INF
37625	INF
37626	INF
37627	INF
37628	INF
37629	INF
37630	INF
37631	INF
37632	INF
37633	INF
37634	INF
37635	INF
37636	INF
37637	INF
37638	INF
37639	INF
37640	INF
37641	INF
37642	INF
37643	INF
37644	INF
37645	INF
37646	INF
37647	INF
37648	INF
37649	INF
37650	INF
37651	INF
37652	INF
37653	INF
37654	INF
37655	INF
37656	INF
37657	INF
37658	INF
37659	INF
37660	INF
37661	INF
37662	INF
37663	INF
37664	INF
37665	INF
37666	INF
37667	INF
37668	INF
37669	INF
37670	INF
37671	INF
37672	INF
37673	INF
37674	INF
37675	INF
37676	INF
37677	INF
37678	INF
37679	INF
37680	INF
37681	INF
37682	INF
37683	INF
37684	INF
37685	INF
37686	INF
37687	INF
37688	INF
37689	INF
37690	INF
37691	INF
37692	INF
37693	INF
37694	INF
37695	INF
37696	INF
37697	INF
37698	INF
37699	INF
37700	INF
37701	INF
37702	INF
37703	INF
37704	INF
37705	INF
37706	INF
37707	INF
37708	INF
37709	INF
37710	INF
37711	INF
37712	INF
37713	INF
37714	INF
37715	INF
37716	INF
37717	INF
37718	INF
37719	INF
37720	INF
37721	INF
37722	INF
37723	INF
37724	INF
37725	INF
37726	INF
37727	INF
37728	INF
37729	INF
37730	INF
37731	INF
37732	INF
37733	INF
37734	INF
37735	INF
37736	INF
37737	INF
37738	INF
37739	INF
37740	INF
37741	INF
37742	INF
37743	INF
37744	INF
37745	INF
37746	INF
37747	INF
37748	INF
37749	INF
37750	INF
37751	INF
37752	INF
37753	INF
37754	INF
37755	INF
37756	INF
37757	INF
37758	INF
37759	INF
37760	INF
37761	INF
37762	INF
37763	INF
37764	INF
37765	INF
37766	INF
37767	INF
37768	INF
37769	INF
37770	INF
37771	INF
37772	INF
37773	INF
37774	INF
37775	INF
37776	INF
37777	INF
37778	INF
37779	INF
37780	INF
37781	INF
37782	INF
37783	INF
37784	INF
37785	INF
37786	INF
37787	INF
37788	INF
37789	INF
37790	INF
37791	INF
37792	INF
37793	INF
37794	INF
37795	INF
37796	INF
37797	INF
37798	INF
37799	INF
37800	INF
37801	INF
37802	INF
37803	INF
37804	INF
37805	INF
37806	INF
37807	INF
37808	INF
37809	INF
37810	INF
37811	INF
37812	INF
37813	INF
37814	INF
37815	INF
37816	INF
37817	INF
37818	INF
37819	INF
37820	INF
37821	INF
37822	INF
37823	INF
37824	INF
37825	INF
37826	INF
37827	INF
37828	INF
37829	INF
37830	INF
37831	INF
37832	INF
37833	INF
37834	INF
37835	INF
37836	INF
37837	INF
37838	INF
37839	INF
37840	INF
37841	INF
37842	INF
37843	INF
37844	INF
37845	INF
37846	INF
37847	INF
37848	INF
37849	INF
37850	INF
37851	INF
37852	INF
37853	INF
37854	INF
37855	INF
37856	INF
37857	INF
37858	INF
37859	INF
37860	INF
37861	INF
37862	INF
37863	INF
37864	INF
37865	INF
37866	INF
37867	INF
37868	INF
37869	INF
37870	INF
37871	INF
37872	INF
37873	INF
37874	INF
37875	INF
37876	INF
37877	INF
37878	INF
37879	INF
37880	INF
37881	INF
37882	INF
37883	INF
37884	INF
37885	INF
37886	INF
37887	INF
37888	INF
37889	INF
37890	INF
37891	INF
37892	INF
37893	INF
37894	INF
37895	INF
37896	INF
37897	INF
37898	INF
37899	INF
37900	INF
37901	INF
37902	INF
37903	INF
37904	INF
37905	INF
37906	INF
37907	INF
37908	INF
37909	INF
37910	INF
37911	INF
37912	INF
37913	INF
37914	INF
37915	INF
37916	INF
37917	INF
37918	INF
37919	INF
37920	INF
37921	INF
37922	INF
37923	INF
37924	INF
37925	INF
37926	INF
37927	INF
37928	INF
37929	INF
37930	INF
37931	INF
37932	INF
37933	INF
37934	INF
37935	INF
37936	INF
37937	INF
37938	INF
37939	INF
37940	INF
37941	INF
37942	INF
37943	INF
37944	INF
37945	INF
37946	INF
37947	INF
37948	INF
37949	INF
37950	INF
37951	INF
37952	INF
37953	INF
37954	INF
37955	INF
37956	INF
37957	INF
37958	INF
37959	INF
37960	INF
37961	INF
37962	INF
37963	INF
37964	INF
37965	INF
37966	INF
37967	INF
37968	INF
37969	INF
37970	INF
37971	INF
37972	INF
37973	INF
37974	INF
37975	INF
37976	INF
37977	INF
37978	INF
37979	INF
37980	INF
37981	INF
37982	INF
37983	INF
37984	INF
37985	INF
37986	INF
37987	INF
37988	INF
37989	INF
37990	INF
37991	INF
37992	INF
37993	INF
37994	INF
37995	INF
37996	INF
37997	INF
37998	INF
37999	INF
38000	INF
38001	INF
38002	INF
38003	INF
38004	INF
38005	INF
38006	INF
38007	INF
38008	INF
38009	INF
38010	INF
38011	INF
38012	INF
38013	INF
38014	INF
38015	INF
38016	INF
38017	INF
38018	INF
38019	INF
38020	INF
38021	INF
38022	INF
38023	INF
38024	INF
38025	INF
38026	INF
38027	INF
38028	INF
38029	INF
38030	INF
38031	INF
38032	INF
38033	INF
38034	INF
38035	INF
38036	INF
38037	INF
38038	INF
38039	INF
38040	INF
38041	INF
38042	INF
38043	INF
38044	INF
38045	INF
38046	INF
38047	INF
38048	INF
38049	INF
38050	INF
38051	INF
38052	INF
38053	INF
38054	INF
38055	INF
38056	INF
38057	INF
38058	INF
38059	INF
38060	INF
38061	INF
38062	INF
38063	INF
38064	INF
38065	INF
38066	INF
38067	INF
38068	INF
38069	INF
38070	INF
38071	INF
38072	INF
38073	INF
38074	INF
38075	INF
38076	INF
38077	INF
38078	INF
38079	INF
38080	INF
38081	INF
38082	INF
38083	INF
38084	INF
38085	INF
38086	INF
38087	INF
38088	INF
38089	INF
38090	INF
38091	INF
38092	INF
38093	INF
38094	INF
38095	INF
38096	INF
38097	INF
38098	INF
38099	INF
38100	INF
38101	INF
38102	INF
38103	INF
38104	INF
38105	INF
38106	INF
38107	INF
38108	INF
38109	INF
38110	INF
38111	INF
38112	INF
38113	INF
38114	INF
38115	INF
38116	INF
38117	INF
38118	INF
38119	INF
38120	INF
38121	INF
38122	INF
38123	INF
38124	INF
38125	INF
38126	INF
38127	INF
38128	INF
38129	INF
38130	INF
38131	INF
38132	INF
38133	INF
38134	INF
38135	INF
38136	INF
38137	INF
38138	INF
38139	INF
38140	INF
38141	INF
38142	INF
38143	INF
38144	INF
38145	INF
38146	INF
38147	INF
38148	INF
38149	INF
38150	INF
38151	INF
38152	INF
38153	INF
38154	INF
38155	INF
38156	INF
38157	INF
38158	INF
38159	INF
38160	INF
38161	INF
38162	INF
38163	INF
38164	INF
38165	INF
38166	INF
38167	INF
38168	INF
38169	INF
38170	INF
38171	INF
38172	INF
38173	INF
38174	INF
38175	INF
38176	INF
38177	INF
38178	INF
38179	INF
38180	INF
38181	INF
38182	INF
38183	INF
38184	INF
38185	INF
38186	INF
38187	INF
38188	INF
38189	INF
38190	INF
38191	INF
38192	INF
38193	INF
38194	INF
38195	INF
38196	INF
38197	INF
38198	INF
38199	INF
38200	INF
38201	INF
38202	INF
38203	INF
38204	INF
38205	INF
38206	INF
38207	INF
38208	INF
38209	INF
38210	INF
38211	INF
38212	INF
38213	INF
38214	INF
38215	INF
38216	INF
38217	INF
38218	INF
38219	INF
38220	INF
38221	INF
38222	INF
38223	INF
38224	INF
38225	INF
38226	INF
38227	INF
38228	INF
38229	INF
38230	INF
38231	INF
38232	INF
38233	INF
38234	INF
38235	INF
38236	INF
38237	INF
38238	INF
38239	INF
38240	INF
38241	INF
38242	INF
38243	INF
38244	INF
38245	INF
38246	INF
38247	INF
38248	INF
38249	INF
38250	INF
38251	INF
38252	INF
38253	INF
38254	INF
38255	INF
38256	INF
38257	INF
38258	INF
38259	INF
38260	INF
38261	INF
38262	INF
38263	INF
38264	INF
38265	INF
38266	INF
38267	INF
38268	INF
38269	INF
38270	INF
38271	INF
38272	INF
38273	INF
38274	INF
38275	INF
38276	INF
38277	INF
38278	INF
38279	INF
38280	INF
38281	INF
38282	INF
38283	INF
38284	INF
38285	INF
38286	INF
38287	INF
38288	INF
38289	INF
38290	INF
38291	INF
38292	INF
38293	INF
38294	INF
38295	INF
38296	INF
38297	INF
38298	INF
38299	INF
38300	INF
38301	INF
38302	INF
38303	INF
38304	INF
38305	INF
38306	INF
38307	INF
38308	INF
38309	INF
38310	INF
38311	INF
38312	INF
38313	INF
38314	INF
38315	INF
38316	INF
38317	INF
38318	INF
38319	INF
38320	INF
38321	INF
38322	INF
38323	INF
38324	INF
38325	INF
38326	INF
38327	INF
38328	INF
38329	INF
38330	INF
38331	INF
38332	INF
38333	INF
38334	INF
38335	INF
38336	INF
38337	INF
38338	INF
38339	INF
38340	INF
38341	INF
38342	INF
38343	INF
38344	INF
38345	INF
38346	INF
38347	INF
38348	INF
38349	INF
38350	INF
38351	INF
38352	INF
38353	INF
38354	INF
38355	INF
38356	INF
38357	INF
38358	INF
38359	INF
38360	INF
38361	INF
38362	INF
38363	INF
38364	INF
38365	INF
38366	INF
38367	INF
38368	INF
38369	INF
38370	INF
38371	INF
38372	INF
38373	INF
38374	INF
38375	INF
38376	INF
38377	INF
38378	INF
38379	INF
38380	INF
38381	INF
38382	INF
38383	INF
38384	INF
38385	INF
38386	INF
38387	INF
38388	INF
38389	INF
38390	INF
38391	INF
38392	INF
38393	INF
38394	INF
38395	INF
38396	INF
38397	INF
38398	INF
38399	INF
38400	INF
38401	INF
38402	INF
38403	INF
38404	INF
38405	INF
38406	INF
38407	INF
38408	INF
38409	INF
38410	INF
38411	INF
38412	INF
38413	INF
38414	INF
38415	INF
38416	INF
38417	INF
38418	INF
38419	INF
38420	INF
38421	INF
38422	INF
38423	INF
38424	INF
38425	INF
38426	INF
38427	INF
38428	INF
38429	INF
38430	INF
38431	INF
38432	INF
38433	INF
38434	INF
38435	INF
38436	INF
38437	INF
38438	INF
38439	INF
38440	INF
38441	INF
38442	INF
38443	INF
38444	INF
38445	INF
38446	INF
38447	INF
38448	INF
38449	INF
38450	INF
38451	INF
38452	INF
38453	INF
38454	INF
38455	INF
38456	INF
38457	INF
38458	INF
38459	INF
38460	INF
38461	INF
38462	INF
38463	INF
38464	INF
38465	INF
38466	INF
38467	INF
38468	INF
38469	INF
38470	INF
38471	INF
38472	INF
38473	INF
38474	INF
38475	INF
38476	INF
38477	INF
38478	INF
38479	INF
38480	INF
38481	INF
38482	INF
38483	INF
38484	INF
38485	INF
38486	INF
38487	INF
38488	INF
38489	INF
38490	INF
38491	INF
38492	INF
38493	INF
38494	INF
38495	INF
38496	INF
38497	INF
38498	INF
38499	INF
38500	INF
38501	INF
38502	INF
38503	INF
38504	INF
38505	INF
38506	INF
38507	INF
38508	INF
38509	INF
38510	INF
38511	INF
38512	INF
38513	INF
38514	INF
38515	INF
38516	INF
38517	INF
38518	INF
38519	INF
38520	INF
38521	INF
38522	INF
38523	INF
38524	INF
38525	INF
38526	INF
38527	INF
38528	INF
38529	INF
38530	INF
38531	INF
38532	INF
38533	INF
38534	INF
38535	INF
38536	INF
38537	INF
38538	INF
38539	INF
38540	INF
38541	INF
38542	INF
38543	INF
38544	INF
38545	INF
38546	INF
38547	INF
38548	INF
38549	INF
38550	INF
38551	INF
38552	INF
38553	INF
38554	INF
38555	INF
38556	INF
38557	INF
38558	INF
38559	INF
38560	INF
38561	INF
38562	INF
38563	INF
38564	INF
38565	INF
38566	INF
38567	INF
38568	INF
38569	INF
38570	INF
38571	INF
38572	INF
38573	INF
38574	INF
38575	INF
38576	INF
38577	INF
38578	INF
38579	INF
38580	INF
38581	INF
38582	INF
38583	INF
38584	INF
38585	INF
38586	INF
38587	INF
38588	INF
38589	INF
38590	INF
38591	INF
38592	INF
38593	INF
38594	INF
38595	INF
38596	INF
38597	INF
38598	INF
38599	INF
38600	INF
38601	INF
38602	INF
38603	INF
38604	INF
38605	INF
38606	INF
38607	INF
38608	INF
38609	INF
38610	INF
38611	INF
38612	INF
38613	INF
38614	INF
38615	INF
38616	INF
38617	INF
38618	INF
38619	INF
38620	INF
38621	INF
38622	INF
38623	INF
38624	INF
38625	INF
38626	INF
38627	INF
38628	INF
38629	INF
38630	INF
38631	INF
38632	INF
38633	INF
38634	INF
38635	INF
38636	INF
38637	INF
38638	INF
38639	INF
38640	INF
38641	INF
38642	INF
38643	INF
38644	INF
38645	INF
38646	INF
38647	INF
38648	INF
38649	INF
38650	INF
38651	INF
38652	INF
38653	INF
38654	INF
38655	INF
38656	INF
38657	INF
38658	INF
38659	INF
38660	INF
38661	INF
38662	INF
38663	INF
38664	INF
38665	INF
38666	INF
38667	INF
38668	INF
38669	INF
38670	INF
38671	INF
38672	INF
38673	INF
38674	INF
38675	INF
38676	INF
38677	INF
38678	INF
38679	INF
38680	INF
38681	INF
38682	INF
38683	INF
38684	INF
38685	INF
38686	INF
38687	INF
38688	INF
38689	INF
38690	INF
38691	INF
38692	INF
38693	INF
38694	INF
38695	INF
38696	INF
38697	INF
38698	INF
38699	INF
38700	INF
38701	INF
38702	INF
38703	INF
38704	INF
38705	INF
38706	INF
38707	INF
38708	INF
38709	INF
38710	INF
38711	INF
38712	INF
38713	INF
38714	INF
38715	INF
38716	INF
38717	INF
38718	INF
38719	INF
38720	INF
38721	INF
38722	INF
38723	INF
38724	INF
38725	INF
38726	INF
38727	INF
38728	INF
38729	INF
38730	INF
38731	INF
38732	INF
38733	INF
38734	INF
38735	INF
38736	INF
38737	INF
38738	INF
38739	INF
38740	INF
38741	INF
38742	INF
38743	INF
38744	INF
38745	INF
38746	INF
38747	INF
38748	INF
38749	INF
38750	INF
38751	INF
38752	INF
38753	INF
38754	INF
38755	INF
38756	INF
38757	INF
38758	INF
38759	INF
38760	INF
38761	INF
38762	INF
38763	INF
38764	INF
38765	INF
38766	INF
38767	INF
38768	INF
38769	INF
38770	INF
38771	INF
38772	INF
38773	INF
38774	INF
38775	INF
38776	INF
38777	INF
38778	INF
38779	INF
38780	INF
38781	INF
38782	INF
38783	INF
38784	INF
38785	INF
38786	INF
38787	INF
38788	INF
38789	INF
38790	INF
38791	INF
38792	INF
38793	INF
38794	INF
38795	INF
38796	INF
38797	INF
38798	INF
38799	INF
38800	INF
38801	INF
38802	INF
38803	INF
38804	INF
38805	INF
38806	INF
38807	INF
38808	INF
38809	INF
38810	INF
38811	INF
38812	INF
38813	INF
38814	INF
38815	INF
38816	INF
38817	INF
38818	INF
38819	INF
38820	INF
38821	INF
38822	INF
38823	INF
38824	INF
38825	INF
38826	INF
38827	INF
38828	INF
38829	INF
38830	INF
38831	INF
38832	INF
38833	INF
38834	INF
38835	INF
38836	INF
38837	INF
38838	INF
38839	INF
38840	INF
38841	INF
38842	INF
38843	INF
38844	INF
38845	INF
38846	INF
38847	INF
38848	INF
38849	INF
38850	INF
38851	INF
38852	INF
38853	INF
38854	INF
38855	INF
38856	INF
38857	INF
38858	INF
38859	INF
38860	INF
38861	INF
38862	INF
38863	INF
38864	INF
38865	INF
38866	INF
38867	INF
38868	INF
38869	INF
38870	INF
38871	INF
38872	INF
38873	INF
38874	INF
38875	INF
38876	INF
38877	INF
38878	INF
38879	INF
38880	INF
38881	INF
38882	INF
38883	INF
38884	INF
38885	INF
38886	INF
38887	INF
38888	INF
38889	INF
38890	INF
38891	INF
38892	INF
38893	INF
38894	INF
38895	INF
38896	INF
38897	INF
38898	INF
38899	INF
38900	INF
38901	INF
38902	INF
38903	INF
38904	INF
38905	INF
38906	INF
38907	INF
38908	INF
38909	INF
38910	INF
38911	INF
38912	INF
38913	INF
38914	INF
38915	INF
38916	INF
38917	INF
38918	INF
38919	INF
38920	INF
38921	INF
38922	INF
38923	INF
38924	INF
38925	INF
38926	INF
38927	INF
38928	INF
38929	INF
38930	INF
38931	INF
38932	INF
38933	INF
38934	INF
38935	INF
38936	INF
38937	INF
38938	INF
38939	INF
38940	INF
38941	INF
38942	INF
38943	INF
38944	INF
38945	INF
38946	INF
38947	INF
38948	INF
38949	INF
38950	INF
38951	INF
38952	INF
38953	INF
38954	INF
38955	INF
38956	INF
38957	INF
38958	INF
38959	INF
38960	INF
38961	INF
38962	INF
38963	INF
38964	INF
38965	INF
38966	INF
38967	INF
38968	INF
38969	INF
38970	INF
38971	INF
38972	INF
38973	INF
38974	INF
38975	INF
38976	INF
38977	INF
38978	INF
38979	INF
38980	INF
38981	INF
38982	INF
38983	INF
38984	INF
38985	INF
38986	INF
38987	INF
38988	INF
38989	INF
38990	INF
38991	INF
38992	INF
38993	INF
38994	INF
38995	INF
38996	INF
38997	INF
38998	INF
38999	INF
39000	INF
39001	INF
39002	INF
39003	INF
39004	INF
39005	INF
39006	INF
39007	INF
39008	INF
39009	INF
39010	INF
39011	INF
39012	INF
39013	INF
39014	INF
39015	INF
39016	INF
39017	INF
39018	INF
39019	INF
39020	INF
39021	INF
39022	INF
39023	INF
39024	INF
39025	INF
39026	INF
39027	INF
39028	INF
39029	INF
39030	INF
39031	INF
39032	INF
39033	INF
39034	INF
39035	INF
39036	INF
39037	INF
39038	INF
39039	INF
39040	INF
39041	INF
39042	INF
39043	INF
39044	INF
39045	INF
39046	INF
39047	INF
39048	INF
39049	INF
39050	INF
39051	INF
39052	INF
39053	INF
39054	INF
39055	INF
39056	INF
39057	INF
39058	INF
39059	INF
39060	INF
39061	INF
39062	INF
39063	INF
39064	INF
39065	INF
39066	INF
39067	INF
39068	INF
39069	INF
39070	INF
39071	INF
39072	INF
39073	INF
39074	INF
39075	INF
39076	INF
39077	INF
39078	INF
39079	INF
39080	INF
39081	INF
39082	INF
39083	INF
39084	INF
39085	INF
39086	INF
39087	INF
39088	INF
39089	INF
39090	INF
39091	INF
39092	INF
39093	INF
39094	INF
39095	INF
39096	INF
39097	INF
39098	INF
39099	INF
39100	INF
39101	INF
39102	INF
39103	INF
39104	INF
39105	INF
39106	INF
39107	INF
39108	INF
39109	INF
39110	INF
39111	INF
39112	INF
39113	INF
39114	INF
39115	INF
39116	INF
39117	INF
39118	INF
39119	INF
39120	INF
39121	INF
39122	INF
39123	INF
39124	INF
39125	INF
39126	INF
39127	INF
39128	INF
39129	INF
39130	INF
39131	INF
39132	INF
39133	INF
39134	INF
39135	INF
39136	INF
39137	INF
39138	INF
39139	INF
39140	INF
39141	INF
39142	INF
39143	INF
39144	INF
39145	INF
39146	INF
39147	INF
39148	INF
39149	INF
39150	INF
39151	INF
39152	INF
39153	INF
39154	INF
39155	INF
39156	INF
39157	INF
39158	INF
39159	INF
39160	INF
39161	INF
39162	INF
39163	INF
39164	INF
39165	INF
39166	INF
39167	INF
39168	INF
39169	INF
39170	INF
39171	INF
39172	INF
39173	INF
39174	INF
39175	INF
39176	INF
39177	INF
39178	INF
39179	INF
39180	INF
39181	INF
39182	INF
39183	INF
39184	INF
39185	INF
39186	INF
39187	INF
39188	INF
39189	INF
39190	INF
39191	INF
39192	INF
39193	INF
39194	INF
39195	INF
39196	INF
39197	INF
39198	INF
39199	INF
39200	INF
39201	INF
39202	INF
39203	INF
39204	INF
39205	INF
39206	INF
39207	INF
39208	INF
39209	INF
39210	INF
39211	INF
39212	INF
39213	INF
39214	INF
39215	INF
39216	INF
39217	INF
39218	INF
39219	INF
39220	INF
39221	INF
39222	INF
39223	INF
39224	INF
39225	INF
39226	INF
39227	INF
39228	INF
39229	INF
39230	INF
39231	INF
39232	INF
39233	INF
39234	INF
39235	INF
39236	INF
39237	INF
39238	INF
39239	INF
39240	INF
39241	INF
39242	INF
39243	INF
39244	INF
39245	INF
39246	INF
39247	INF
39248	INF
39249	INF
39250	INF
39251	INF
39252	INF
39253	INF
39254	INF
39255	INF
39256	INF
39257	INF
39258	INF
39259	INF
39260	INF
39261	INF
39262	INF
39263	INF
39264	INF
39265	INF
39266	INF
39267	INF
39268	INF
39269	INF
39270	INF
39271	INF
39272	INF
39273	INF
39274	INF
39275	INF
39276	INF
39277	INF
39278	INF
39279	INF
39280	INF
39281	INF
39282	INF
39283	INF
39284	INF
39285	INF
39286	INF
39287	INF
39288	INF
39289	INF
39290	INF
39291	INF
39292	INF
39293	INF
39294	INF
39295	INF
39296	INF
39297	INF
39298	INF
39299	INF
39300	INF
39301	INF
39302	INF
39303	INF
39304	INF
39305	INF
39306	INF
39307	INF
39308	INF
39309	INF
39310	INF
39311	INF
39312	INF
39313	INF
39314	INF
39315	INF
39316	INF
39317	INF
39318	INF
39319	INF
39320	INF
39321	INF
39322	INF
39323	INF
39324	INF
39325	INF
39326	INF
39327	INF
39328	INF
39329	INF
39330	INF
39331	INF
39332	INF
39333	INF
39334	INF
39335	INF
39336	INF
39337	INF
39338	INF
39339	INF
39340	INF
39341	INF
39342	INF
39343	INF
39344	INF
39345	INF
39346	INF
39347	INF
39348	INF
39349	INF
39350	INF
39351	INF
39352	INF
39353	INF
39354	INF
39355	INF
39356	INF
39357	INF
39358	INF
39359	INF
39360	INF
39361	INF
39362	INF
39363	INF
39364	INF
39365	INF
39366	INF
39367	INF
39368	INF
39369	INF
39370	INF
39371	INF
39372	INF
39373	INF
39374	INF
39375	INF
39376	INF
39377	INF
39378	INF
39379	INF
39380	INF
39381	INF
39382	INF
39383	INF
39384	INF
39385	INF
39386	INF
39387	INF
39388	INF
39389	INF
39390	INF
39391	INF
39392	INF
39393	INF
39394	INF
39395	INF
39396	INF
39397	INF
39398	INF
39399	INF
39400	INF
39401	INF
39402	INF
39403	INF
39404	INF
39405	INF
39406	INF
39407	INF
39408	INF
39409	INF
39410	INF
39411	INF
39412	INF
39413	INF
39414	INF
39415	INF
39416	INF
39417	INF
39418	INF
39419	INF
39420	INF
39421	INF
39422	INF
39423	INF
39424	INF
39425	INF
39426	INF
39427	INF
39428	INF
39429	INF
39430	INF
39431	INF
39432	INF
39433	INF
39434	INF
39435	INF
39436	INF
39437	INF
39438	INF
39439	INF
39440	INF
39441	INF
39442	INF
39443	INF
39444	INF
39445	INF
39446	INF
39447	INF
39448	INF
39449	INF
39450	INF
39451	INF
39452	INF
39453	INF
39454	INF
39455	INF
39456	INF
39457	INF
39458	INF
39459	INF
39460	INF
39461	INF
39462	INF
39463	INF
39464	INF
39465	INF
39466	INF
39467	INF
39468	INF
39469	INF
39470	INF
39471	INF
39472	INF
39473	INF
39474	INF
39475	INF
39476	INF
39477	INF
39478	INF
39479	INF
39480	INF
39481	INF
39482	INF
39483	INF
39484	INF
39485	INF
39486	INF
39487	INF
39488	INF
39489	INF
39490	INF
39491	INF
39492	INF
39493	INF
39494	INF
39495	INF
39496	INF
39497	INF
39498	INF
39499	INF
39500	INF
39501	INF
39502	INF
39503	INF
39504	INF
39505	INF
39506	INF
39507	INF
39508	INF
39509	INF
39510	INF
39511	INF
39512	INF
39513	INF
39514	INF
39515	INF
39516	INF
39517	INF
39518	INF
39519	INF
39520	INF
39521	INF
39522	INF
39523	INF
39524	INF
39525	INF
39526	INF
39527	INF
39528	INF
39529	INF
39530	INF
39531	INF
39532	INF
39533	INF
39534	INF
39535	INF
39536	INF
39537	INF
39538	INF
39539	INF
39540	INF
39541	INF
39542	INF
39543	INF
39544	INF
39545	INF
39546	INF
39547	INF
39548	INF
39549	INF
39550	INF
39551	INF
39552	INF
39553	INF
39554	INF
39555	INF
39556	INF
39557	INF
39558	INF
39559	INF
39560	INF
39561	INF
39562	INF
39563	INF
39564	INF
39565	INF
39566	INF
39567	INF
39568	INF
39569	INF
39570	INF
39571	INF
39572	INF
39573	INF
39574	INF
39575	INF
39576	INF
39577	INF
39578	INF
39579	INF
39580	INF
39581	INF
39582	INF
39583	INF
39584	INF
39585	INF
39586	INF
39587	INF
39588	INF
39589	INF
39590	INF
39591	INF
39592	INF
39593	INF
39594	INF
39595	INF
39596	INF
39597	INF
39598	INF
39599	INF
39600	INF
39601	INF
39602	INF
39603	INF
39604	INF
39605	INF
39606	INF
39607	INF
39608	INF
39609	INF
39610	INF
39611	INF
39612	INF
39613	INF
39614	INF
39615	INF
39616	INF
39617	INF
39618	INF
39619	INF
39620	INF
39621	INF
39622	INF
39623	INF
39624	INF
39625	INF
39626	INF
39627	INF
39628	INF
39629	INF
39630	INF
39631	INF
39632	INF
39633	INF
39634	INF
39635	INF
39636	INF
39637	INF
39638	INF
39639	INF
39640	INF
39641	INF
39642	INF
39643	INF
39644	INF
39645	INF
39646	INF
39647	INF
39648	INF
39649	INF
39650	INF
39651	INF
39652	INF
39653	INF
39654	INF
39655	INF
39656	INF
39657	INF
39658	INF
39659	INF
39660	INF
39661	INF
39662	INF
39663	INF
39664	INF
39665	INF
39666	INF
39667	INF
39668	INF
39669	INF
39670	INF
39671	INF
39672	INF
39673	INF
39674	INF
39675	INF
39676	INF
39677	INF
39678	INF
39679	INF
39680	INF
39681	INF
39682	INF
39683	INF
39684	INF
39685	INF
39686	INF
39687	INF
39688	INF
39689	INF
39690	INF
39691	INF
39692	INF
39693	INF
39694	INF
39695	INF
39696	INF
39697	INF
39698	INF
39699	INF
39700	INF
39701	INF
39702	INF
39703	INF
39704	INF
39705	INF
39706	INF
39707	INF
39708	INF
39709	INF
39710	INF
39711	INF
39712	INF
39713	INF
39714	INF
39715	INF
39716	INF
39717	INF
39718	INF
39719	INF
39720	INF
39721	INF
39722	INF
39723	INF
39724	INF
39725	INF
39726	INF
39727	INF
39728	INF
39729	INF
39730	INF
39731	INF
39732	INF
39733	INF
39734	INF
39735	INF
39736	INF
39737	INF
39738	INF
39739	INF
39740	INF
39741	INF
39742	INF
39743	INF
39744	INF
39745	INF
39746	INF
39747	INF
39748	INF
39749	INF
39750	INF
39751	INF
39752	INF
39753	INF
39754	INF
39755	INF
39756	INF
39757	INF
39758	INF
39759	INF
39760	INF
39761	INF
39762	INF
39763	INF
39764	INF
39765	INF
39766	INF
39767	INF
39768	INF
39769	INF
39770	INF
39771	INF
39772	INF
39773	INF
39774	INF
39775	INF
39776	INF
39777	INF
39778	INF
39779	INF
39780	INF
39781	INF
39782	INF
39783	INF
39784	INF
39785	INF
39786	INF
39787	INF
39788	INF
39789	INF
39790	INF
39791	INF
39792	INF
39793	INF
39794	INF
39795	INF
39796	INF
39797	INF
39798	INF
39799	INF
39800	INF
39801	INF
39802	INF
39803	INF
39804	INF
39805	INF
39806	INF
39807	INF
39808	INF
39809	INF
39810	INF
39811	INF
39812	INF
39813	INF
39814	INF
39815	INF
39816	INF
39817	INF
39818	INF
39819	INF
39820	INF
39821	INF
39822	INF
39823	INF
39824	INF
39825	INF
39826	INF
39827	INF
39828	INF
39829	INF
39830	INF
39831	INF
39832	INF
39833	INF
39834	INF
39835	INF
39836	INF
39837	INF
39838	INF
39839	INF
39840	INF
39841	INF
39842	INF
39843	INF
39844	INF
39845	INF
39846	INF
39847	INF
39848	INF
39849	INF
39850	INF
39851	INF
39852	INF
39853	INF
39854	INF
39855	INF
39856	INF
39857	INF
39858	INF
39859	INF
39860	INF
39861	INF
39862	INF
39863	INF
39864	INF
39865	INF
39866	INF
39867	INF
39868	INF
39869	INF
39870	INF
39871	INF
39872	INF
39873	INF
39874	INF
39875	INF
39876	INF
39877	INF
39878	INF
39879	INF
39880	INF
39881	INF
39882	INF
39883	INF
39884	INF
39885	INF
39886	INF
39887	INF
39888	INF
39889	INF
39890	INF
39891	INF
39892	INF
39893	INF
39894	INF
39895	INF
39896	INF
39897	INF
39898	INF
39899	INF
39900	INF
39901	INF
39902	INF
39903	INF
39904	INF
39905	INF
39906	INF
39907	INF
39908	INF
39909	INF
39910	INF
39911	INF
39912	INF
39913	INF
39914	INF
39915	INF
39916	INF
39917	INF
39918	INF
39919	INF
39920	INF
39921	INF
39922	INF
39923	INF
39924	INF
39925	INF
39926	INF
39927	INF
39928	INF
39929	INF
39930	INF
39931	INF
39932	INF
39933	INF
39934	INF
39935	INF
39936	INF
39937	INF
39938	INF
39939	INF
39940	INF
39941	INF
39942	INF
39943	INF
39944	INF
39945	INF
39946	INF
39947	INF
39948	INF
39949	INF
39950	INF
39951	INF
39952	INF
39953	INF
39954	INF
39955	INF
39956	INF
39957	INF
39958	INF
39959	INF
39960	INF
39961	INF
39962	INF
39963	INF
39964	INF
39965	INF
39966	INF
39967	INF
39968	INF
39969	INF
39970	INF
39971	INF
39972	INF
39973	INF
39974	INF
39975	INF
39976	INF
39977	INF
39978	INF
39979	INF
39980	INF
39981	INF
39982	INF
39983	INF
39984	INF
39985	INF
39986	INF
39987	INF
39988	INF
39989	INF
39990	INF
39991	INF
39992	INF
39993	INF
39994	INF
39995	INF
39996	INF
39997	INF
39998	INF
39999	INF
40000	INF
40001	INF
40002	INF
40003	INF
40004	INF
40005	INF
40006	INF
40007	INF
40008	INF
40009	INF
40010	INF
40011	INF
40012	INF
40013	INF
40014	INF
40015	INF
40016	INF
40017	INF
40018	INF
40019	INF
40020	INF
40021	INF
40022	INF
40023	INF
40024	INF
40025	INF
40026	INF
40027	INF
40028	INF
40029	INF
40030	INF
40031	INF
40032	INF
40033	INF
40034	INF
40035	INF
40036	INF
40037	INF
40038	INF
40039	INF
40040	INF
40041	INF
40042	INF
40043	INF
40044	INF
40045	INF
40046	INF
40047	INF
40048	INF
40049	INF
40050	INF
40051	INF
40052	INF
40053	INF
40054	INF
40055	INF
40056	INF
40057	INF
40058	INF
40059	INF
40060	INF
40061	INF
40062	INF
40063	INF
40064	INF
40065	INF
40066	INF
40067	INF
40068	INF
40069	INF
40070	INF
40071	INF
40072	INF
40073	INF
40074	INF
40075	INF
40076	INF
40077	INF
40078	INF
40079	INF
40080	INF
40081	INF
40082	INF
40083	INF
40084	INF
40085	INF
40086	INF
40087	INF
40088	INF
40089	INF
40090	INF
40091	INF
40092	INF
40093	INF
40094	INF
40095	INF
40096	INF
40097	INF
40098	INF
40099	INF
40100	INF
40101	INF
40102	INF
40103	INF
40104	INF
40105	INF
40106	INF
40107	INF
40108	INF
40109	INF
40110	INF
40111	INF
40112	INF
40113	INF
40114	INF
40115	INF
40116	INF
40117	INF
40118	INF
40119	INF
40120	INF
40121	INF
40122	INF
40123	INF
40124	INF
40125	INF
40126	INF
40127	INF
40128	INF
40129	INF
40130	INF
40131	INF
40132	INF
40133	INF
40134	INF
40135	INF
40136	INF
40137	INF
40138	INF
40139	INF
40140	INF
40141	INF
40142	INF
40143	INF
40144	INF
40145	INF
40146	INF
40147	INF
40148	INF
40149	INF
40150	INF
40151	INF
40152	INF
40153	INF
40154	INF
40155	INF
40156	INF
40157	INF
40158	INF
40159	INF
40160	INF
40161	INF
40162	INF
40163	INF
40164	INF
40165	INF
40166	INF
40167	INF
40168	INF
40169	INF
40170	INF
40171	INF
40172	INF
40173	INF
40174	INF
40175	INF
40176	INF
40177	INF
40178	INF
40179	INF
40180	INF
40181	INF
40182	INF
40183	INF
40184	INF
40185	INF
40186	INF
40187	INF
40188	INF
40189	INF
40190	INF
40191	INF
40192	INF
40193	INF
40194	INF
40195	INF
40196	INF
40197	INF
40198	INF
40199	INF
40200	INF
40201	INF
40202	INF
40203	INF
40204	INF
40205	INF
40206	INF
40207	INF
40208	INF
40209	INF
40210	INF
40211	INF
40212	INF
40213	INF
40214	INF
40215	INF
40216	INF
40217	INF
40218	INF
40219	INF
40220	INF
40221	INF
40222	INF
40223	INF
40224	INF
40225	INF
40226	INF
40227	INF
40228	INF
40229	INF
40230	INF
40231	INF
40232	INF
40233	INF
40234	INF
40235	INF
40236	INF
40237	INF
40238	INF
40239	INF
40240	INF
40241	INF
40242	INF
40243	INF
40244	INF
40245	INF
40246	INF
40247	INF
40248	INF
40249	INF
40250	INF
40251	INF
40252	INF
40253	INF
40254	INF
40255	INF
40256	INF
40257	INF
40258	INF
40259	INF
40260	INF
40261	INF
40262	INF
40263	INF
40264	INF
40265	INF
40266	INF
40267	INF
40268	INF
40269	INF
40270	INF
40271	INF
40272	INF
40273	INF
40274	INF
40275	INF
40276	INF
40277	INF
40278	INF
40279	INF
40280	INF
40281	INF
40282	INF
40283	INF
40284	INF
40285	INF
40286	INF
40287	INF
40288	INF
40289	INF
40290	INF
40291	INF
40292	INF
40293	INF
40294	INF
40295	INF
40296	INF
40297	INF
40298	INF
40299	INF
40300	INF
40301	INF
40302	INF
40303	INF
40304	INF
40305	INF
40306	INF
40307	INF
40308	INF
40309	INF
40310	INF
40311	INF
40312	INF
40313	INF
40314	INF
40315	INF
40316	INF
40317	INF
40318	INF
40319	INF
40320	INF
40321	INF
40322	INF
40323	INF
40324	INF
40325	INF
40326	INF
40327	INF
40328	INF
40329	INF
40330	INF
40331	INF
40332	INF
40333	INF
40334	INF
40335	INF
40336	INF
40337	INF
40338	INF
40339	INF
40340	INF
40341	INF
40342	INF
40343	INF
40344	INF
40345	INF
40346	INF
40347	INF
40348	INF
40349	INF
40350	INF
40351	INF
40352	INF
40353	INF
40354	INF
40355	INF
40356	INF
40357	INF
40358	INF
40359	INF
40360	INF
40361	INF
40362	INF
40363	INF
40364	INF
40365	INF
40366	INF
40367	INF
40368	INF
40369	INF
40370	INF
40371	INF
40372	INF
40373	INF
40374	INF
40375	INF
40376	INF
40377	INF
40378	INF
40379	INF
40380	INF
40381	INF
40382	INF
40383	INF
40384	INF
40385	INF
40386	INF
40387	INF
40388	INF
40389	INF
40390	INF
40391	INF
40392	INF
40393	INF
40394	INF
40395	INF
40396	INF
40397	INF
40398	INF
40399	INF
40400	INF
40401	INF
40402	INF
40403	INF
40404	INF
40405	INF
40406	INF
40407	INF
40408	INF
40409	INF
40410	INF
40411	INF
40412	INF
40413	INF
40414	INF
40415	INF
40416	INF
40417	INF
40418	INF
40419	INF
40420	INF
40421	INF
40422	INF
40423	INF
40424	INF
40425	INF
40426	INF
40427	INF
40428	INF
40429	INF
40430	INF
40431	INF
40432	INF
40433	INF
40434	INF
40435	INF
40436	INF
40437	INF
40438	INF
40439	INF
40440	INF
40441	INF
40442	INF
40443	INF
40444	INF
40445	INF
40446	INF
40447	INF
40448	INF
40449	INF
40450	INF
40451	INF
40452	INF
40453	INF
40454	INF
40455	INF
40456	INF
40457	INF
40458	INF
40459	INF
40460	INF
40461	INF
40462	INF
40463	INF
40464	INF
40465	INF
40466	INF
40467	INF
40468	INF
40469	INF
40470	INF
40471	INF
40472	INF
40473	INF
40474	INF
40475	INF
40476	INF
40477	INF
40478	INF
40479	INF
40480	INF
40481	INF
40482	INF
40483	INF
40484	INF
40485	INF
40486	INF
40487	INF
40488	INF
40489	INF
40490	INF
40491	INF
40492	INF
40493	INF
40494	INF
40495	INF
40496	INF
40497	INF
40498	INF
40499	INF
40500	INF
40501	INF
40502	INF
40503	INF
40504	INF
40505	INF
40506	INF
40507	INF
40508	INF
40509	INF
40510	INF
40511	INF
40512	INF
40513	INF
40514	INF
40515	INF
40516	INF
40517	INF
40518	INF
40519	INF
40520	INF
40521	INF
40522	INF
40523	INF
40524	INF
40525	INF
40526	INF
40527	INF
40528	INF
40529	INF
40530	INF
40531	INF
40532	INF
40533	INF
40534	INF
40535	INF
40536	INF
40537	INF
40538	INF
40539	INF
40540	INF
40541	INF
40542	INF
40543	INF
40544	INF
40545	INF
40546	INF
40547	INF
40548	INF
40549	INF
40550	INF
40551	INF
40552	INF
40553	INF
40554	INF
40555	INF
40556	INF
40557	INF
40558	INF
40559	INF
40560	INF
40561	INF
40562	INF
40563	INF
40564	INF
40565	INF
40566	INF
40567	INF
40568	INF
40569	INF
40570	INF
40571	INF
40572	INF
40573	INF
40574	INF
40575	INF
40576	INF
40577	INF
40578	INF
40579	INF
40580	INF
40581	INF
40582	INF
40583	INF
40584	INF
40585	INF
40586	INF
40587	INF
40588	INF
40589	INF
40590	INF
40591	INF
40592	INF
40593	INF
40594	INF
40595	INF
40596	INF
40597	INF
40598	INF
40599	INF
40600	INF
40601	INF
40602	INF
40603	INF
40604	INF
40605	INF
40606	INF
40607	INF
40608	INF
40609	INF
40610	INF
40611	INF
40612	INF
40613	INF
40614	INF
40615	INF
40616	INF
40617	INF
40618	INF
40619	INF
40620	INF
40621	INF
40622	INF
40623	INF
40624	INF
40625	INF
40626	INF
40627	INF
40628	INF
40629	INF
40630	INF
40631	INF
40632	INF
40633	INF
40634	INF
40635	INF
40636	INF
40637	INF
40638	INF
40639	INF
40640	INF
40641	INF
40642	INF
40643	INF
40644	INF
40645	INF
40646	INF
40647	INF
40648	INF
40649	INF
40650	INF
40651	INF
40652	INF
40653	INF
40654	INF
40655	INF
40656	INF
40657	INF
40658	INF
40659	INF
40660	INF
40661	INF
40662	INF
40663	INF
40664	INF
40665	INF
40666	INF
40667	INF
40668	INF
40669	INF
40670	INF
40671	INF
40672	INF
40673	INF
40674	INF
40675	INF
40676	INF
40677	INF
40678	INF
40679	INF
40680	INF
40681	INF
40682	INF
40683	INF
40684	INF
40685	INF
40686	INF
40687	INF
40688	INF
40689	INF
40690	INF
40691	INF
40692	INF
40693	INF
40694	INF
40695	INF
40696	INF
40697	INF
40698	INF
40699	INF
40700	INF
40701	INF
40702	INF
40703	INF
40704	INF
40705	INF
40706	INF
40707	INF
40708	INF
40709	INF
40710	INF
40711	INF
40712	INF
40713	INF
40714	INF
40715	INF
40716	INF
40717	INF
40718	INF
40719	INF
40720	INF
40721	INF
40722	INF
40723	INF
40724	INF
40725	INF
40726	INF
40727	INF
40728	INF
40729	INF
40730	INF
40731	INF
40732	INF
40733	INF
40734	INF
40735	INF
40736	INF
40737	INF
40738	INF
40739	INF
40740	INF
40741	INF
40742	INF
40743	INF
40744	INF
40745	INF
40746	INF
40747	INF
40748	INF
40749	INF
40750	INF
40751	INF
40752	INF
40753	INF
40754	INF
40755	INF
40756	INF
40757	INF
40758	INF
40759	INF
40760	INF
40761	INF
40762	INF
40763	INF
40764	INF
40765	INF
40766	INF
40767	INF
40768	INF
40769	INF
40770	INF
40771	INF
40772	INF
40773	INF
40774	INF
40775	INF
40776	INF
40777	INF
40778	INF
40779	INF
40780	INF
40781	INF
40782	INF
40783	INF
40784	INF
40785	INF
40786	INF
40787	INF
40788	INF
40789	INF
40790	INF
40791	INF
40792	INF
40793	INF
40794	INF
40795	INF
40796	INF
40797	INF
40798	INF
40799	INF
40800	INF
40801	INF
40802	INF
40803	INF
40804	INF
40805	INF
40806	INF
40807	INF
40808	INF
40809	INF
40810	INF
40811	INF
40812	INF
40813	INF
40814	INF
40815	INF
40816	INF
40817	INF
40818	INF
40819	INF
40820	INF
40821	INF
40822	INF
40823	INF
40824	INF
40825	INF
40826	INF
40827	INF
40828	INF
40829	INF
40830	INF
40831	INF
40832	INF
40833	INF
40834	INF
40835	INF
40836	INF
40837	INF
40838	INF
40839	INF
40840	INF
40841	INF
40842	INF
40843	INF
40844	INF
40845	INF
40846	INF
40847	INF
40848	INF
40849	INF
40850	INF
40851	INF
40852	INF
40853	INF
40854	INF
40855	INF
40856	INF
40857	INF
40858	INF
40859	INF
40860	INF
40861	INF
40862	INF
40863	INF
40864	INF
40865	INF
40866	INF
40867	INF
40868	INF
40869	INF
40870	INF
40871	INF
40872	INF
40873	INF
40874	INF
40875	INF
40876	INF
40877	INF
40878	INF
40879	INF
40880	INF
40881	INF
40882	INF
40883	INF
40884	INF
40885	INF
40886	INF
40887	INF
40888	INF
40889	INF
40890	INF
40891	INF
40892	INF
40893	INF
40894	INF
40895	INF
40896	INF
40897	INF
40898	INF
40899	INF
40900	INF
40901	INF
40902	INF
40903	INF
40904	INF
40905	INF
40906	INF
40907	INF
40908	INF
40909	INF
40910	INF
40911	INF
40912	INF
40913	INF
40914	INF
40915	INF
40916	INF
40917	INF
40918	INF
40919	INF
40920	INF
40921	INF
40922	INF
40923	INF
40924	INF
40925	INF
40926	INF
40927	INF
40928	INF
40929	INF
40930	INF
40931	INF
40932	INF
40933	INF
40934	INF
40935	INF
40936	INF
40937	INF
40938	INF
40939	INF
40940	INF
40941	INF
40942	INF
40943	INF
40944	INF
40945	INF
40946	INF
40947	INF
40948	INF
40949	INF
40950	INF
40951	INF
40952	INF
40953	INF
40954	INF
40955	INF
40956	INF
40957	INF
40958	INF
40959	INF
40960	INF
40961	INF
40962	INF
40963	INF
40964	INF
40965	INF
40966	INF
40967	INF
40968	INF
40969	INF
40970	INF
40971	INF
40972	INF
40973	INF
40974	INF
40975	INF
40976	INF
40977	INF
40978	INF
40979	INF
40980	INF
40981	INF
40982	INF
40983	INF
40984	INF
40985	INF
40986	INF
40987	INF
40988	INF
40989	INF
40990	INF
40991	INF
40992	INF
40993	INF
40994	INF
40995	INF
40996	INF
40997	INF
40998	INF
40999	INF
41000	INF
41001	INF
41002	INF
41003	INF
41004	INF
41005	INF
41006	INF
41007	INF
41008	INF
41009	INF
41010	INF
41011	INF
41012	INF
41013	INF
41014	INF
41015	INF
41016	INF
41017	INF
41018	INF
41019	INF
41020	INF
41021	INF
41022	INF
41023	INF
41024	INF
41025	INF
41026	INF
41027	INF
41028	INF
41029	INF
41030	INF
41031	INF
41032	INF
41033	INF
41034	INF
41035	INF
41036	INF
41037	INF
41038	INF
41039	INF
41040	INF
41041	INF
41042	INF
41043	INF
41044	INF
41045	INF
41046	INF
41047	INF
41048	INF
41049	INF
41050	INF
41051	INF
41052	INF
41053	INF
41054	INF
41055	INF
41056	INF
41057	INF
41058	INF
41059	INF
41060	INF
41061	INF
41062	INF
41063	INF
41064	INF
41065	INF
41066	INF
41067	INF
41068	INF
41069	INF
41070	INF
41071	INF
41072	INF
41073	INF
41074	INF
41075	INF
41076	INF
41077	INF
41078	INF
41079	INF
41080	INF
41081	INF
41082	INF
41083	INF
41084	INF
41085	INF
41086	INF
41087	INF
41088	INF
41089	INF
41090	INF
41091	INF
41092	INF
41093	INF
41094	INF
41095	INF
41096	INF
41097	INF
41098	INF
41099	INF
41100	INF
41101	INF
41102	INF
41103	INF
41104	INF
41105	INF
41106	INF
41107	INF
41108	INF
41109	INF
41110	INF
41111	INF
41112	INF
41113	INF
41114	INF
41115	INF
41116	INF
41117	INF
41118	INF
41119	INF
41120	INF
41121	INF
41122	INF
41123	INF
41124	INF
41125	INF
41126	INF
41127	INF
41128	INF
41129	INF
41130	INF
41131	INF
41132	INF
41133	INF
41134	INF
41135	INF
41136	INF
41137	INF
41138	INF
41139	INF
41140	INF
41141	INF
41142	INF
41143	INF
41144	INF
41145	INF
41146	INF
41147	INF
41148	INF
41149	INF
41150	INF
41151	INF
41152	INF
41153	INF
41154	INF
41155	INF
41156	INF
41157	INF
41158	INF
41159	INF
41160	INF
41161	INF
41162	INF
41163	INF
41164	INF
41165	INF
41166	INF
41167	INF
41168	INF
41169	INF
41170	INF
41171	INF
41172	INF
41173	INF
41174	INF
41175	INF
41176	INF
41177	INF
41178	INF
41179	INF
41180	INF
41181	INF
41182	INF
41183	INF
41184	INF
41185	INF
41186	INF
41187	INF
41188	INF
41189	INF
41190	INF
41191	INF
41192	INF
41193	INF
41194	INF
41195	INF
41196	INF
41197	INF
41198	INF
41199	INF
41200	INF
41201	INF
41202	INF
41203	INF
41204	INF
41205	INF
41206	INF
41207	INF
41208	INF
41209	INF
41210	INF
41211	INF
41212	INF
41213	INF
41214	INF
41215	INF
41216	INF
41217	INF
41218	INF
41219	INF
41220	INF
41221	INF
41222	INF
41223	INF
41224	INF
41225	INF
41226	INF
41227	INF
41228	INF
41229	INF
41230	INF
41231	INF
41232	INF
41233	INF
41234	INF
41235	INF
41236	INF
41237	INF
41238	INF
41239	INF
41240	INF
41241	INF
41242	INF
41243	INF
41244	INF
41245	INF
41246	INF
41247	INF
41248	INF
41249	INF
41250	INF
41251	INF
41252	INF
41253	INF
41254	INF
41255	INF
41256	INF
41257	INF
41258	INF
41259	INF
41260	INF
41261	INF
41262	INF
41263	INF
41264	INF
41265	INF
41266	INF
41267	INF
41268	INF
41269	INF
41270	INF
41271	INF
41272	INF
41273	INF
41274	INF
41275	INF
41276	INF
41277	INF
41278	INF
41279	INF
41280	INF
41281	INF
41282	INF
41283	INF
41284	INF
41285	INF
41286	INF
41287	INF
41288	INF
41289	INF
41290	INF
41291	INF
41292	INF
41293	INF
41294	INF
41295	INF
41296	INF
41297	INF
41298	INF
41299	INF
41300	INF
41301	INF
41302	INF
41303	INF
41304	INF
41305	INF
41306	INF
41307	INF
41308	INF
41309	INF
41310	INF
41311	INF
41312	INF
41313	INF
41314	INF
41315	INF
41316	INF
41317	INF
41318	INF
41319	INF
41320	INF
41321	INF
41322	INF
41323	INF
41324	INF
41325	INF
41326	INF
41327	INF
41328	INF
41329	INF
41330	INF
41331	INF
41332	INF
41333	INF
41334	INF
41335	INF
41336	INF
41337	INF
41338	INF
41339	INF
41340	INF
41341	INF
41342	INF
41343	INF
41344	INF
41345	INF
41346	INF
41347	INF
41348	INF
41349	INF
41350	INF
41351	INF
41352	INF
41353	INF
41354	INF
41355	INF
41356	INF
41357	INF
41358	INF
41359	INF
41360	INF
41361	INF
41362	INF
41363	INF
41364	INF
41365	INF
41366	INF
41367	INF
41368	INF
41369	INF
41370	INF
41371	INF
41372	INF
41373	INF
41374	INF
41375	INF
41376	INF
41377	INF
41378	INF
41379	INF
41380	INF
41381	INF
41382	INF
41383	INF
41384	INF
41385	INF
41386	INF
41387	INF
41388	INF
41389	INF
41390	INF
41391	INF
41392	INF
41393	INF
41394	INF
41395	INF
41396	INF
41397	INF
41398	INF
41399	INF
41400	INF
41401	INF
41402	INF
41403	INF
41404	INF
41405	INF
41406	INF
41407	INF
41408	INF
41409	INF
41410	INF
41411	INF
41412	INF
41413	INF
41414	INF
41415	INF
41416	INF
41417	INF
41418	INF
41419	INF
41420	INF
41421	INF
41422	INF
41423	INF
41424	INF
41425	INF
41426	INF
41427	INF
41428	INF
41429	INF
41430	INF
41431	INF
41432	INF
41433	INF
41434	INF
41435	INF
41436	INF
41437	INF
41438	INF
41439	INF
41440	INF
41441	INF
41442	INF
41443	INF
41444	INF
41445	INF
41446	INF
41447	INF
41448	INF
41449	INF
41450	INF
41451	INF
41452	INF
41453	INF
41454	INF
41455	INF
41456	INF
41457	INF
41458	INF
41459	INF
41460	INF
41461	INF
41462	INF
41463	INF
41464	INF
41465	INF
41466	INF
41467	INF
41468	INF
41469	INF
41470	INF
41471	INF
41472	INF
41473	INF
41474	INF
41475	INF
41476	INF
41477	INF
41478	INF
41479	INF
41480	INF
41481	INF
41482	INF
41483	INF
41484	INF
41485	INF
41486	INF
41487	INF
41488	INF
41489	INF
41490	INF
41491	INF
41492	INF
41493	INF
41494	INF
41495	INF
41496	INF
41497	INF
41498	INF
41499	INF
41500	INF
41501	INF
41502	INF
41503	INF
41504	INF
41505	INF
41506	INF
41507	INF
41508	INF
41509	INF
41510	INF
41511	INF
41512	INF
41513	INF
41514	INF
41515	INF
41516	INF
41517	INF
41518	INF
41519	INF
41520	INF
41521	INF
41522	INF
41523	INF
41524	INF
41525	INF
41526	INF
41527	INF
41528	INF
41529	INF
41530	INF
41531	INF
41532	INF
41533	INF
41534	INF
41535	INF
41536	INF
41537	INF
41538	INF
41539	INF
41540	INF
41541	INF
41542	INF
41543	INF
41544	INF
41545	INF
41546	INF
41547	INF
41548	INF
41549	INF
41550	INF
41551	INF
41552	INF
41553	INF
41554	INF
41555	INF
41556	INF
41557	INF
41558	INF
41559	INF
41560	INF
41561	INF
41562	INF
41563	INF
41564	INF
41565	INF
41566	INF
41567	INF
41568	INF
41569	INF
41570	INF
41571	INF
41572	INF
41573	INF
41574	INF
41575	INF
41576	INF
41577	INF
41578	INF
41579	INF
41580	INF
41581	INF
41582	INF
41583	INF
41584	INF
41585	INF
41586	INF
41587	INF
41588	INF
41589	INF
41590	INF
41591	INF
41592	INF
41593	INF
41594	INF
41595	INF
41596	INF
41597	INF
41598	INF
41599	INF
41600	INF
41601	INF
41602	INF
41603	INF
41604	INF
41605	INF
41606	INF
41607	INF
41608	INF
41609	INF
41610	INF
41611	INF
41612	INF
41613	INF
41614	INF
41615	INF
41616	INF
41617	INF
41618	INF
41619	INF
41620	INF
41621	INF
41622	INF
41623	INF
41624	INF
41625	INF
41626	INF
41627	INF
41628	INF
41629	INF
41630	INF
41631	INF
41632	INF
41633	INF
41634	INF
41635	INF
41636	INF
41637	INF
41638	INF
41639	INF
41640	INF
41641	INF
41642	INF
41643	INF
41644	INF
41645	INF
41646	INF
41647	INF
41648	INF
41649	INF
41650	INF
41651	INF
41652	INF
41653	INF
41654	INF
41655	INF
41656	INF
41657	INF
41658	INF
41659	INF
41660	INF
41661	INF
41662	INF
41663	INF
41664	INF
41665	INF
41666	INF
41667	INF
41668	INF
41669	INF
41670	INF
41671	INF
41672	INF
41673	INF
41674	INF
41675	INF
41676	INF
41677	INF
41678	INF
41679	INF
41680	INF
41681	INF
41682	INF
41683	INF
41684	INF
41685	INF
41686	INF
41687	INF
41688	INF
41689	INF
41690	INF
41691	INF
41692	INF
41693	INF
41694	INF
41695	INF
41696	INF
41697	INF
41698	INF
41699	INF
41700	INF
41701	INF
41702	INF
41703	INF
41704	INF
41705	INF
41706	INF
41707	INF
41708	INF
41709	INF
41710	INF
41711	INF
41712	INF
41713	INF
41714	INF
41715	INF
41716	INF
41717	INF
41718	INF
41719	INF
41720	INF
41721	INF
41722	INF
41723	INF
41724	INF
41725	INF
41726	INF
41727	INF
41728	INF
41729	INF
41730	INF
41731	INF
41732	INF
41733	INF
41734	INF
41735	INF
41736	INF
41737	INF
41738	INF
41739	INF
41740	INF
41741	INF
41742	INF
41743	INF
41744	INF
41745	INF
41746	INF
41747	INF
41748	INF
41749	INF
41750	INF
41751	INF
41752	INF
41753	INF
41754	INF
41755	INF
41756	INF
41757	INF
41758	INF
41759	INF
41760	INF
41761	INF
41762	INF
41763	INF
41764	INF
41765	INF
41766	INF
41767	INF
41768	INF
41769	INF
41770	INF
41771	INF
41772	INF
41773	INF
41774	INF
41775	INF
41776	INF
41777	INF
41778	INF
41779	INF
41780	INF
41781	INF
41782	INF
41783	INF
41784	INF
41785	INF
41786	INF
41787	INF
41788	INF
41789	INF
41790	INF
41791	INF
41792	INF
41793	INF
41794	INF
41795	INF
41796	INF
41797	INF
41798	INF
41799	INF
41800	INF
41801	INF
41802	INF
41803	INF
41804	INF
41805	INF
41806	INF
41807	INF
41808	INF
41809	INF
41810	INF
41811	INF
41812	INF
41813	INF
41814	INF
41815	INF
41816	INF
41817	INF
41818	INF
41819	INF
41820	INF
41821	INF
41822	INF
41823	INF
41824	INF
41825	INF
41826	INF
41827	INF
41828	INF
41829	INF
41830	INF
41831	INF
41832	INF
41833	INF
41834	INF
41835	INF
41836	INF
41837	INF
41838	INF
41839	INF
41840	INF
41841	INF
41842	INF
41843	INF
41844	INF
41845	INF
41846	INF
41847	INF
41848	INF
41849	INF
41850	INF
41851	INF
41852	INF
41853	INF
41854	INF
41855	INF
41856	INF
41857	INF
41858	INF
41859	INF
41860	INF
41861	INF
41862	INF
41863	INF
41864	INF
41865	INF
41866	INF
41867	INF
41868	INF
41869	INF
41870	INF
41871	INF
41872	INF
41873	INF
41874	INF
41875	INF
41876	INF
41877	INF
41878	INF
41879	INF
41880	INF
41881	INF
41882	INF
41883	INF
41884	INF
41885	INF
41886	INF
41887	INF
41888	INF
41889	INF
41890	INF
41891	INF
41892	INF
41893	INF
41894	INF
41895	INF
41896	INF
41897	INF
41898	INF
41899	INF
41900	INF
41901	INF
41902	INF
41903	INF
41904	INF
41905	INF
41906	INF
41907	INF
41908	INF
41909	INF
41910	INF
41911	INF
41912	INF
41913	INF
41914	INF
41915	INF
41916	INF
41917	INF
41918	INF
41919	INF
41920	INF
41921	INF
41922	INF
41923	INF
41924	INF
41925	INF
41926	INF
41927	INF
41928	INF
41929	INF
41930	INF
41931	INF
41932	INF
41933	INF
41934	INF
41935	INF
41936	INF
41937	INF
41938	INF
41939	INF
41940	INF
41941	INF
41942	INF
41943	INF
41944	INF
41945	INF
41946	INF
41947	INF
41948	INF
41949	INF
41950	INF
41951	INF
41952	INF
41953	INF
41954	INF
41955	INF
41956	INF
41957	INF
41958	INF
41959	INF
41960	INF
41961	INF
41962	INF
41963	INF
41964	INF
41965	INF
41966	INF
41967	INF
41968	INF
41969	INF
41970	INF
41971	INF
41972	INF
41973	INF
41974	INF
41975	INF
41976	INF
41977	INF
41978	INF
41979	INF
41980	INF
41981	INF
41982	INF
41983	INF
41984	INF
41985	INF
41986	INF
41987	INF
41988	INF
41989	INF
41990	INF
41991	INF
41992	INF
41993	INF
41994	INF
41995	INF
41996	INF
41997	INF
41998	INF
41999	INF
42000	INF
42001	INF
42002	INF
42003	INF
42004	INF
42005	INF
42006	INF
42007	INF
42008	INF
42009	INF
42010	INF
42011	INF
42012	INF
42013	INF
42014	INF
42015	INF
42016	INF
42017	INF
42018	INF
42019	INF
42020	INF
42021	INF
42022	INF
42023	INF
42024	INF
42025	INF
42026	INF
42027	INF
42028	INF
42029	INF
42030	INF
42031	INF
42032	INF
42033	INF
42034	INF
42035	INF
42036	INF
42037	INF
42038	INF
42039	INF
42040	INF
42041	INF
42042	INF
42043	INF
42044	INF
42045	INF
42046	INF
42047	INF
42048	INF
42049	INF
42050	INF
42051	INF
42052	INF
42053	INF
42054	INF
42055	INF
42056	INF
42057	INF
42058	INF
42059	INF
42060	INF
42061	INF
42062	INF
42063	INF
42064	INF
42065	INF
42066	INF
42067	INF
42068	INF
42069	INF
42070	INF
42071	INF
42072	INF
42073	INF
42074	INF
42075	INF
42076	INF
42077	INF
42078	INF
42079	INF
42080	INF
42081	INF
42082	INF
42083	INF
42084	INF
42085	INF
42086	INF
42087	INF
42088	INF
42089	INF
42090	INF
42091	INF
42092	INF
42093	INF
42094	INF
42095	INF
42096	INF
42097	INF
42098	INF
42099	INF
42100	INF
42101	INF
42102	INF
42103	INF
42104	INF
42105	INF
42106	INF
42107	INF
42108	INF
42109	INF
42110	INF
42111	INF
42112	INF
42113	INF
42114	INF
42115	INF
42116	INF
42117	INF
42118	INF
42119	INF
42120	INF
42121	INF
42122	INF
42123	INF
42124	INF
42125	INF
42126	INF
42127	INF
42128	INF
42129	INF
42130	INF
42131	INF
42132	INF
42133	INF
42134	INF
42135	INF
42136	INF
42137	INF
42138	INF
42139	INF
42140	INF
42141	INF
42142	INF
42143	INF
42144	INF
42145	INF
42146	INF
42147	INF
42148	INF
42149	INF
42150	INF
42151	INF
42152	INF
42153	INF
42154	INF
42155	INF
42156	INF
42157	INF
42158	INF
42159	INF
42160	INF
42161	INF
42162	INF
42163	INF
42164	INF
42165	INF
42166	INF
42167	INF
42168	INF
42169	INF
42170	INF
42171	INF
42172	INF
42173	INF
42174	INF
42175	INF
42176	INF
42177	INF
42178	INF
42179	INF
42180	INF
42181	INF
42182	INF
42183	INF
42184	INF
42185	INF
42186	INF
42187	INF
42188	INF
42189	INF
42190	INF
42191	INF
42192	INF
42193	INF
42194	INF
42195	INF
42196	INF
42197	INF
42198	INF
42199	INF
42200	INF
42201	INF
42202	INF
42203	INF
42204	INF
42205	INF
42206	INF
42207	INF
42208	INF
42209	INF
42210	INF
42211	INF
42212	INF
42213	INF
42214	INF
42215	INF
42216	INF
42217	INF
42218	INF
42219	INF
42220	INF
42221	INF
42222	INF
42223	INF
42224	INF
42225	INF
42226	INF
42227	INF
42228	INF
42229	INF
42230	INF
42231	INF
42232	INF
42233	INF
42234	INF
42235	INF
42236	INF
42237	INF
42238	INF
42239	INF
42240	INF
42241	INF
42242	INF
42243	INF
42244	INF
42245	INF
42246	INF
42247	INF
42248	INF
42249	INF
42250	INF
42251	INF
42252	INF
42253	INF
42254	INF
42255	INF
42256	INF
42257	INF
42258	INF
42259	INF
42260	INF
42261	INF
42262	INF
42263	INF
42264	INF
42265	INF
42266	INF
42267	INF
42268	INF
42269	INF
42270	INF
42271	INF
42272	INF
42273	INF
42274	INF
42275	INF
42276	INF
42277	INF
42278	INF
42279	INF
42280	INF
42281	INF
42282	INF
42283	INF
42284	INF
42285	INF
42286	INF
42287	INF
42288	INF
42289	INF
42290	INF
42291	INF
42292	INF
42293	INF
42294	INF
42295	INF
42296	INF
42297	INF
42298	INF
42299	INF
42300	INF
42301	INF
42302	INF
42303	INF
42304	INF
42305	INF
42306	INF
42307	INF
42308	INF
42309	INF
42310	INF
42311	INF
42312	INF
42313	INF
42314	INF
42315	INF
42316	INF
42317	INF
42318	INF
42319	INF
42320	INF
42321	INF
42322	INF
42323	INF
42324	INF
42325	INF
42326	INF
42327	INF
42328	INF
42329	INF
42330	INF
42331	INF
42332	INF
42333	INF
42334	INF
42335	INF
42336	INF
42337	INF
42338	INF
42339	INF
42340	INF
42341	INF
42342	INF
42343	INF
42344	INF
42345	INF
42346	INF
42347	INF
42348	INF
42349	INF
42350	INF
42351	INF
42352	INF
42353	INF
42354	INF
42355	INF
42356	INF
42357	INF
42358	INF
42359	INF
42360	INF
42361	INF
42362	INF
42363	INF
42364	INF
42365	INF
42366	INF
42367	INF
42368	INF
42369	INF
42370	INF
42371	INF
42372	INF
42373	INF
42374	INF
42375	INF
42376	INF
42377	INF
42378	INF
42379	INF
42380	INF
42381	INF
42382	INF
42383	INF
42384	INF
42385	INF
42386	INF
42387	INF
42388	INF
42389	INF
42390	INF
42391	INF
42392	INF
42393	INF
42394	INF
42395	INF
42396	INF
42397	INF
42398	INF
42399	INF
42400	INF
42401	INF
42402	INF
42403	INF
42404	INF
42405	INF
42406	INF
42407	INF
42408	INF
42409	INF
42410	INF
42411	INF
42412	INF
42413	INF
42414	INF
42415	INF
42416	INF
42417	INF
42418	INF
42419	INF
42420	INF
42421	INF
42422	INF
42423	INF
42424	INF
42425	INF
42426	INF
42427	INF
42428	INF
42429	INF
42430	INF
42431	INF
42432	INF
42433	INF
42434	INF
42435	INF
42436	INF
42437	INF
42438	INF
42439	INF
42440	INF
42441	INF
42442	INF
42443	INF
42444	INF
42445	INF
42446	INF
42447	INF
42448	INF
42449	INF
42450	INF
42451	INF
42452	INF
42453	INF
42454	INF
42455	INF
42456	INF
42457	INF
42458	INF
42459	INF
42460	INF
42461	INF
42462	INF
42463	INF
42464	INF
42465	INF
42466	INF
42467	INF
42468	INF
42469	INF
42470	INF
42471	INF
42472	INF
42473	INF
42474	INF
42475	INF
42476	INF
42477	INF
42478	INF
42479	INF
42480	INF
42481	INF
42482	INF
42483	INF
42484	INF
42485	INF
42486	INF
42487	INF
42488	INF
42489	INF
42490	INF
42491	INF
42492	INF
42493	INF
42494	INF
42495	INF
42496	INF
42497	INF
42498	INF
42499	INF
42500	INF
42501	INF
42502	INF
42503	INF
42504	INF
42505	INF
42506	INF
42507	INF
42508	INF
42509	INF
42510	INF
42511	INF
42512	INF
42513	INF
42514	INF
42515	INF
42516	INF
42517	INF
42518	INF
42519	INF
42520	INF
42521	INF
42522	INF
42523	INF
42524	INF
42525	INF
42526	INF
42527	INF
42528	INF
42529	INF
42530	INF
42531	INF
42532	INF
42533	INF
42534	INF
42535	INF
42536	INF
42537	INF
42538	INF
42539	INF
42540	INF
42541	INF
42542	INF
42543	INF
42544	INF
42545	INF
42546	INF
42547	INF
42548	INF
42549	INF
42550	INF
42551	INF
42552	INF
42553	INF
42554	INF
42555	INF
42556	INF
42557	INF
42558	INF
42559	INF
42560	INF
42561	INF
42562	INF
42563	INF
42564	INF
42565	INF
42566	INF
42567	INF
42568	INF
42569	INF
42570	INF
42571	INF
42572	INF
42573	INF
42574	INF
42575	INF
42576	INF
42577	INF
42578	INF
42579	INF
42580	INF
42581	INF
42582	INF
42583	INF
42584	INF
42585	INF
42586	INF
42587	INF
42588	INF
42589	INF
42590	INF
42591	INF
42592	INF
42593	INF
42594	INF
42595	INF
42596	INF
42597	INF
42598	INF
42599	INF
42600	INF
42601	INF
42602	INF
42603	INF
42604	INF
42605	INF
42606	INF
42607	INF
42608	INF
42609	INF
42610	INF
42611	INF
42612	INF
42613	INF
42614	INF
42615	INF
42616	INF
42617	INF
42618	INF
42619	INF
42620	INF
42621	INF
42622	INF
42623	INF
42624	INF
42625	INF
42626	INF
42627	INF
42628	INF
42629	INF
42630	INF
42631	INF
42632	INF
42633	INF
42634	INF
42635	INF
42636	INF
42637	INF
42638	INF
42639	INF
42640	INF
42641	INF
42642	INF
42643	INF
42644	INF
42645	INF
42646	INF
42647	INF
42648	INF
42649	INF
42650	INF
42651	INF
42652	INF
42653	INF
42654	INF
42655	INF
42656	INF
42657	INF
42658	INF
42659	INF
42660	INF
42661	INF
42662	INF
42663	INF
42664	INF
42665	INF
42666	INF
42667	INF
42668	INF
42669	INF
42670	INF
42671	INF
42672	INF
42673	INF
42674	INF
42675	INF
42676	INF
42677	INF
42678	INF
42679	INF
42680	INF
42681	INF
42682	INF
42683	INF
42684	INF
42685	INF
42686	INF
42687	INF
42688	INF
42689	INF
42690	INF
42691	INF
42692	INF
42693	INF
42694	INF
42695	INF
42696	INF
42697	INF
42698	INF
42699	INF
42700	INF
42701	INF
42702	INF
42703	INF
42704	INF
42705	INF
42706	INF
42707	INF
42708	INF
42709	INF
42710	INF
42711	INF
42712	INF
42713	INF
42714	INF
42715	INF
42716	INF
42717	INF
42718	INF
42719	INF
42720	INF
42721	INF
42722	INF
42723	INF
42724	INF
42725	INF
42726	INF
42727	INF
42728	INF
42729	INF
42730	INF
42731	INF
42732	INF
42733	INF
42734	INF
42735	INF
42736	INF
42737	INF
42738	INF
42739	INF
42740	INF
42741	INF
42742	INF
42743	INF
42744	INF
42745	INF
42746	INF
42747	INF
42748	INF
42749	INF
42750	INF
42751	INF
42752	INF
42753	INF
42754	INF
42755	INF
42756	INF
42757	INF
42758	INF
42759	INF
42760	INF
42761	INF
42762	INF
42763	INF
42764	INF
42765	INF
42766	INF
42767	INF
42768	INF
42769	INF
42770	INF
42771	INF
42772	INF
42773	INF
42774	INF
42775	INF
42776	INF
42777	INF
42778	INF
42779	INF
42780	INF
42781	INF
42782	INF
42783	INF
42784	INF
42785	INF
42786	INF
42787	INF
42788	INF
42789	INF
42790	INF
42791	INF
42792	INF
42793	INF
42794	INF
42795	INF
42796	INF
42797	INF
42798	INF
42799	INF
42800	INF
42801	INF
42802	INF
42803	INF
42804	INF
42805	INF
42806	INF
42807	INF
42808	INF
42809	INF
42810	INF
42811	INF
42812	INF
42813	INF
42814	INF
42815	INF
42816	INF
42817	INF
42818	INF
42819	INF
42820	INF
42821	INF
42822	INF
42823	INF
42824	INF
42825	INF
42826	INF
42827	INF
42828	INF
42829	INF
42830	INF
42831	INF
42832	INF
42833	INF
42834	INF
42835	INF
42836	INF
42837	INF
42838	INF
42839	INF
42840	INF
42841	INF
42842	INF
42843	INF
42844	INF
42845	INF
42846	INF
42847	INF
42848	INF
42849	INF
42850	INF
42851	INF
42852	INF
42853	INF
42854	INF
42855	INF
42856	INF
42857	INF
42858	INF
42859	INF
42860	INF
42861	INF
42862	INF
42863	INF
42864	INF
42865	INF
42866	INF
42867	INF
42868	INF
42869	INF
42870	INF
42871	INF
42872	INF
42873	INF
42874	INF
42875	INF
42876	INF
42877	INF
42878	INF
42879	INF
42880	INF
42881	INF
42882	INF
42883	INF
42884	INF
42885	INF
42886	INF
42887	INF
42888	INF
42889	INF
42890	INF
42891	INF
42892	INF
42893	INF
42894	INF
42895	INF
42896	INF
42897	INF
42898	INF
42899	INF
42900	INF
42901	INF
42902	INF
42903	INF
42904	INF
42905	INF
42906	INF
42907	INF
42908	INF
42909	INF
42910	INF
42911	INF
42912	INF
42913	INF
42914	INF
42915	INF
42916	INF
42917	INF
42918	INF
42919	INF
42920	INF
42921	INF
42922	INF
42923	INF
42924	INF
42925	INF
42926	INF
42927	INF
42928	INF
42929	INF
42930	INF
42931	INF
42932	INF
42933	INF
42934	INF
42935	INF
42936	INF
42937	INF
42938	INF
42939	INF
42940	INF
42941	INF
42942	INF
42943	INF
42944	INF
42945	INF
42946	INF
42947	INF
42948	INF
42949	INF
42950	INF
42951	INF
42952	INF
42953	INF
42954	INF
42955	INF
42956	INF
42957	INF
42958	INF
42959	INF
42960	INF
42961	INF
42962	INF
42963	INF
42964	INF
42965	INF
42966	INF
42967	INF
42968	INF
42969	INF
42970	INF
42971	INF
42972	INF
42973	INF
42974	INF
42975	INF
42976	INF
42977	INF
42978	INF
42979	INF
42980	INF
42981	INF
42982	INF
42983	INF
42984	INF
42985	INF
42986	INF
42987	INF
42988	INF
42989	INF
42990	INF
42991	INF
42992	INF
42993	INF
42994	INF
42995	INF
42996	INF
42997	INF
42998	INF
42999	INF
43000	INF
43001	INF
43002	INF
43003	INF
43004	INF
43005	INF
43006	INF
43007	INF
43008	INF
43009	INF
43010	INF
43011	INF
43012	INF
43013	INF
43014	INF
43015	INF
43016	INF
43017	INF
43018	INF
43019	INF
43020	INF
43021	INF
43022	INF
43023	INF
43024	INF
43025	INF
43026	INF
43027	INF
43028	INF
43029	INF
43030	INF
43031	INF
43032	INF
43033	INF
43034	INF
43035	INF
43036	INF
43037	INF
43038	INF
43039	INF
43040	INF
43041	INF
43042	INF
43043	INF
43044	INF
43045	INF
43046	INF
43047	INF
43048	INF
43049	INF
43050	INF
43051	INF
43052	INF
43053	INF
43054	INF
43055	INF
43056	INF
43057	INF
43058	INF
43059	INF
43060	INF
43061	INF
43062	INF
43063	INF
43064	INF
43065	INF
43066	INF
43067	INF
43068	INF
43069	INF
43070	INF
43071	INF
43072	INF
43073	INF
43074	INF
43075	INF
43076	INF
43077	INF
43078	INF
43079	INF
43080	INF
43081	INF
43082	INF
43083	INF
43084	INF
43085	INF
43086	INF
43087	INF
43088	INF
43089	INF
43090	INF
43091	INF
43092	INF
43093	INF
43094	INF
43095	INF
43096	INF
43097	INF
43098	INF
43099	INF
43100	INF
43101	INF
43102	INF
43103	INF
43104	INF
43105	INF
43106	INF
43107	INF
43108	INF
43109	INF
43110	INF
43111	INF
43112	INF
43113	INF
43114	INF
43115	INF
43116	INF
43117	INF
43118	INF
43119	INF
43120	INF
43121	INF
43122	INF
43123	INF
43124	INF
43125	INF
43126	INF
43127	INF
43128	INF
43129	INF
43130	INF
43131	INF
43132	INF
43133	INF
43134	INF
43135	INF
43136	INF
43137	INF
43138	INF
43139	INF
43140	INF
43141	INF
43142	INF
43143	INF
43144	INF
43145	INF
43146	INF
43147	INF
43148	INF
43149	INF
43150	INF
43151	INF
43152	INF
43153	INF
43154	INF
43155	INF
43156	INF
43157	INF
43158	INF
43159	INF
43160	INF
43161	INF
43162	INF
43163	INF
43164	INF
43165	INF
43166	INF
43167	INF
43168	INF
43169	INF
43170	INF
43171	INF
43172	INF
43173	INF
43174	INF
43175	INF
43176	INF
43177	INF
43178	INF
43179	INF
43180	INF
43181	INF
43182	INF
43183	INF
43184	INF
43185	INF
43186	INF
43187	INF
43188	INF
43189	INF
43190	INF
43191	INF
43192	INF
43193	INF
43194	INF
43195	INF
43196	INF
43197	INF
43198	INF
43199	INF
43200	INF
43201	INF
43202	INF
43203	INF
43204	INF
43205	INF
43206	INF
43207	INF
43208	INF
43209	INF
43210	INF
43211	INF
43212	INF
43213	INF
43214	INF
43215	INF
43216	INF
43217	INF
43218	INF
43219	INF
43220	INF
43221	INF
43222	INF
43223	INF
43224	INF
43225	INF
43226	INF
43227	INF
43228	INF
43229	INF
43230	INF
43231	INF
43232	INF
43233	INF
43234	INF
43235	INF
43236	INF
43237	INF
43238	INF
43239	INF
43240	INF
43241	INF
43242	INF
43243	INF
43244	INF
43245	INF
43246	INF
43247	INF
43248	INF
43249	INF
43250	INF
43251	INF
43252	INF
43253	INF
43254	INF
43255	INF
43256	INF
43257	INF
43258	INF
43259	INF
43260	INF
43261	INF
43262	INF
43263	INF
43264	INF
43265	INF
43266	INF
43267	INF
43268	INF
43269	INF
43270	INF
43271	INF
43272	INF
43273	INF
43274	INF
43275	INF
43276	INF
43277	INF
43278	INF
43279	INF
43280	INF
43281	INF
43282	INF
43283	INF
43284	INF
43285	INF
43286	INF
43287	INF
43288	INF
43289	INF
43290	INF
43291	INF
43292	INF
43293	INF
43294	INF
43295	INF
43296	INF
43297	INF
43298	INF
43299	INF
43300	INF
43301	INF
43302	INF
43303	INF
43304	INF
43305	INF
43306	INF
43307	INF
43308	INF
43309	INF
43310	INF
43311	INF
43312	INF
43313	INF
43314	INF
43315	INF
43316	INF
43317	INF
43318	INF
43319	INF
43320	INF
43321	INF
43322	INF
43323	INF
43324	INF
43325	INF
43326	INF
43327	INF
43328	INF
43329	INF
43330	INF
43331	INF
43332	INF
43333	INF
43334	INF
43335	INF
43336	INF
43337	INF
43338	INF
43339	INF
43340	INF
43341	INF
43342	INF
43343	INF
43344	INF
43345	INF
43346	INF
43347	INF
43348	INF
43349	INF
43350	INF
43351	INF
43352	INF
43353	INF
43354	INF
43355	INF
43356	INF
43357	INF
43358	INF
43359	INF
43360	INF
43361	INF
43362	INF
43363	INF
43364	INF
43365	INF
43366	INF
43367	INF
43368	INF
43369	INF
43370	INF
43371	INF
43372	INF
43373	INF
43374	INF
43375	INF
43376	INF
43377	INF
43378	INF
43379	INF
43380	INF
43381	INF
43382	INF
43383	INF
43384	INF
43385	INF
43386	INF
43387	INF
43388	INF
43389	INF
43390	INF
43391	INF
43392	INF
43393	INF
43394	INF
43395	INF
43396	INF
43397	INF
43398	INF
43399	INF
43400	INF
43401	INF
43402	INF
43403	INF
43404	INF
43405	INF
43406	INF
43407	INF
43408	INF
43409	INF
43410	INF
43411	INF
43412	INF
43413	INF
43414	INF
43415	INF
43416	INF
43417	INF
43418	INF
43419	INF
43420	INF
43421	INF
43422	INF
43423	INF
43424	INF
43425	INF
43426	INF
43427	INF
43428	INF
43429	INF
43430	INF
43431	INF
43432	INF
43433	INF
43434	INF
43435	INF
43436	INF
43437	INF
43438	INF
43439	INF
43440	INF
43441	INF
43442	INF
43443	INF
43444	INF
43445	INF
43446	INF
43447	INF
43448	INF
43449	INF
43450	INF
43451	INF
43452	INF
43453	INF
43454	INF
43455	INF
43456	INF
43457	INF
43458	INF
43459	INF
43460	INF
43461	INF
43462	INF
43463	INF
43464	INF
43465	INF
43466	INF
43467	INF
43468	INF
43469	INF
43470	INF
43471	INF
43472	INF
43473	INF
43474	INF
43475	INF
43476	INF
43477	INF
43478	INF
43479	INF
43480	INF
43481	INF
43482	INF
43483	INF
43484	INF
43485	INF
43486	INF
43487	INF
43488	INF
43489	INF
43490	INF
43491	INF
43492	INF
43493	INF
43494	INF
43495	INF
43496	INF
43497	INF
43498	INF
43499	INF
43500	INF
43501	INF
43502	INF
43503	INF
43504	INF
43505	INF
43506	INF
43507	INF
43508	INF
43509	INF
43510	INF
43511	INF
43512	INF
43513	INF
43514	INF
43515	INF
43516	INF
43517	INF
43518	INF
43519	INF
43520	INF
43521	INF
43522	INF
43523	INF
43524	INF
43525	INF
43526	INF
43527	INF
43528	INF
43529	INF
43530	INF
43531	INF
43532	INF
43533	INF
43534	INF
43535	INF
43536	INF
43537	INF
43538	INF
43539	INF
43540	INF
43541	INF
43542	INF
43543	INF
43544	INF
43545	INF
43546	INF
43547	INF
43548	INF
43549	INF
43550	INF
43551	INF
43552	INF
43553	INF
43554	INF
43555	INF
43556	INF
43557	INF
43558	INF
43559	INF
43560	INF
43561	INF
43562	INF
43563	INF
43564	INF
43565	INF
43566	INF
43567	INF
43568	INF
43569	INF
43570	INF
43571	INF
43572	INF
43573	INF
43574	INF
43575	INF
43576	INF
43577	INF
43578	INF
43579	INF
43580	INF
43581	INF
43582	INF
43583	INF
43584	INF
43585	INF
43586	INF
43587	INF
43588	INF
43589	INF
43590	INF
43591	INF
43592	INF
43593	INF
43594	INF
43595	INF
43596	INF
43597	INF
43598	INF
43599	INF
43600	INF
43601	INF
43602	INF
43603	INF
43604	INF
43605	INF
43606	INF
43607	INF
43608	INF
43609	INF
43610	INF
43611	INF
43612	INF
43613	INF
43614	INF
43615	INF
43616	INF
43617	INF
43618	INF
43619	INF
43620	INF
43621	INF
43622	INF
43623	INF
43624	INF
43625	INF
43626	INF
43627	INF
43628	INF
43629	INF
43630	INF
43631	INF
43632	INF
43633	INF
43634	INF
43635	INF
43636	INF
43637	INF
43638	INF
43639	INF
43640	INF
43641	INF
43642	INF
43643	INF
43644	INF
43645	INF
43646	INF
43647	INF
43648	INF
43649	INF
43650	INF
43651	INF
43652	INF
43653	INF
43654	INF
43655	INF
43656	INF
43657	INF
43658	INF
43659	INF
43660	INF
43661	INF
43662	INF
43663	INF
43664	INF
43665	INF
43666	INF
43667	INF
43668	INF
43669	INF
43670	INF
43671	INF
43672	INF
43673	INF
43674	INF
43675	INF
43676	INF
43677	INF
43678	INF
43679	INF
43680	INF
43681	INF
43682	INF
43683	INF
43684	INF
43685	INF
43686	INF
43687	INF
43688	INF
43689	INF
43690	INF
43691	INF
43692	INF
43693	INF
43694	INF
43695	INF
43696	INF
43697	INF
43698	INF
43699	INF
43700	INF
43701	INF
43702	INF
43703	INF
43704	INF
43705	INF
43706	INF
43707	INF
43708	INF
43709	INF
43710	INF
43711	INF
43712	INF
43713	INF
43714	INF
43715	INF
43716	INF
43717	INF
43718	INF
43719	INF
43720	INF
43721	INF
43722	INF
43723	INF
43724	INF
43725	INF
43726	INF
43727	INF
43728	INF
43729	INF
43730	INF
43731	INF
43732	INF
43733	INF
43734	INF
43735	INF
43736	INF
43737	INF
43738	INF
43739	INF
43740	INF
43741	INF
43742	INF
43743	INF
43744	INF
43745	INF
43746	INF
43747	INF
43748	INF
43749	INF
43750	INF
43751	INF
43752	INF
43753	INF
43754	INF
43755	INF
43756	INF
43757	INF
43758	INF
43759	INF
43760	INF
43761	INF
43762	INF
43763	INF
43764	INF
43765	INF
43766	INF
43767	INF
43768	INF
43769	INF
43770	INF
43771	INF
43772	INF
43773	INF
43774	INF
43775	INF
43776	INF
43777	INF
43778	INF
43779	INF
43780	INF
43781	INF
43782	INF
43783	INF
43784	INF
43785	INF
43786	INF
43787	INF
43788	INF
43789	INF
43790	INF
43791	INF
43792	INF
43793	INF
43794	INF
43795	INF
43796	INF
43797	INF
43798	INF
43799	INF
43800	INF
43801	INF
43802	INF
43803	INF
43804	INF
43805	INF
43806	INF
43807	INF
43808	INF
43809	INF
43810	INF
43811	INF
43812	INF
43813	INF
43814	INF
43815	INF
43816	INF
43817	INF
43818	INF
43819	INF
43820	INF
43821	INF
43822	INF
43823	INF
43824	INF
43825	INF
43826	INF
43827	INF
43828	INF
43829	INF
43830	INF
43831	INF
43832	INF
43833	INF
43834	INF
43835	INF
43836	INF
43837	INF
43838	INF
43839	INF
43840	INF
43841	INF
43842	INF
43843	INF
43844	INF
43845	INF
43846	INF
43847	INF
43848	INF
43849	INF
43850	INF
43851	INF
43852	INF
43853	INF
43854	INF
43855	INF
43856	INF
43857	INF
43858	INF
43859	INF
43860	INF
43861	INF
43862	INF
43863	INF
43864	INF
43865	INF
43866	INF
43867	INF
43868	INF
43869	INF
43870	INF
43871	INF
43872	INF
43873	INF
43874	INF
43875	INF
43876	INF
43877	INF
43878	INF
43879	INF
43880	INF
43881	INF
43882	INF
43883	INF
43884	INF
43885	INF
43886	INF
43887	INF
43888	INF
43889	INF
43890	INF
43891	INF
43892	INF
43893	INF
43894	INF
43895	INF
43896	INF
43897	INF
43898	INF
43899	INF
43900	INF
43901	INF
43902	INF
43903	INF
43904	INF
43905	INF
43906	INF
43907	INF
43908	INF
43909	INF
43910	INF
43911	INF
43912	INF
43913	INF
43914	INF
43915	INF
43916	INF
43917	INF
43918	INF
43919	INF
43920	INF
43921	INF
43922	INF
43923	INF
43924	INF
43925	INF
43926	INF
43927	INF
43928	INF
43929	INF
43930	INF
43931	INF
43932	INF
43933	INF
43934	INF
43935	INF
43936	INF
43937	INF
43938	INF
43939	INF
43940	INF
43941	INF
43942	INF
43943	INF
43944	INF
43945	INF
43946	INF
43947	INF
43948	INF
43949	INF
43950	INF
43951	INF
43952	INF
43953	INF
43954	INF
43955	INF
43956	INF
43957	INF
43958	INF
43959	INF
43960	INF
43961	INF
43962	INF
43963	INF
43964	INF
43965	INF
43966	INF
43967	INF
43968	INF
43969	INF
43970	INF
43971	INF
43972	INF
43973	INF
43974	INF
43975	INF
43976	INF
43977	INF
43978	INF
43979	INF
43980	INF
43981	INF
43982	INF
43983	INF
43984	INF
43985	INF
43986	INF
43987	INF
43988	INF
43989	INF
43990	INF
43991	INF
43992	INF
43993	INF
43994	INF
43995	INF
43996	INF
43997	INF
43998	INF
43999	INF
44000	INF
44001	INF
44002	INF
44003	INF
44004	INF
44005	INF
44006	INF
44007	INF
44008	INF
44009	INF
44010	INF
44011	INF
44012	INF
44013	INF
44014	INF
44015	INF
44016	INF
44017	INF
44018	INF
44019	INF
44020	INF
44021	INF
44022	INF
44023	INF
44024	INF
44025	INF
44026	INF
44027	INF
44028	INF
44029	INF
44030	INF
44031	INF
44032	INF
44033	INF
44034	INF
44035	INF
44036	INF
44037	INF
44038	INF
44039	INF
44040	INF
44041	INF
44042	INF
44043	INF
44044	INF
44045	INF
44046	INF
44047	INF
44048	INF
44049	INF
44050	INF
44051	INF
44052	INF
44053	INF
44054	INF
44055	INF
44056	INF
44057	INF
44058	INF
44059	INF
44060	INF
44061	INF
44062	INF
44063	INF
44064	INF
44065	INF
44066	INF
44067	INF
44068	INF
44069	INF
44070	INF
44071	INF
44072	INF
44073	INF
44074	INF
44075	INF
44076	INF
44077	INF
44078	INF
44079	INF
44080	INF
44081	INF
44082	INF
44083	INF
44084	INF
44085	INF
44086	INF
44087	INF
44088	INF
44089	INF
44090	INF
44091	INF
44092	INF
44093	INF
44094	INF
44095	INF
44096	INF
44097	INF
44098	INF
44099	INF
44100	INF
44101	INF
44102	INF
44103	INF
44104	INF
44105	INF
44106	INF
44107	INF
44108	INF
44109	INF
44110	INF
44111	INF
44112	INF
44113	INF
44114	INF
44115	INF
44116	INF
44117	INF
44118	INF
44119	INF
44120	INF
44121	INF
44122	INF
44123	INF
44124	INF
44125	INF
44126	INF
44127	INF
44128	INF
44129	INF
44130	INF
44131	INF
44132	INF
44133	INF
44134	INF
44135	INF
44136	INF
44137	INF
44138	INF
44139	INF
44140	INF
44141	INF
44142	INF
44143	INF
44144	INF
44145	INF
44146	INF
44147	INF
44148	INF
44149	INF
44150	INF
44151	INF
44152	INF
44153	INF
44154	INF
44155	INF
44156	INF
44157	INF
44158	INF
44159	INF
44160	INF
44161	INF
44162	INF
44163	INF
44164	INF
44165	INF
44166	INF
44167	INF
44168	INF
44169	INF
44170	INF
44171	INF
44172	INF
44173	INF
44174	INF
44175	INF
44176	INF
44177	INF
44178	INF
44179	INF
44180	INF
44181	INF
44182	INF
44183	INF
44184	INF
44185	INF
44186	INF
44187	INF
44188	INF
44189	INF
44190	INF
44191	INF
44192	INF
44193	INF
44194	INF
44195	INF
44196	INF
44197	INF
44198	INF
44199	INF
44200	INF
44201	INF
44202	INF
44203	INF
44204	INF
44205	INF
44206	INF
44207	INF
44208	INF
44209	INF
44210	INF
44211	INF
44212	INF
44213	INF
44214	INF
44215	INF
44216	INF
44217	INF
44218	INF
44219	INF
44220	INF
44221	INF
44222	INF
44223	INF
44224	INF
44225	INF
44226	INF
44227	INF
44228	INF
44229	INF
44230	INF
44231	INF
44232	INF
44233	INF
44234	INF
44235	INF
44236	INF
44237	INF
44238	INF
44239	INF
44240	INF
44241	INF
44242	INF
44243	INF
44244	INF
44245	INF
44246	INF
44247	INF
44248	INF
44249	INF
44250	INF
44251	INF
44252	INF
44253	INF
44254	INF
44255	INF
44256	INF
44257	INF
44258	INF
44259	INF
44260	INF
44261	INF
44262	INF
44263	INF
44264	INF
44265	INF
44266	INF
44267	INF
44268	INF
44269	INF
44270	INF
44271	INF
44272	INF
44273	INF
44274	INF
44275	INF
44276	INF
44277	INF
44278	INF
44279	INF
44280	INF
44281	INF
44282	INF
44283	INF
44284	INF
44285	INF
44286	INF
44287	INF
44288	INF
44289	INF
44290	INF
44291	INF
44292	INF
44293	INF
44294	INF
44295	INF
44296	INF
44297	INF
44298	INF
44299	INF
44300	INF
44301	INF
44302	INF
44303	INF
44304	INF
44305	INF
44306	INF
44307	INF
44308	INF
44309	INF
44310	INF
44311	INF
44312	INF
44313	INF
44314	INF
44315	INF
44316	INF
44317	INF
44318	INF
44319	INF
44320	INF
44321	INF
44322	INF
44323	INF
44324	INF
44325	INF
44326	INF
44327	INF
44328	INF
44329	INF
44330	INF
44331	INF
44332	INF
44333	INF
44334	INF
44335	INF
44336	INF
44337	INF
44338	INF
44339	INF
44340	INF
44341	INF
44342	INF
44343	INF
44344	INF
44345	INF
44346	INF
44347	INF
44348	INF
44349	INF
44350	INF
44351	INF
44352	INF
44353	INF
44354	INF
44355	INF
44356	INF
44357	INF
44358	INF
44359	INF
44360	INF
44361	INF
44362	INF
44363	INF
44364	INF
44365	INF
44366	INF
44367	INF
44368	INF
44369	INF
44370	INF
44371	INF
44372	INF
44373	INF
44374	INF
44375	INF
44376	INF
44377	INF
44378	INF
44379	INF
44380	INF
44381	INF
44382	INF
44383	INF
44384	INF
44385	INF
44386	INF
44387	INF
44388	INF
44389	INF
44390	INF
44391	INF
44392	INF
44393	INF
44394	INF
44395	INF
44396	INF
44397	INF
44398	INF
44399	INF
44400	INF
44401	INF
44402	INF
44403	INF
44404	INF
44405	INF
44406	INF
44407	INF
44408	INF
44409	INF
44410	INF
44411	INF
44412	INF
44413	INF
44414	INF
44415	INF
44416	INF
44417	INF
44418	INF
44419	INF
44420	INF
44421	INF
44422	INF
44423	INF
44424	INF
44425	INF
44426	INF
44427	INF
44428	INF
44429	INF
44430	INF
44431	INF
44432	INF
44433	INF
44434	INF
44435	INF
44436	INF
44437	INF
44438	INF
44439	INF
44440	INF
44441	INF
44442	INF
44443	INF
44444	INF
44445	INF
44446	INF
44447	INF
44448	INF
44449	INF
44450	INF
44451	INF
44452	INF
44453	INF
44454	INF
44455	INF
44456	INF
44457	INF
44458	INF
44459	INF
44460	INF
44461	INF
44462	INF
44463	INF
44464	INF
44465	INF
44466	INF
44467	INF
44468	INF
44469	INF
44470	INF
44471	INF
44472	INF
44473	INF
44474	INF
44475	INF
44476	INF
44477	INF
44478	INF
44479	INF
44480	INF
44481	INF
44482	INF
44483	INF
44484	INF
44485	INF
44486	INF
44487	INF
44488	INF
44489	INF
44490	INF
44491	INF
44492	INF
44493	INF
44494	INF
44495	INF
44496	INF
44497	INF
44498	INF
44499	INF
44500	INF
44501	INF
44502	INF
44503	INF
44504	INF
44505	INF
44506	INF
44507	INF
44508	INF
44509	INF
44510	INF
44511	INF
44512	INF
44513	INF
44514	INF
44515	INF
44516	INF
44517	INF
44518	INF
44519	INF
44520	INF
44521	INF
44522	INF
44523	INF
44524	INF
44525	INF
44526	INF
44527	INF
44528	INF
44529	INF
44530	INF
44531	INF
44532	INF
44533	INF
44534	INF
44535	INF
44536	INF
44537	INF
44538	INF
44539	INF
44540	INF
44541	INF
44542	INF
44543	INF
44544	INF
44545	INF
44546	INF
44547	INF
44548	INF
44549	INF
44550	INF
44551	INF
44552	INF
44553	INF
44554	INF
44555	INF
44556	INF
44557	INF
44558	INF
44559	INF
44560	INF
44561	INF
44562	INF
44563	INF
44564	INF
44565	INF
44566	INF
44567	INF
44568	INF
44569	INF
44570	INF
44571	INF
44572	INF
44573	INF
44574	INF
44575	INF
44576	INF
44577	INF
44578	INF
44579	INF
44580	INF
44581	INF
44582	INF
44583	INF
44584	INF
44585	INF
44586	INF
44587	INF
44588	INF
44589	INF
44590	INF
44591	INF
44592	INF
44593	INF
44594	INF
44595	INF
44596	INF
44597	INF
44598	INF
44599	INF
44600	INF
44601	INF
44602	INF
44603	INF
44604	INF
44605	INF
44606	INF
44607	INF
44608	INF
44609	INF
44610	INF
44611	INF
44612	INF
44613	INF
44614	INF
44615	INF
44616	INF
44617	INF
44618	INF
44619	INF
44620	INF
44621	INF
44622	INF
44623	INF
44624	INF
44625	INF
44626	INF
44627	INF
44628	INF
44629	INF
44630	INF
44631	INF
44632	INF
44633	INF
44634	INF
44635	INF
44636	INF
44637	INF
44638	INF
44639	INF
44640	INF
44641	INF
44642	INF
44643	INF
44644	INF
44645	INF
44646	INF
44647	INF
44648	INF
44649	INF
44650	INF
44651	INF
44652	INF
44653	INF
44654	INF
44655	INF
44656	INF
44657	INF
44658	INF
44659	INF
44660	INF
44661	INF
44662	INF
44663	INF
44664	INF
44665	INF
44666	INF
44667	INF
44668	INF
44669	INF
44670	INF
44671	INF
44672	INF
44673	INF
44674	INF
44675	INF
44676	INF
44677	INF
44678	INF
44679	INF
44680	INF
44681	INF
44682	INF
44683	INF
44684	INF
44685	INF
44686	INF
44687	INF
44688	INF
44689	INF
44690	INF
44691	INF
44692	INF
44693	INF
44694	INF
44695	INF
44696	INF
44697	INF
44698	INF
44699	INF
44700	INF
44701	INF
44702	INF
44703	INF
44704	INF
44705	INF
44706	INF
44707	INF
44708	INF
44709	INF
44710	INF
44711	INF
44712	INF
44713	INF
44714	INF
44715	INF
44716	INF
44717	INF
44718	INF
44719	INF
44720	INF
44721	INF
44722	INF
44723	INF
44724	INF
44725	INF
44726	INF
44727	INF
44728	INF
44729	INF
44730	INF
44731	INF
44732	INF
44733	INF
44734	INF
44735	INF
44736	INF
44737	INF
44738	INF
44739	INF
44740	INF
44741	INF
44742	INF
44743	INF
44744	INF
44745	INF
44746	INF
44747	INF
44748	INF
44749	INF
44750	INF
44751	INF
44752	INF
44753	INF
44754	INF
44755	INF
44756	INF
44757	INF
44758	INF
44759	INF
44760	INF
44761	INF
44762	INF
44763	INF
44764	INF
44765	INF
44766	INF
44767	INF
44768	INF
44769	INF
44770	INF
44771	INF
44772	INF
44773	INF
44774	INF
44775	INF
44776	INF
44777	INF
44778	INF
44779	INF
44780	INF
44781	INF
44782	INF
44783	INF
44784	INF
44785	INF
44786	INF
44787	INF
44788	INF
44789	INF
44790	INF
44791	INF
44792	INF
44793	INF
44794	INF
44795	INF
44796	INF
44797	INF
44798	INF
44799	INF
44800	INF
44801	INF
44802	INF
44803	INF
44804	INF
44805	INF
44806	INF
44807	INF
44808	INF
44809	INF
44810	INF
44811	INF
44812	INF
44813	INF
44814	INF
44815	INF
44816	INF
44817	INF
44818	INF
44819	INF
44820	INF
44821	INF
44822	INF
44823	INF
44824	INF
44825	INF
44826	INF
44827	INF
44828	INF
44829	INF
44830	INF
44831	INF
44832	INF
44833	INF
44834	INF
44835	INF
44836	INF
44837	INF
44838	INF
44839	INF
44840	INF
44841	INF
44842	INF
44843	INF
44844	INF
44845	INF
44846	INF
44847	INF
44848	INF
44849	INF
44850	INF
44851	INF
44852	INF
44853	INF
44854	INF
44855	INF
44856	INF
44857	INF
44858	INF
44859	INF
44860	INF
44861	INF
44862	INF
44863	INF
44864	INF
44865	INF
44866	INF
44867	INF
44868	INF
44869	INF
44870	INF
44871	INF
44872	INF
44873	INF
44874	INF
44875	INF
44876	INF
44877	INF
44878	INF
44879	INF
44880	INF
44881	INF
44882	INF
44883	INF
44884	INF
44885	INF
44886	INF
44887	INF
44888	INF
44889	INF
44890	INF
44891	INF
44892	INF
44893	INF
44894	INF
44895	INF
44896	INF
44897	INF
44898	INF
44899	INF
44900	INF
44901	INF
44902	INF
44903	INF
44904	INF
44905	INF
44906	INF
44907	INF
44908	INF
44909	INF
44910	INF
44911	INF
44912	INF
44913	INF
44914	INF
44915	INF
44916	INF
44917	INF
44918	INF
44919	INF
44920	INF
44921	INF
44922	INF
44923	INF
44924	INF
44925	INF
44926	INF
44927	INF
44928	INF
44929	INF
44930	INF
44931	INF
44932	INF
44933	INF
44934	INF
44935	INF
44936	INF
44937	INF
44938	INF
44939	INF
44940	INF
44941	INF
44942	INF
44943	INF
44944	INF
44945	INF
44946	INF
44947	INF
44948	INF
44949	INF
44950	INF
44951	INF
44952	INF
44953	INF
44954	INF
44955	INF
44956	INF
44957	INF
44958	INF
44959	INF
44960	INF
44961	INF
44962	INF
44963	INF
44964	INF
44965	INF
44966	INF
44967	INF
44968	INF
44969	INF
44970	INF
44971	INF
44972	INF
44973	INF
44974	INF
44975	INF
44976	INF
44977	INF
44978	INF
44979	INF
44980	INF
44981	INF
44982	INF
44983	INF
44984	INF
44985	INF
44986	INF
44987	INF
44988	INF
44989	INF
44990	INF
44991	INF
44992	INF
44993	INF
44994	INF
44995	INF
44996	INF
44997	INF
44998	INF
44999	INF
45000	INF
45001	INF
45002	INF
45003	INF
45004	INF
45005	INF
45006	INF
45007	INF
45008	INF
45009	INF
45010	INF
45011	INF
45012	INF
45013	INF
45014	INF
45015	INF
45016	INF
45017	INF
45018	INF
45019	INF
45020	INF
45021	INF
45022	INF
45023	INF
45024	INF
45025	INF
45026	INF
45027	INF
45028	INF
45029	INF
45030	INF
45031	INF
45032	INF
45033	INF
45034	INF
45035	INF
45036	INF
45037	INF
45038	INF
45039	INF
45040	INF
45041	INF
45042	INF
45043	INF
45044	INF
45045	INF
45046	INF
45047	INF
45048	INF
45049	INF
45050	INF
45051	INF
45052	INF
45053	INF
45054	INF
45055	INF
45056	INF
45057	INF
45058	INF
45059	INF
45060	INF
45061	INF
45062	INF
45063	INF
45064	INF
45065	INF
45066	INF
45067	INF
45068	INF
45069	INF
45070	INF
45071	INF
45072	INF
45073	INF
45074	INF
45075	INF
45076	INF
45077	INF
45078	INF
45079	INF
45080	INF
45081	INF
45082	INF
45083	INF
45084	INF
45085	INF
45086	INF
45087	INF
45088	INF
45089	INF
45090	INF
45091	INF
45092	INF
45093	INF
45094	INF
45095	INF
45096	INF
45097	INF
45098	INF
45099	INF
45100	INF
45101	INF
45102	INF
45103	INF
45104	INF
45105	INF
45106	INF
45107	INF
45108	INF
45109	INF
45110	INF
45111	INF
45112	INF
45113	INF
45114	INF
45115	INF
45116	INF
45117	INF
45118	INF
45119	INF
45120	INF
45121	INF
45122	INF
45123	INF
45124	INF
45125	INF
45126	INF
45127	INF
45128	INF
45129	INF
45130	INF
45131	INF
45132	INF
45133	INF
45134	INF
45135	INF
45136	INF
45137	INF
45138	INF
45139	INF
45140	INF
45141	INF
45142	INF
45143	INF
45144	INF
45145	INF
45146	INF
45147	INF
45148	INF
45149	INF
45150	INF
45151	INF
45152	INF
45153	INF
45154	INF
45155	INF
45156	INF
45157	INF
45158	INF
45159	INF
45160	INF
45161	INF
45162	INF
45163	INF
45164	INF
45165	INF
45166	INF
45167	INF
45168	INF
45169	INF
45170	INF
45171	INF
45172	INF
45173	INF
45174	INF
45175	INF
45176	INF
45177	INF
45178	INF
45179	INF
45180	INF
45181	INF
45182	INF
45183	INF
45184	INF
45185	INF
45186	INF
45187	INF
45188	INF
45189	INF
45190	INF
45191	INF
45192	INF
45193	INF
45194	INF
45195	INF
45196	INF
45197	INF
45198	INF
45199	INF
45200	INF
45201	INF
45202	INF
45203	INF
45204	INF
45205	INF
45206	INF
45207	INF
45208	INF
45209	INF
45210	INF
45211	INF
45212	INF
45213	INF
45214	INF
45215	INF
45216	INF
45217	INF
45218	INF
45219	INF
45220	INF
45221	INF
45222	INF
45223	INF
45224	INF
45225	INF
45226	INF
45227	INF
45228	INF
45229	INF
45230	INF
45231	INF
45232	INF
45233	INF
45234	INF
45235	INF
45236	INF
45237	INF
45238	INF
45239	INF
45240	INF
45241	INF
45242	INF
45243	INF
45244	INF
45245	INF
45246	INF
45247	INF
45248	INF
45249	INF
45250	INF
45251	INF
45252	INF
45253	INF
45254	INF
45255	INF
45256	INF
45257	INF
45258	INF
45259	INF
45260	INF
45261	INF
45262	INF
45263	INF
45264	INF
45265	INF
45266	INF
45267	INF
45268	INF
45269	INF
45270	INF
45271	INF
45272	INF
45273	INF
45274	INF
45275	INF
45276	INF
45277	INF
45278	INF
45279	INF
45280	INF
45281	INF
45282	INF
45283	INF
45284	INF
45285	INF
45286	INF
45287	INF
45288	INF
45289	INF
45290	INF
45291	INF
45292	INF
45293	INF
45294	INF
45295	INF
45296	INF
45297	INF
45298	INF
45299	INF
45300	INF
45301	INF
45302	INF
45303	INF
45304	INF
45305	INF
45306	INF
45307	INF
45308	INF
45309	INF
45310	INF
45311	INF
45312	INF
45313	INF
45314	INF
45315	INF
45316	INF
45317	INF
45318	INF
45319	INF
45320	INF
45321	INF
45322	INF
45323	INF
45324	INF
45325	INF
45326	INF
45327	INF
45328	INF
45329	INF
45330	INF
45331	INF
45332	INF
45333	INF
45334	INF
45335	INF
45336	INF
45337	INF
45338	INF
45339	INF
45340	INF
45341	INF
45342	INF
45343	INF
45344	INF
45345	INF
45346	INF
45347	INF
45348	INF
45349	INF
45350	INF
45351	INF
45352	INF
45353	INF
45354	INF
45355	INF
45356	INF
45357	INF
45358	INF
45359	INF
45360	INF
45361	INF
45362	INF
45363	INF
45364	INF
45365	INF
45366	INF
45367	INF
45368	INF
45369	INF
45370	INF
45371	INF
45372	INF
45373	INF
45374	INF
45375	INF
45376	INF
45377	INF
45378	INF
45379	INF
45380	INF
45381	INF
45382	INF
45383	INF
45384	INF
45385	INF
45386	INF
45387	INF
45388	INF
45389	INF
45390	INF
45391	INF
45392	INF
45393	INF
45394	INF
45395	INF
45396	INF
45397	INF
45398	INF
45399	INF
45400	INF
45401	INF
45402	INF
45403	INF
45404	INF
45405	INF
45406	INF
45407	INF
45408	INF
45409	INF
45410	INF
45411	INF
45412	INF
45413	INF
45414	INF
45415	INF
45416	INF
45417	INF
45418	INF
45419	INF
45420	INF
45421	INF
45422	INF
45423	INF
45424	INF
45425	INF
45426	INF
45427	INF
45428	INF
45429	INF
45430	INF
45431	INF
45432	INF
45433	INF
45434	INF
45435	INF
45436	INF
45437	INF
45438	INF
45439	INF
45440	INF
45441	INF
45442	INF
45443	INF
45444	INF
45445	INF
45446	INF
45447	INF
45448	INF
45449	INF
45450	INF
45451	INF
45452	INF
45453	INF
45454	INF
45455	INF
45456	INF
45457	INF
45458	INF
45459	INF
45460	INF
45461	INF
45462	INF
45463	INF
45464	INF
45465	INF
45466	INF
45467	INF
45468	INF
45469	INF
45470	INF
45471	INF
45472	INF
45473	INF
45474	INF
45475	INF
45476	INF
45477	INF
45478	INF
45479	INF
45480	INF
45481	INF
45482	INF
45483	INF
45484	INF
45485	INF
45486	INF
45487	INF
45488	INF
45489	INF
45490	INF
45491	INF
45492	INF
45493	INF
45494	INF
45495	INF
45496	INF
45497	INF
45498	INF
45499	INF
45500	INF
45501	INF
45502	INF
45503	INF
45504	INF
45505	INF
45506	INF
45507	INF
45508	INF
45509	INF
45510	INF
45511	INF
45512	INF
45513	INF
45514	INF
45515	INF
45516	INF
45517	INF
45518	INF
45519	INF
45520	INF
45521	INF
45522	INF
45523	INF
45524	INF
45525	INF
45526	INF
45527	INF
45528	INF
45529	INF
45530	INF
45531	INF
45532	INF
45533	INF
45534	INF
45535	INF
45536	INF
45537	INF
45538	INF
45539	INF
45540	INF
45541	INF
45542	INF
45543	INF
45544	INF
45545	INF
45546	INF
45547	INF
45548	INF
45549	INF
45550	INF
45551	INF
45552	INF
45553	INF
45554	INF
45555	INF
45556	INF
45557	INF
45558	INF
45559	INF
45560	INF
45561	INF
45562	INF
45563	INF
45564	INF
45565	INF
45566	INF
45567	INF
45568	INF
45569	INF
45570	INF
45571	INF
45572	INF
45573	INF
45574	INF
45575	INF
45576	INF
45577	INF
45578	INF
45579	INF
45580	INF
45581	INF
45582	INF
45583	INF
45584	INF
45585	INF
45586	INF
45587	INF
45588	INF
45589	INF
45590	INF
45591	INF
45592	INF
45593	INF
45594	INF
45595	INF
45596	INF
45597	INF
45598	INF
45599	INF
45600	INF
45601	INF
45602	INF
45603	INF
45604	INF
45605	INF
45606	INF
45607	INF
45608	INF
45609	INF
45610	INF
45611	INF
45612	INF
45613	INF
45614	INF
45615	INF
45616	INF
45617	INF
45618	INF
45619	INF
45620	INF
45621	INF
45622	INF
45623	INF
45624	INF
45625	INF
45626	INF
45627	INF
45628	INF
45629	INF
45630	INF
45631	INF
45632	INF
45633	INF
45634	INF
45635	INF
45636	INF
45637	INF
45638	INF
45639	INF
45640	INF
45641	INF
45642	INF
45643	INF
45644	INF
45645	INF
45646	INF
45647	INF
45648	INF
45649	INF
45650	INF
45651	INF
45652	INF
45653	INF
45654	INF
45655	INF
45656	INF
45657	INF
45658	INF
45659	INF
45660	INF
45661	INF
45662	INF
45663	INF
45664	INF
45665	INF
45666	INF
45667	INF
45668	INF
45669	INF
45670	INF
45671	INF
45672	INF
45673	INF
45674	INF
45675	INF
45676	INF
45677	INF
45678	INF
45679	INF
45680	INF
45681	INF
45682	INF
45683	INF
45684	INF
45685	INF
45686	INF
45687	INF
45688	INF
45689	INF
45690	INF
45691	INF
45692	INF
45693	INF
45694	INF
45695	INF
45696	INF
45697	INF
45698	INF
45699	INF
45700	INF
45701	INF
45702	INF
45703	INF
45704	INF
45705	INF
45706	INF
45707	INF
45708	INF
45709	INF
45710	INF
45711	INF
45712	INF
45713	INF
45714	INF
45715	INF
45716	INF
45717	INF
45718	INF
45719	INF
45720	INF
45721	INF
45722	INF
45723	INF
45724	INF
45725	INF
45726	INF
45727	INF
45728	INF
45729	INF
45730	INF
45731	INF
45732	INF
45733	INF
45734	INF
45735	INF
45736	INF
45737	INF
45738	INF
45739	INF
45740	INF
45741	INF
45742	INF
45743	INF
45744	INF
45745	INF
45746	INF
45747	INF
45748	INF
45749	INF
45750	INF
45751	INF
45752	INF
45753	INF
45754	INF
45755	INF
45756	INF
45757	INF
45758	INF
45759	INF
45760	INF
45761	INF
45762	INF
45763	INF
45764	INF
45765	INF
45766	INF
45767	INF
45768	INF
45769	INF
45770	INF
45771	INF
45772	INF
45773	INF
45774	INF
45775	INF
45776	INF
45777	INF
45778	INF
45779	INF
45780	INF
45781	INF
45782	INF
45783	INF
45784	INF
45785	INF
45786	INF
45787	INF
45788	INF
45789	INF
45790	INF
45791	INF
45792	INF
45793	INF
45794	INF
45795	INF
45796	INF
45797	INF
45798	INF
45799	INF
45800	INF
45801	INF
45802	INF
45803	INF
45804	INF
45805	INF
45806	INF
45807	INF
45808	INF
45809	INF
45810	INF
45811	INF
45812	INF
45813	INF
45814	INF
45815	INF
45816	INF
45817	INF
45818	INF
45819	INF
45820	INF
45821	INF
45822	INF
45823	INF
45824	INF
45825	INF
45826	INF
45827	INF
45828	INF
45829	INF
45830	INF
45831	INF
45832	INF
45833	INF
45834	INF
45835	INF
45836	INF
45837	INF
45838	INF
45839	INF
45840	INF
45841	INF
45842	INF
45843	INF
45844	INF
45845	INF
45846	INF
45847	INF
45848	INF
45849	INF
45850	INF
45851	INF
45852	INF
45853	INF
45854	INF
45855	INF
45856	INF
45857	INF
45858	INF
45859	INF
45860	INF
45861	INF
45862	INF
45863	INF
45864	INF
45865	INF
45866	INF
45867	INF
45868	INF
45869	INF
45870	INF
45871	INF
45872	INF
45873	INF
45874	INF
45875	INF
45876	INF
45877	INF
45878	INF
45879	INF
45880	INF
45881	INF
45882	INF
45883	INF
45884	INF
45885	INF
45886	INF
45887	INF
45888	INF
45889	INF
45890	INF
45891	INF
45892	INF
45893	INF
45894	INF
45895	INF
45896	INF
45897	INF
45898	INF
45899	INF
45900	INF
45901	INF
45902	INF
45903	INF
45904	INF
45905	INF
45906	INF
45907	INF
45908	INF
45909	INF
45910	INF
45911	INF
45912	INF
45913	INF
45914	INF
45915	INF
45916	INF
45917	INF
45918	INF
45919	INF
45920	INF
45921	INF
45922	INF
45923	INF
45924	INF
45925	INF
45926	INF
45927	INF
45928	INF
45929	INF
45930	INF
45931	INF
45932	INF
45933	INF
45934	INF
45935	INF
45936	INF
45937	INF
45938	INF
45939	INF
45940	INF
45941	INF
45942	INF
45943	INF
45944	INF
45945	INF
45946	INF
45947	INF
45948	INF
45949	INF
45950	INF
45951	INF
45952	INF
45953	INF
45954	INF
45955	INF
45956	INF
45957	INF
45958	INF
45959	INF
45960	INF
45961	INF
45962	INF
45963	INF
45964	INF
45965	INF
45966	INF
45967	INF
45968	INF
45969	INF
45970	INF
45971	INF
45972	INF
45973	INF
45974	INF
45975	INF
45976	INF
45977	INF
45978	INF
45979	INF
45980	INF
45981	INF
45982	INF
45983	INF
45984	INF
45985	INF
45986	INF
45987	INF
45988	INF
45989	INF
45990	INF
45991	INF
45992	INF
45993	INF
45994	INF
45995	INF
45996	INF
45997	INF
45998	INF
45999	INF
46000	INF
46001	INF
46002	INF
46003	INF
46004	INF
46005	INF
46006	INF
46007	INF
46008	INF
46009	INF
46010	INF
46011	INF
46012	INF
46013	INF
46014	INF
46015	INF
46016	INF
46017	INF
46018	INF
46019	INF
46020	INF
46021	INF
46022	INF
46023	INF
46024	INF
46025	INF
46026	INF
46027	INF
46028	INF
46029	INF
46030	INF
46031	INF
46032	INF
46033	INF
46034	INF
46035	INF
46036	INF
46037	INF
46038	INF
46039	INF
46040	INF
46041	INF
46042	INF
46043	INF
46044	INF
46045	INF
46046	INF
46047	INF
46048	INF
46049	INF
46050	INF
46051	INF
46052	INF
46053	INF
46054	INF
46055	INF
46056	INF
46057	INF
46058	INF
46059	INF
46060	INF
46061	INF
46062	INF
46063	INF
46064	INF
46065	INF
46066	INF
46067	INF
46068	INF
46069	INF
46070	INF
46071	INF
46072	INF
46073	INF
46074	INF
46075	INF
46076	INF
46077	INF
46078	INF
46079	INF
46080	INF
46081	INF
46082	INF
46083	INF
46084	INF
46085	INF
46086	INF
46087	INF
46088	INF
46089	INF
46090	INF
46091	INF
46092	INF
46093	INF
46094	INF
46095	INF
46096	INF
46097	INF
46098	INF
46099	INF
46100	INF
46101	INF
46102	INF
46103	INF
46104	INF
46105	INF
46106	INF
46107	INF
46108	INF
46109	INF
46110	INF
46111	INF
46112	INF
46113	INF
46114	INF
46115	INF
46116	INF
46117	INF
46118	INF
46119	INF
46120	INF
46121	INF
46122	INF
46123	INF
46124	INF
46125	INF
46126	INF
46127	INF
46128	INF
46129	INF
46130	INF
46131	INF
46132	INF
46133	INF
46134	INF
46135	INF
46136	INF
46137	INF
46138	INF
46139	INF
46140	INF
46141	INF
46142	INF
46143	INF
46144	INF
46145	INF
46146	INF
46147	INF
46148	INF
46149	INF
46150	INF
46151	INF
46152	INF
46153	INF
46154	INF
46155	INF
46156	INF
46157	INF
46158	INF
46159	INF
46160	INF
46161	INF
46162	INF
46163	INF
46164	INF
46165	INF
46166	INF
46167	INF
46168	INF
46169	INF
46170	INF
46171	INF
46172	INF
46173	INF
46174	INF
46175	INF
46176	INF
46177	INF
46178	INF
46179	INF
46180	INF
46181	INF
46182	INF
46183	INF
46184	INF
46185	INF
46186	INF
46187	INF
46188	INF
46189	INF
46190	INF
46191	INF
46192	INF
46193	INF
46194	INF
46195	INF
46196	INF
46197	INF
46198	INF
46199	INF
46200	INF
46201	INF
46202	INF
46203	INF
46204	INF
46205	INF
46206	INF
46207	INF
46208	INF
46209	INF
46210	INF
46211	INF
46212	INF
46213	INF
46214	INF
46215	INF
46216	INF
46217	INF
46218	INF
46219	INF
46220	INF
46221	INF
46222	INF
46223	INF
46224	INF
46225	INF
46226	INF
46227	INF
46228	INF
46229	INF
46230	INF
46231	INF
46232	INF
46233	INF
46234	INF
46235	INF
46236	INF
46237	INF
46238	INF
46239	INF
46240	INF
46241	INF
46242	INF
46243	INF
46244	INF
46245	INF
46246	INF
46247	INF
46248	INF
46249	INF
46250	INF
46251	INF
46252	INF
46253	INF
46254	INF
46255	INF
46256	INF
46257	INF
46258	INF
46259	INF
46260	INF
46261	INF
46262	INF
46263	INF
46264	INF
46265	INF
46266	INF
46267	INF
46268	INF
46269	INF
46270	INF
46271	INF
46272	INF
46273	INF
46274	INF
46275	INF
46276	INF
46277	INF
46278	INF
46279	INF
46280	INF
46281	INF
46282	INF
46283	INF
46284	INF
46285	INF
46286	INF
46287	INF
46288	INF
46289	INF
46290	INF
46291	INF
46292	INF
46293	INF
46294	INF
46295	INF
46296	INF
46297	INF
46298	INF
46299	INF
46300	INF
46301	INF
46302	INF
46303	INF
46304	INF
46305	INF
46306	INF
46307	INF
46308	INF
46309	INF
46310	INF
46311	INF
46312	INF
46313	INF
46314	INF
46315	INF
46316	INF
46317	INF
46318	INF
46319	INF
46320	INF
46321	INF
46322	INF
46323	INF
46324	INF
46325	INF
46326	INF
46327	INF
46328	INF
46329	INF
46330	INF
46331	INF
46332	INF
46333	INF
46334	INF
46335	INF
46336	INF
46337	INF
46338	INF
46339	INF
46340	INF
46341	INF
46342	INF
46343	INF
46344	INF
46345	INF
46346	INF
46347	INF
46348	INF
46349	INF
46350	INF
46351	INF
46352	INF
46353	INF
46354	INF
46355	INF
46356	INF
46357	INF
46358	INF
46359	INF
46360	INF
46361	INF
46362	INF
46363	INF
46364	INF
46365	INF
46366	INF
46367	INF
46368	INF
46369	INF
46370	INF
46371	INF
46372	INF
46373	INF
46374	INF
46375	INF
46376	INF
46377	INF
46378	INF
46379	INF
46380	INF
46381	INF
46382	INF
46383	INF
46384	INF
46385	INF
46386	INF
46387	INF
46388	INF
46389	INF
46390	INF
46391	INF
46392	INF
46393	INF
46394	INF
46395	INF
46396	INF
46397	INF
46398	INF
46399	INF
46400	INF
46401	INF
46402	INF
46403	INF
46404	INF
46405	INF
46406	INF
46407	INF
46408	INF
46409	INF
46410	INF
46411	INF
46412	INF
46413	INF
46414	INF
46415	INF
46416	INF
46417	INF
46418	INF
46419	INF
46420	INF
46421	INF
46422	INF
46423	INF
46424	INF
46425	INF
46426	INF
46427	INF
46428	INF
46429	INF
46430	INF
46431	INF
46432	INF
46433	INF
46434	INF
46435	INF
46436	INF
46437	INF
46438	INF
46439	INF
46440	INF
46441	INF
46442	INF
46443	INF
46444	INF
46445	INF
46446	INF
46447	INF
46448	INF
46449	INF
46450	INF
46451	INF
46452	INF
46453	INF
46454	INF
46455	INF
46456	INF
46457	INF
46458	INF
46459	INF
46460	INF
46461	INF
46462	INF
46463	INF
46464	INF
46465	INF
46466	INF
46467	INF
46468	INF
46469	INF
46470	INF
46471	INF
46472	INF
46473	INF
46474	INF
46475	INF
46476	INF
46477	INF
46478	INF
46479	INF
46480	INF
46481	INF
46482	INF
46483	INF
46484	INF
46485	INF
46486	INF
46487	INF
46488	INF
46489	INF
46490	INF
46491	INF
46492	INF
46493	INF
46494	INF
46495	INF
46496	INF
46497	INF
46498	INF
46499	INF
46500	INF
46501	INF
46502	INF
46503	INF
46504	INF
46505	INF
46506	INF
46507	INF
46508	INF
46509	INF
46510	INF
46511	INF
46512	INF
46513	INF
46514	INF
46515	INF
46516	INF
46517	INF
46518	INF
46519	INF
46520	INF
46521	INF
46522	INF
46523	INF
46524	INF
46525	INF
46526	INF
46527	INF
46528	INF
46529	INF
46530	INF
46531	INF
46532	INF
46533	INF
46534	INF
46535	INF
46536	INF
46537	INF
46538	INF
46539	INF
46540	INF
46541	INF
46542	INF
46543	INF
46544	INF
46545	INF
46546	INF
46547	INF
46548	INF
46549	INF
46550	INF
46551	INF
46552	INF
46553	INF
46554	INF
46555	INF
46556	INF
46557	INF
46558	INF
46559	INF
46560	INF
46561	INF
46562	INF
46563	INF
46564	INF
46565	INF
46566	INF
46567	INF
46568	INF
46569	INF
46570	INF
46571	INF
46572	INF
46573	INF
46574	INF
46575	INF
46576	INF
46577	INF
46578	INF
46579	INF
46580	INF
46581	INF
46582	INF
46583	INF
46584	INF
46585	INF
46586	INF
46587	INF
46588	INF
46589	INF
46590	INF
46591	INF
46592	INF
46593	INF
46594	INF
46595	INF
46596	INF
46597	INF
46598	INF
46599	INF
46600	INF
46601	INF
46602	INF
46603	INF
46604	INF
46605	INF
46606	INF
46607	INF
46608	INF
46609	INF
46610	INF
46611	INF
46612	INF
46613	INF
46614	INF
46615	INF
46616	INF
46617	INF
46618	INF
46619	INF
46620	INF
46621	INF
46622	INF
46623	INF
46624	INF
46625	INF
46626	INF
46627	INF
46628	INF
46629	INF
46630	INF
46631	INF
46632	INF
46633	INF
46634	INF
46635	INF
46636	INF
46637	INF
46638	INF
46639	INF
46640	INF
46641	INF
46642	INF
46643	INF
46644	INF
46645	INF
46646	INF
46647	INF
46648	INF
46649	INF
46650	INF
46651	INF
46652	INF
46653	INF
46654	INF
46655	INF
46656	INF
46657	INF
46658	INF
46659	INF
46660	INF
46661	INF
46662	INF
46663	INF
46664	INF
46665	INF
46666	INF
46667	INF
46668	INF
46669	INF
46670	INF
46671	INF
46672	INF
46673	INF
46674	INF
46675	INF
46676	INF
46677	INF
46678	INF
46679	INF
46680	INF
46681	INF
46682	INF
46683	INF
46684	INF
46685	INF
46686	INF
46687	INF
46688	INF
46689	INF
46690	INF
46691	INF
46692	INF
46693	INF
46694	INF
46695	INF
46696	INF
46697	INF
46698	INF
46699	INF
46700	INF
46701	INF
46702	INF
46703	INF
46704	INF
46705	INF
46706	INF
46707	INF
46708	INF
46709	INF
46710	INF
46711	INF
46712	INF
46713	INF
46714	INF
46715	INF
46716	INF
46717	INF
46718	INF
46719	INF
46720	INF
46721	INF
46722	INF
46723	INF
46724	INF
46725	INF
46726	INF
46727	INF
46728	INF
46729	INF
46730	INF
46731	INF
46732	INF
46733	INF
46734	INF
46735	INF
46736	INF
46737	INF
46738	INF
46739	INF
46740	INF
46741	INF
46742	INF
46743	INF
46744	INF
46745	INF
46746	INF
46747	INF
46748	INF
46749	INF
46750	INF
46751	INF
46752	INF
46753	INF
46754	INF
46755	INF
46756	INF
46757	INF
46758	INF
46759	INF
46760	INF
46761	INF
46762	INF
46763	INF
46764	INF
46765	INF
46766	INF
46767	INF
46768	INF
46769	INF
46770	INF
46771	INF
46772	INF
46773	INF
46774	INF
46775	INF
46776	INF
46777	INF
46778	INF
46779	INF
46780	INF
46781	INF
46782	INF
46783	INF
46784	INF
46785	INF
46786	INF
46787	INF
46788	INF
46789	INF
46790	INF
46791	INF
46792	INF
46793	INF
46794	INF
46795	INF
46796	INF
46797	INF
46798	INF
46799	INF
46800	INF
46801	INF
46802	INF
46803	INF
46804	INF
46805	INF
46806	INF
46807	INF
46808	INF
46809	INF
46810	INF
46811	INF
46812	INF
46813	INF
46814	INF
46815	INF
46816	INF
46817	INF
46818	INF
46819	INF
46820	INF
46821	INF
46822	INF
46823	INF
46824	INF
46825	INF
46826	INF
46827	INF
46828	INF
46829	INF
46830	INF
46831	INF
46832	INF
46833	INF
46834	INF
46835	INF
46836	INF
46837	INF
46838	INF
46839	INF
46840	INF
46841	INF
46842	INF
46843	INF
46844	INF
46845	INF
46846	INF
46847	INF
46848	INF
46849	INF
46850	INF
46851	INF
46852	INF
46853	INF
46854	INF
46855	INF
46856	INF
46857	INF
46858	INF
46859	INF
46860	INF
46861	INF
46862	INF
46863	INF
46864	INF
46865	INF
46866	INF
46867	INF
46868	INF
46869	INF
46870	INF
46871	INF
46872	INF
46873	INF
46874	INF
46875	INF
46876	INF
46877	INF
46878	INF
46879	INF
46880	INF
46881	INF
46882	INF
46883	INF
46884	INF
46885	INF
46886	INF
46887	INF
46888	INF
46889	INF
46890	INF
46891	INF
46892	INF
46893	INF
46894	INF
46895	INF
46896	INF
46897	INF
46898	INF
46899	INF
46900	INF
46901	INF
46902	INF
46903	INF
46904	INF
46905	INF
46906	INF
46907	INF
46908	INF
46909	INF
46910	INF
46911	INF
46912	INF
46913	INF
46914	INF
46915	INF
46916	INF
46917	INF
46918	INF
46919	INF
46920	INF
46921	INF
46922	INF
46923	INF
46924	INF
46925	INF
46926	INF
46927	INF
46928	INF
46929	INF
46930	INF
46931	INF
46932	INF
46933	INF
46934	INF
46935	INF
46936	INF
46937	INF
46938	INF
46939	INF
46940	INF
46941	INF
46942	INF
46943	INF
46944	INF
46945	INF
46946	INF
46947	INF
46948	INF
46949	INF
46950	INF
46951	INF
46952	INF
46953	INF
46954	INF
46955	INF
46956	INF
46957	INF
46958	INF
46959	INF
46960	INF
46961	INF
46962	INF
46963	INF
46964	INF
46965	INF
46966	INF
46967	INF
46968	INF
46969	INF
46970	INF
46971	INF
46972	INF
46973	INF
46974	INF
46975	INF
46976	INF
46977	INF
46978	INF
46979	INF
46980	INF
46981	INF
46982	INF
46983	INF
46984	INF
46985	INF
46986	INF
46987	INF
46988	INF
46989	INF
46990	INF
46991	INF
46992	INF
46993	INF
46994	INF
46995	INF
46996	INF
46997	INF
46998	INF
46999	INF
47000	INF
47001	INF
47002	INF
47003	INF
47004	INF
47005	INF
47006	INF
47007	INF
47008	INF
47009	INF
47010	INF
47011	INF
47012	INF
47013	INF
47014	INF
47015	INF
47016	INF
47017	INF
47018	INF
47019	INF
47020	INF
47021	INF
47022	INF
47023	INF
47024	INF
47025	INF
47026	INF
47027	INF
47028	INF
47029	INF
47030	INF
47031	INF
47032	INF
47033	INF
47034	INF
47035	INF
47036	INF
47037	INF
47038	INF
47039	INF
47040	INF
47041	INF
47042	INF
47043	INF
47044	INF
47045	INF
47046	INF
47047	INF
47048	INF
47049	INF
47050	INF
47051	INF
47052	INF
47053	INF
47054	INF
47055	INF
47056	INF
47057	INF
47058	INF
47059	INF
47060	INF
47061	INF
47062	INF
47063	INF
47064	INF
47065	INF
47066	INF
47067	INF
47068	INF
47069	INF
47070	INF
47071	INF
47072	INF
47073	INF
47074	INF
47075	INF
47076	INF
47077	INF
47078	INF
47079	INF
47080	INF
47081	INF
47082	INF
47083	INF
47084	INF
47085	INF
47086	INF
47087	INF
47088	INF
47089	INF
47090	INF
47091	INF
47092	INF
47093	INF
47094	INF
47095	INF
47096	INF
47097	INF
47098	INF
47099	INF
47100	INF
47101	INF
47102	INF
47103	INF
47104	INF
47105	INF
47106	INF
47107	INF
47108	INF
47109	INF
47110	INF
47111	INF
47112	INF
47113	INF
47114	INF
47115	INF
47116	INF
47117	INF
47118	INF
47119	INF
47120	INF
47121	INF
47122	INF
47123	INF
47124	INF
47125	INF
47126	INF
47127	INF
47128	INF
47129	INF
47130	INF
47131	INF
47132	INF
47133	INF
47134	INF
47135	INF
47136	INF
47137	INF
47138	INF
47139	INF
47140	INF
47141	INF
47142	INF
47143	INF
47144	INF
47145	INF
47146	INF
47147	INF
47148	INF
47149	INF
47150	INF
47151	INF
47152	INF
47153	INF
47154	INF
47155	INF
47156	INF
47157	INF
47158	INF
47159	INF
47160	INF
47161	INF
47162	INF
47163	INF
47164	INF
47165	INF
47166	INF
47167	INF
47168	INF
47169	INF
47170	INF
47171	INF
47172	INF
47173	INF
47174	INF
47175	INF
47176	INF
47177	INF
47178	INF
47179	INF
47180	INF
47181	INF
47182	INF
47183	INF
47184	INF
47185	INF
47186	INF
47187	INF
47188	INF
47189	INF
47190	INF
47191	INF
47192	INF
47193	INF
47194	INF
47195	INF
47196	INF
47197	INF
47198	INF
47199	INF
47200	INF
47201	INF
47202	INF
47203	INF
47204	INF
47205	INF
47206	INF
47207	INF
47208	INF
47209	INF
47210	INF
47211	INF
47212	INF
47213	INF
47214	INF
47215	INF
47216	INF
47217	INF
47218	INF
47219	INF
47220	INF
47221	INF
47222	INF
47223	INF
47224	INF
47225	INF
47226	INF
47227	INF
47228	INF
47229	INF
47230	INF
47231	INF
47232	INF
47233	INF
47234	INF
47235	INF
47236	INF
47237	INF
47238	INF
47239	INF
47240	INF
47241	INF
47242	INF
47243	INF
47244	INF
47245	INF
47246	INF
47247	INF
47248	INF
47249	INF
47250	INF
47251	INF
47252	INF
47253	INF
47254	INF
47255	INF
47256	INF
47257	INF
47258	INF
47259	INF
47260	INF
47261	INF
47262	INF
47263	INF
47264	INF
47265	INF
47266	INF
47267	INF
47268	INF
47269	INF
47270	INF
47271	INF
47272	INF
47273	INF
47274	INF
47275	INF
47276	INF
47277	INF
47278	INF
47279	INF
47280	INF
47281	INF
47282	INF
47283	INF
47284	INF
47285	INF
47286	INF
47287	INF
47288	INF
47289	INF
47290	INF
47291	INF
47292	INF
47293	INF
47294	INF
47295	INF
47296	INF
47297	INF
47298	INF
47299	INF
47300	INF
47301	INF
47302	INF
47303	INF
47304	INF
47305	INF
47306	INF
47307	INF
47308	INF
47309	INF
47310	INF
47311	INF
47312	INF
47313	INF
47314	INF
47315	INF
47316	INF
47317	INF
47318	INF
47319	INF
47320	INF
47321	INF
47322	INF
47323	INF
47324	INF
47325	INF
47326	INF
47327	INF
47328	INF
47329	INF
47330	INF
47331	INF
47332	INF
47333	INF
47334	INF
47335	INF
47336	INF
47337	INF
47338	INF
47339	INF
47340	INF
47341	INF
47342	INF
47343	INF
47344	INF
47345	INF
47346	INF
47347	INF
47348	INF
47349	INF
47350	INF
47351	INF
47352	INF
47353	INF
47354	INF
47355	INF
47356	INF
47357	INF
47358	INF
47359	INF
47360	INF
47361	INF
47362	INF
47363	INF
47364	INF
47365	INF
47366	INF
47367	INF
47368	INF
47369	INF
47370	INF
47371	INF
47372	INF
47373	INF
47374	INF
47375	INF
47376	INF
47377	INF
47378	INF
47379	INF
47380	INF
47381	INF
47382	INF
47383	INF
47384	INF
47385	INF
47386	INF
47387	INF
47388	INF
47389	INF
47390	INF
47391	INF
47392	INF
47393	INF
47394	INF
47395	INF
47396	INF
47397	INF
47398	INF
47399	INF
47400	INF
47401	INF
47402	INF
47403	INF
47404	INF
47405	INF
47406	INF
47407	INF
47408	INF
47409	INF
47410	INF
47411	INF
47412	INF
47413	INF
47414	INF
47415	INF
47416	INF
47417	INF
47418	INF
47419	INF
47420	INF
47421	INF
47422	INF
47423	INF
47424	INF
47425	INF
47426	INF
47427	INF
47428	INF
47429	INF
47430	INF
47431	INF
47432	INF
47433	INF
47434	INF
47435	INF
47436	INF
47437	INF
47438	INF
47439	INF
47440	INF
47441	INF
47442	INF
47443	INF
47444	INF
47445	INF
47446	INF
47447	INF
47448	INF
47449	INF
47450	INF
47451	INF
47452	INF
47453	INF
47454	INF
47455	INF
47456	INF
47457	INF
47458	INF
47459	INF
47460	INF
47461	INF
47462	INF
47463	INF
47464	INF
47465	INF
47466	INF
47467	INF
47468	INF
47469	INF
47470	INF
47471	INF
47472	INF
47473	INF
47474	INF
47475	INF
47476	INF
47477	INF
47478	INF
47479	INF
47480	INF
47481	INF
47482	INF
47483	INF
47484	INF
47485	INF
47486	INF
47487	INF
47488	INF
47489	INF
47490	INF
47491	INF
47492	INF
47493	INF
47494	INF
47495	INF
47496	INF
47497	INF
47498	INF
47499	INF
47500	INF
47501	INF
47502	INF
47503	INF
47504	INF
47505	INF
47506	INF
47507	INF
47508	INF
47509	INF
47510	INF
47511	INF
47512	INF
47513	INF
47514	INF
47515	INF
47516	INF
47517	INF
47518	INF
47519	INF
47520	INF
47521	INF
47522	INF
47523	INF
47524	INF
47525	INF
47526	INF
47527	INF
47528	INF
47529	INF
47530	INF
47531	INF
47532	INF
47533	INF
47534	INF
47535	INF
47536	INF
47537	INF
47538	INF
47539	INF
47540	INF
47541	INF
47542	INF
47543	INF
47544	INF
47545	INF
47546	INF
47547	INF
47548	INF
47549	INF
47550	INF
47551	INF
47552	INF
47553	INF
47554	INF
47555	INF
47556	INF
47557	INF
47558	INF
47559	INF
47560	INF
47561	INF
47562	INF
47563	INF
47564	INF
47565	INF
47566	INF
47567	INF
47568	INF
47569	INF
47570	INF
47571	INF
47572	INF
47573	INF
47574	INF
47575	INF
47576	INF
47577	INF
47578	INF
47579	INF
47580	INF
47581	INF
47582	INF
47583	INF
47584	INF
47585	INF
47586	INF
47587	INF
47588	INF
47589	INF
47590	INF
47591	INF
47592	INF
47593	INF
47594	INF
47595	INF
47596	INF
47597	INF
47598	INF
47599	INF
47600	INF
47601	INF
47602	INF
47603	INF
47604	INF
47605	INF
47606	INF
47607	INF
47608	INF
47609	INF
47610	INF
47611	INF
47612	INF
47613	INF
47614	INF
47615	INF
47616	INF
47617	INF
47618	INF
47619	INF
47620	INF
47621	INF
47622	INF
47623	INF
47624	INF
47625	INF
47626	INF
47627	INF
47628	INF
47629	INF
47630	INF
47631	INF
47632	INF
47633	INF
47634	INF
47635	INF
47636	INF
47637	INF
47638	INF
47639	INF
47640	INF
47641	INF
47642	INF
47643	INF
47644	INF
47645	INF
47646	INF
47647	INF
47648	INF
47649	INF
47650	INF
47651	INF
47652	INF
47653	INF
47654	INF
47655	INF
47656	INF
47657	INF
47658	INF
47659	INF
47660	INF
47661	INF
47662	INF
47663	INF
47664	INF
47665	INF
47666	INF
47667	INF
47668	INF
47669	INF
47670	INF
47671	INF
47672	INF
47673	INF
47674	INF
47675	INF
47676	INF
47677	INF
47678	INF
47679	INF
47680	INF
47681	INF
47682	INF
47683	INF
47684	INF
47685	INF
47686	INF
47687	INF
47688	INF
47689	INF
47690	INF
47691	INF
47692	INF
47693	INF
47694	INF
47695	INF
47696	INF
47697	INF
47698	INF
47699	INF
47700	INF
47701	INF
47702	INF
47703	INF
47704	INF
47705	INF
47706	INF
47707	INF
47708	INF
47709	INF
47710	INF
47711	INF
47712	INF
47713	INF
47714	INF
47715	INF
47716	INF
47717	INF
47718	INF
47719	INF
47720	INF
47721	INF
47722	INF
47723	INF
47724	INF
47725	INF
47726	INF
47727	INF
47728	INF
47729	INF
47730	INF
47731	INF
47732	INF
47733	INF
47734	INF
47735	INF
47736	INF
47737	INF
47738	INF
47739	INF
47740	INF
47741	INF
47742	INF
47743	INF
47744	INF
47745	INF
47746	INF
47747	INF
47748	INF
47749	INF
47750	INF
47751	INF
47752	INF
47753	INF
47754	INF
47755	INF
47756	INF
47757	INF
47758	INF
47759	INF
47760	INF
47761	INF
47762	INF
47763	INF
47764	INF
47765	INF
47766	INF
47767	INF
47768	INF
47769	INF
47770	INF
47771	INF
47772	INF
47773	INF
47774	INF
47775	INF
47776	INF
47777	INF
47778	INF
47779	INF
47780	INF
47781	INF
47782	INF
47783	INF
47784	INF
47785	INF
47786	INF
47787	INF
47788	INF
47789	INF
47790	INF
47791	INF
47792	INF
47793	INF
47794	INF
47795	INF
47796	INF
47797	INF
47798	INF
47799	INF
47800	INF
47801	INF
47802	INF
47803	INF
47804	INF
47805	INF
47806	INF
47807	INF
47808	INF
47809	INF
47810	INF
47811	INF
47812	INF
47813	INF
47814	INF
47815	INF
47816	INF
47817	INF
47818	INF
47819	INF
47820	INF
47821	INF
47822	INF
47823	INF
47824	INF
47825	INF
47826	INF
47827	INF
47828	INF
47829	INF
47830	INF
47831	INF
47832	INF
47833	INF
47834	INF
47835	INF
47836	INF
47837	INF
47838	INF
47839	INF
47840	INF
47841	INF
47842	INF
47843	INF
47844	INF
47845	INF
47846	INF
47847	INF
47848	INF
47849	INF
47850	INF
47851	INF
47852	INF
47853	INF
47854	INF
47855	INF
47856	INF
47857	INF
47858	INF
47859	INF
47860	INF
47861	INF
47862	INF
47863	INF
47864	INF
47865	INF
47866	INF
47867	INF
47868	INF
47869	INF
47870	INF
47871	INF
47872	INF
47873	INF
47874	INF
47875	INF
47876	INF
47877	INF
47878	INF
47879	INF
47880	INF
47881	INF
47882	INF
47883	INF
47884	INF
47885	INF
47886	INF
47887	INF
47888	INF
47889	INF
47890	INF
47891	INF
47892	INF
47893	INF
47894	INF
47895	INF
47896	INF
47897	INF
47898	INF
47899	INF
47900	INF
47901	INF
47902	INF
47903	INF
47904	INF
47905	INF
47906	INF
47907	INF
47908	INF
47909	INF
47910	INF
47911	INF
47912	INF
47913	INF
47914	INF
47915	INF
47916	INF
47917	INF
47918	INF
47919	INF
47920	INF
47921	INF
47922	INF
47923	INF
47924	INF
47925	INF
47926	INF
47927	INF
47928	INF
47929	INF
47930	INF
47931	INF
47932	INF
47933	INF
47934	INF
47935	INF
47936	INF
47937	INF
47938	INF
47939	INF
47940	INF
47941	INF
47942	INF
47943	INF
47944	INF
47945	INF
47946	INF
47947	INF
47948	INF
47949	INF
47950	INF
47951	INF
47952	INF
47953	INF
47954	INF
47955	INF
47956	INF
47957	INF
47958	INF
47959	INF
47960	INF
47961	INF
47962	INF
47963	INF
47964	INF
47965	INF
47966	INF
47967	INF
47968	INF
47969	INF
47970	INF
47971	INF
47972	INF
47973	INF
47974	INF
47975	INF
47976	INF
47977	INF
47978	INF
47979	INF
47980	INF
47981	INF
47982	INF
47983	INF
47984	INF
47985	INF
47986	INF
47987	INF
47988	INF
47989	INF
47990	INF
47991	INF
47992	INF
47993	INF
47994	INF
47995	INF
47996	INF
47997	INF
47998	INF
47999	INF
48000	INF
48001	INF
48002	INF
48003	INF
48004	INF
48005	INF
48006	INF
48007	INF
48008	INF
48009	INF
48010	INF
48011	INF
48012	INF
48013	INF
48014	INF
48015	INF
48016	INF
48017	INF
48018	INF
48019	INF
48020	INF
48021	INF
48022	INF
48023	INF
48024	INF
48025	INF
48026	INF
48027	INF
48028	INF
48029	INF
48030	INF
48031	INF
48032	INF
48033	INF
48034	INF
48035	INF
48036	INF
48037	INF
48038	INF
48039	INF
48040	INF
48041	INF
48042	INF
48043	INF
48044	INF
48045	INF
48046	INF
48047	INF
48048	INF
48049	INF
48050	INF
48051	INF
48052	INF
48053	INF
48054	INF
48055	INF
48056	INF
48057	INF
48058	INF
48059	INF
48060	INF
48061	INF
48062	INF
48063	INF
48064	INF
48065	INF
48066	INF
48067	INF
48068	INF
48069	INF
48070	INF
48071	INF
48072	INF
48073	INF
48074	INF
48075	INF
48076	INF
48077	INF
48078	INF
48079	INF
48080	INF
48081	INF
48082	INF
48083	INF
48084	INF
48085	INF
48086	INF
48087	INF
48088	INF
48089	INF
48090	INF
48091	INF
48092	INF
48093	INF
48094	INF
48095	INF
48096	INF
48097	INF
48098	INF
48099	INF
48100	INF
48101	INF
48102	INF
48103	INF
48104	INF
48105	INF
48106	INF
48107	INF
48108	INF
48109	INF
48110	INF
48111	INF
48112	INF
48113	INF
48114	INF
48115	INF
48116	INF
48117	INF
48118	INF
48119	INF
48120	INF
48121	INF
48122	INF
48123	INF
48124	INF
48125	INF
48126	INF
48127	INF
48128	INF
48129	INF
48130	INF
48131	INF
48132	INF
48133	INF
48134	INF
48135	INF
48136	INF
48137	INF
48138	INF
48139	INF
48140	INF
48141	INF
48142	INF
48143	INF
48144	INF
48145	INF
48146	INF
48147	INF
48148	INF
48149	INF
48150	INF
48151	INF
48152	INF
48153	INF
48154	INF
48155	INF
48156	INF
48157	INF
48158	INF
48159	INF
48160	INF
48161	INF
48162	INF
48163	INF
48164	INF
48165	INF
48166	INF
48167	INF
48168	INF
48169	INF
48170	INF
48171	INF
48172	INF
48173	INF
48174	INF
48175	INF
48176	INF
48177	INF
48178	INF
48179	INF
48180	INF
48181	INF
48182	INF
48183	INF
48184	INF
48185	INF
48186	INF
48187	INF
48188	INF
48189	INF
48190	INF
48191	INF
48192	INF
48193	INF
48194	INF
48195	INF
48196	INF
48197	INF
48198	INF
48199	INF
48200	INF
48201	INF
48202	INF
48203	INF
48204	INF
48205	INF
48206	INF
48207	INF
48208	INF
48209	INF
48210	INF
48211	INF
48212	INF
48213	INF
48214	INF
48215	INF
48216	INF
48217	INF
48218	INF
48219	INF
48220	INF
48221	INF
48222	INF
48223	INF
48224	INF
48225	INF
48226	INF
48227	INF
48228	INF
48229	INF
48230	INF
48231	INF
48232	INF
48233	INF
48234	INF
48235	INF
48236	INF
48237	INF
48238	INF
48239	INF
48240	INF
48241	INF
48242	INF
48243	INF
48244	INF
48245	INF
48246	INF
48247	INF
48248	INF
48249	INF
48250	INF
48251	INF
48252	INF
48253	INF
48254	INF
48255	INF
48256	INF
48257	INF
48258	INF
48259	INF
48260	INF
48261	INF
48262	INF
48263	INF
48264	INF
48265	INF
48266	INF
48267	INF
48268	INF
48269	INF
48270	INF
48271	INF
48272	INF
48273	INF
48274	INF
48275	INF
48276	INF
48277	INF
48278	INF
48279	INF
48280	INF
48281	INF
48282	INF
48283	INF
48284	INF
48285	INF
48286	INF
48287	INF
48288	INF
48289	INF
48290	INF
48291	INF
48292	INF
48293	INF
48294	INF
48295	INF
48296	INF
48297	INF
48298	INF
48299	INF
48300	INF
48301	INF
48302	INF
48303	INF
48304	INF
48305	INF
48306	INF
48307	INF
48308	INF
48309	INF
48310	INF
48311	INF
48312	INF
48313	INF
48314	INF
48315	INF
48316	INF
48317	INF
48318	INF
48319	INF
48320	INF
48321	INF
48322	INF
48323	INF
48324	INF
48325	INF
48326	INF
48327	INF
48328	INF
48329	INF
48330	INF
48331	INF
48332	INF
48333	INF
48334	INF
48335	INF
48336	INF
48337	INF
48338	INF
48339	INF
48340	INF
48341	INF
48342	INF
48343	INF
48344	INF
48345	INF
48346	INF
48347	INF
48348	INF
48349	INF
48350	INF
48351	INF
48352	INF
48353	INF
48354	INF
48355	INF
48356	INF
48357	INF
48358	INF
48359	INF
48360	INF
48361	INF
48362	INF
48363	INF
48364	INF
48365	INF
48366	INF
48367	INF
48368	INF
48369	INF
48370	INF
48371	INF
48372	INF
48373	INF
48374	INF
48375	INF
48376	INF
48377	INF
48378	INF
48379	INF
48380	INF
48381	INF
48382	INF
48383	INF
48384	INF
48385	INF
48386	INF
48387	INF
48388	INF
48389	INF
48390	INF
48391	INF
48392	INF
48393	INF
48394	INF
48395	INF
48396	INF
48397	INF
48398	INF
48399	INF
48400	INF
48401	INF
48402	INF
48403	INF
48404	INF
48405	INF
48406	INF
48407	INF
48408	INF
48409	INF
48410	INF
48411	INF
48412	INF
48413	INF
48414	INF
48415	INF
48416	INF
48417	INF
48418	INF
48419	INF
48420	INF
48421	INF
48422	INF
48423	INF
48424	INF
48425	INF
48426	INF
48427	INF
48428	INF
48429	INF
48430	INF
48431	INF
48432	INF
48433	INF
48434	INF
48435	INF
48436	INF
48437	INF
48438	INF
48439	INF
48440	INF
48441	INF
48442	INF
48443	INF
48444	INF
48445	INF
48446	INF
48447	INF
48448	INF
48449	INF
48450	INF
48451	INF
48452	INF
48453	INF
48454	INF
48455	INF
48456	INF
48457	INF
48458	INF
48459	INF
48460	INF
48461	INF
48462	INF
48463	INF
48464	INF
48465	INF
48466	INF
48467	INF
48468	INF
48469	INF
48470	INF
48471	INF
48472	INF
48473	INF
48474	INF
48475	INF
48476	INF
48477	INF
48478	INF
48479	INF
48480	INF
48481	INF
48482	INF
48483	INF
48484	INF
48485	INF
48486	INF
48487	INF
48488	INF
48489	INF
48490	INF
48491	INF
48492	INF
48493	INF
48494	INF
48495	INF
48496	INF
48497	INF
48498	INF
48499	INF
48500	INF
48501	INF
48502	INF
48503	INF
48504	INF
48505	INF
48506	INF
48507	INF
48508	INF
48509	INF
48510	INF
48511	INF
48512	INF
48513	INF
48514	INF
48515	INF
48516	INF
48517	INF
48518	INF
48519	INF
48520	INF
48521	INF
48522	INF
48523	INF
48524	INF
48525	INF
48526	INF
48527	INF
48528	INF
48529	INF
48530	INF
48531	INF
48532	INF
48533	INF
48534	INF
48535	INF
48536	INF
48537	INF
48538	INF
48539	INF
48540	INF
48541	INF
48542	INF
48543	INF
48544	INF
48545	INF
48546	INF
48547	INF
48548	INF
48549	INF
48550	INF
48551	INF
48552	INF
48553	INF
48554	INF
48555	INF
48556	INF
48557	INF
48558	INF
48559	INF
48560	INF
48561	INF
48562	INF
48563	INF
48564	INF
48565	INF
48566	INF
48567	INF
48568	INF
48569	INF
48570	INF
48571	INF
48572	INF
48573	INF
48574	INF
48575	INF
48576	INF
48577	INF
48578	INF
48579	INF
48580	INF
48581	INF
48582	INF
48583	INF
48584	INF
48585	INF
48586	INF
48587	INF
48588	INF
48589	INF
48590	INF
48591	INF
48592	INF
48593	INF
48594	INF
48595	INF
48596	INF
48597	INF
48598	INF
48599	INF
48600	INF
48601	INF
48602	INF
48603	INF
48604	INF
48605	INF
48606	INF
48607	INF
48608	INF
48609	INF
48610	INF
48611	INF
48612	INF
48613	INF
48614	INF
48615	INF
48616	INF
48617	INF
48618	INF
48619	INF
48620	INF
48621	INF
48622	INF
48623	INF
48624	INF
48625	INF
48626	INF
48627	INF
48628	INF
48629	INF
48630	INF
48631	INF
48632	INF
48633	INF
48634	INF
48635	INF
48636	INF
48637	INF
48638	INF
48639	INF
48640	INF
48641	INF
48642	INF
48643	INF
48644	INF
48645	INF
48646	INF
48647	INF
48648	INF
48649	INF
48650	INF
48651	INF
48652	INF
48653	INF
48654	INF
48655	INF
48656	INF
48657	INF
48658	INF
48659	INF
48660	INF
48661	INF
48662	INF
48663	INF
48664	INF
48665	INF
48666	INF
48667	INF
48668	INF
48669	INF
48670	INF
48671	INF
48672	INF
48673	INF
48674	INF
48675	INF
48676	INF
48677	INF
48678	INF
48679	INF
48680	INF
48681	INF
48682	INF
48683	INF
48684	INF
48685	INF
48686	INF
48687	INF
48688	INF
48689	INF
48690	INF
48691	INF
48692	INF
48693	INF
48694	INF
48695	INF
48696	INF
48697	INF
48698	INF
48699	INF
48700	INF
48701	INF
48702	INF
48703	INF
48704	INF
48705	INF
48706	INF
48707	INF
48708	INF
48709	INF
48710	INF
48711	INF
48712	INF
48713	INF
48714	INF
48715	INF
48716	INF
48717	INF
48718	INF
48719	INF
48720	INF
48721	INF
48722	INF
48723	INF
48724	INF
48725	INF
48726	INF
48727	INF
48728	INF
48729	INF
48730	INF
48731	INF
48732	INF
48733	INF
48734	INF
48735	INF
48736	INF
48737	INF
48738	INF
48739	INF
48740	INF
48741	INF
48742	INF
48743	INF
48744	INF
48745	INF
48746	INF
48747	INF
48748	INF
48749	INF
48750	INF
48751	INF
48752	INF
48753	INF
48754	INF
48755	INF
48756	INF
48757	INF
48758	INF
48759	INF
48760	INF
48761	INF
48762	INF
48763	INF
48764	INF
48765	INF
48766	INF
48767	INF
48768	INF
48769	INF
48770	INF
48771	INF
48772	INF
48773	INF
48774	INF
48775	INF
48776	INF
48777	INF
48778	INF
48779	INF
48780	INF
48781	INF
48782	INF
48783	INF
48784	INF
48785	INF
48786	INF
48787	INF
48788	INF
48789	INF
48790	INF
48791	INF
48792	INF
48793	INF
48794	INF
48795	INF
48796	INF
48797	INF
48798	INF
48799	INF
48800	INF
48801	INF
48802	INF
48803	INF
48804	INF
48805	INF
48806	INF
48807	INF
48808	INF
48809	INF
48810	INF
48811	INF
48812	INF
48813	INF
48814	INF
48815	INF
48816	INF
48817	INF
48818	INF
48819	INF
48820	INF
48821	INF
48822	INF
48823	INF
48824	INF
48825	INF
48826	INF
48827	INF
48828	INF
48829	INF
48830	INF
48831	INF
48832	INF
48833	INF
48834	INF
48835	INF
48836	INF
48837	INF
48838	INF
48839	INF
48840	INF
48841	INF
48842	INF
48843	INF
48844	INF
48845	INF
48846	INF
48847	INF
48848	INF
48849	INF
48850	INF
48851	INF
48852	INF
48853	INF
48854	INF
48855	INF
48856	INF
48857	INF
48858	INF
48859	INF
48860	INF
48861	INF
48862	INF
48863	INF
48864	INF
48865	INF
48866	INF
48867	INF
48868	INF
48869	INF
48870	INF
48871	INF
48872	INF
48873	INF
48874	INF
48875	INF
48876	INF
48877	INF
48878	INF
48879	INF
48880	INF
48881	INF
48882	INF
48883	INF
48884	INF
48885	INF
48886	INF
48887	INF
48888	INF
48889	INF
48890	INF
48891	INF
48892	INF
48893	INF
48894	INF
48895	INF
48896	INF
48897	INF
48898	INF
48899	INF
48900	INF
48901	INF
48902	INF
48903	INF
48904	INF
48905	INF
48906	INF
48907	INF
48908	INF
48909	INF
48910	INF
48911	INF
48912	INF
48913	INF
48914	INF
48915	INF
48916	INF
48917	INF
48918	INF
48919	INF
48920	INF
48921	INF
48922	INF
48923	INF
48924	INF
48925	INF
48926	INF
48927	INF
48928	INF
48929	INF
48930	INF
48931	INF
48932	INF
48933	INF
48934	INF
48935	INF
48936	INF
48937	INF
48938	INF
48939	INF
48940	INF
48941	INF
48942	INF
48943	INF
48944	INF
48945	INF
48946	INF
48947	INF
48948	INF
48949	INF
48950	INF
48951	INF
48952	INF
48953	INF
48954	INF
48955	INF
48956	INF
48957	INF
48958	INF
48959	INF
48960	INF
48961	INF
48962	INF
48963	INF
48964	INF
48965	INF
48966	INF
48967	INF
48968	INF
48969	INF
48970	INF
48971	INF
48972	INF
48973	INF
48974	INF
48975	INF
48976	INF
48977	INF
48978	INF
48979	INF
48980	INF
48981	INF
48982	INF
48983	INF
48984	INF
48985	INF
48986	INF
48987	INF
48988	INF
48989	INF
48990	INF
48991	INF
48992	INF
48993	INF
48994	INF
48995	INF
48996	INF
48997	INF
48998	INF
48999	INF
49000	INF
49001	INF
49002	INF
49003	INF
49004	INF
49005	INF
49006	INF
49007	INF
49008	INF
49009	INF
49010	INF
49011	INF
49012	INF
49013	INF
49014	INF
49015	INF
49016	INF
49017	INF
49018	INF
49019	INF
49020	INF
49021	INF
49022	INF
49023	INF
49024	INF
49025	INF
49026	INF
49027	INF
49028	INF
49029	INF
49030	INF
49031	INF
49032	INF
49033	INF
49034	INF
49035	INF
49036	INF
49037	INF
49038	INF
49039	INF
49040	INF
49041	INF
49042	INF
49043	INF
49044	INF
49045	INF
49046	INF
49047	INF
49048	INF
49049	INF
49050	INF
49051	INF
49052	INF
49053	INF
49054	INF
49055	INF
49056	INF
49057	INF
49058	INF
49059	INF
49060	INF
49061	INF
49062	INF
49063	INF
49064	INF
49065	INF
49066	INF
49067	INF
49068	INF
49069	INF
49070	INF
49071	INF
49072	INF
49073	INF
49074	INF
49075	INF
49076	INF
49077	INF
49078	INF
49079	INF
49080	INF
49081	INF
49082	INF
49083	INF
49084	INF
49085	INF
49086	INF
49087	INF
49088	INF
49089	INF
49090	INF
49091	INF
49092	INF
49093	INF
49094	INF
49095	INF
49096	INF
49097	INF
49098	INF
49099	INF
49100	INF
49101	INF
49102	INF
49103	INF
49104	INF
49105	INF
49106	INF
49107	INF
49108	INF
49109	INF
49110	INF
49111	INF
49112	INF
49113	INF
49114	INF
49115	INF
49116	INF
49117	INF
49118	INF
49119	INF
49120	INF
49121	INF
49122	INF
49123	INF
49124	INF
49125	INF
49126	INF
49127	INF
49128	INF
49129	INF
49130	INF
49131	INF
49132	INF
49133	INF
49134	INF
49135	INF
49136	INF
49137	INF
49138	INF
49139	INF
49140	INF
49141	INF
49142	INF
49143	INF
49144	INF
49145	INF
49146	INF
49147	INF
49148	INF
49149	INF
49150	INF
49151	INF
49152	INF
49153	INF
49154	INF
49155	INF
49156	INF
49157	INF
49158	INF
49159	INF
49160	INF
49161	INF
49162	INF
49163	INF
49164	INF
49165	INF
49166	INF
49167	INF
49168	INF
49169	INF
49170	INF
49171	INF
49172	INF
49173	INF
49174	INF
49175	INF
49176	INF
49177	INF
49178	INF
49179	INF
49180	INF
49181	INF
49182	INF
49183	INF
49184	INF
49185	INF
49186	INF
49187	INF
49188	INF
49189	INF
49190	INF
49191	INF
49192	INF
49193	INF
49194	INF
49195	INF
49196	INF
49197	INF
49198	INF
49199	INF
49200	INF
49201	INF
49202	INF
49203	INF
49204	INF
49205	INF
49206	INF
49207	INF
49208	INF
49209	INF
49210	INF
49211	INF
49212	INF
49213	INF
49214	INF
49215	INF
49216	INF
49217	INF
49218	INF
49219	INF
49220	INF
49221	INF
49222	INF
49223	INF
49224	INF
49225	INF
49226	INF
49227	INF
49228	INF
49229	INF
49230	INF
49231	INF
49232	INF
49233	INF
49234	INF
49235	INF
49236	INF
49237	INF
49238	INF
49239	INF
49240	INF
49241	INF
49242	INF
49243	INF
49244	INF
49245	INF
49246	INF
49247	INF
49248	INF
49249	INF
49250	INF
49251	INF
49252	INF
49253	INF
49254	INF
49255	INF
49256	INF
49257	INF
49258	INF
49259	INF
49260	INF
49261	INF
49262	INF
49263	INF
49264	INF
49265	INF
49266	INF
49267	INF
49268	INF
49269	INF
49270	INF
49271	INF
49272	INF
49273	INF
49274	INF
49275	INF
49276	INF
49277	INF
49278	INF
49279	INF
49280	INF
49281	INF
49282	INF
49283	INF
49284	INF
49285	INF
49286	INF
49287	INF
49288	INF
49289	INF
49290	INF
49291	INF
49292	INF
49293	INF
49294	INF
49295	INF
49296	INF
49297	INF
49298	INF
49299	INF
49300	INF
49301	INF
49302	INF
49303	INF
49304	INF
49305	INF
49306	INF
49307	INF
49308	INF
49309	INF
49310	INF
49311	INF
49312	INF
49313	INF
49314	INF
49315	INF
49316	INF
49317	INF
49318	INF
49319	INF
49320	INF
49321	INF
49322	INF
49323	INF
49324	INF
49325	INF
49326	INF
49327	INF
49328	INF
49329	INF
49330	INF
49331	INF
49332	INF
49333	INF
49334	INF
49335	INF
49336	INF
49337	INF
49338	INF
49339	INF
49340	INF
49341	INF
49342	INF
49343	INF
49344	INF
49345	INF
49346	INF
49347	INF
49348	INF
49349	INF
49350	INF
49351	INF
49352	INF
49353	INF
49354	INF
49355	INF
49356	INF
49357	INF
49358	INF
49359	INF
49360	INF
49361	INF
49362	INF
49363	INF
49364	INF
49365	INF
49366	INF
49367	INF
49368	INF
49369	INF
49370	INF
49371	INF
49372	INF
49373	INF
49374	INF
49375	INF
49376	INF
49377	INF
49378	INF
49379	INF
49380	INF
49381	INF
49382	INF
49383	INF
49384	INF
49385	INF
49386	INF
49387	INF
49388	INF
49389	INF
49390	INF
49391	INF
49392	INF
49393	INF
49394	INF
49395	INF
49396	INF
49397	INF
49398	INF
49399	INF
49400	INF
49401	INF
49402	INF
49403	INF
49404	INF
49405	INF
49406	INF
49407	INF
49408	INF
49409	INF
49410	INF
49411	INF
49412	INF
49413	INF
49414	INF
49415	INF
49416	INF
49417	INF
49418	INF
49419	INF
49420	INF
49421	INF
49422	INF
49423	INF
49424	INF
49425	INF
49426	INF
49427	INF
49428	INF
49429	INF
49430	INF
49431	INF
49432	INF
49433	INF
49434	INF
49435	INF
49436	INF
49437	INF
49438	INF
49439	INF
49440	INF
49441	INF
49442	INF
49443	INF
49444	INF
49445	INF
49446	INF
49447	INF
49448	INF
49449	INF
49450	INF
49451	INF
49452	INF
49453	INF
49454	INF
49455	INF
49456	INF
49457	INF
49458	INF
49459	INF
49460	INF
49461	INF
49462	INF
49463	INF
49464	INF
49465	INF
49466	INF
49467	INF
49468	INF
49469	INF
49470	INF
49471	INF
49472	INF
49473	INF
49474	INF
49475	INF
49476	INF
49477	INF
49478	INF
49479	INF
49480	INF
49481	INF
49482	INF
49483	INF
49484	INF
49485	INF
49486	INF
49487	INF
49488	INF
49489	INF
49490	INF
49491	INF
49492	INF
49493	INF
49494	INF
49495	INF
49496	INF
49497	INF
49498	INF
49499	INF
49500	INF
49501	INF
49502	INF
49503	INF
49504	INF
49505	INF
49506	INF
49507	INF
49508	INF
49509	INF
49510	INF
49511	INF
49512	INF
49513	INF
49514	INF
49515	INF
49516	INF
49517	INF
49518	INF
49519	INF
49520	INF
49521	INF
49522	INF
49523	INF
49524	INF
49525	INF
49526	INF
49527	INF
49528	INF
49529	INF
49530	INF
49531	INF
49532	INF
49533	INF
49534	INF
49535	INF
49536	INF
49537	INF
49538	INF
49539	INF
49540	INF
49541	INF
49542	INF
49543	INF
49544	INF
49545	INF
49546	INF
49547	INF
49548	INF
49549	INF
49550	INF
49551	INF
49552	INF
49553	INF
49554	INF
49555	INF
49556	INF
49557	INF
49558	INF
49559	INF
49560	INF
49561	INF
49562	INF
49563	INF
49564	INF
49565	INF
49566	INF
49567	INF
49568	INF
49569	INF
49570	INF
49571	INF
49572	INF
49573	INF
49574	INF
49575	INF
49576	INF
49577	INF
49578	INF
49579	INF
49580	INF
49581	INF
49582	INF
49583	INF
49584	INF
49585	INF
49586	INF
49587	INF
49588	INF
49589	INF
49590	INF
49591	INF
49592	INF
49593	INF
49594	INF
49595	INF
49596	INF
49597	INF
49598	INF
49599	INF
49600	INF
49601	INF
49602	INF
49603	INF
49604	INF
49605	INF
49606	INF
49607	INF
49608	INF
49609	INF
49610	INF
49611	INF
49612	INF
49613	INF
49614	INF
49615	INF
49616	INF
49617	INF
49618	INF
49619	INF
49620	INF
49621	INF
49622	INF
49623	INF
49624	INF
49625	INF
49626	INF
49627	INF
49628	INF
49629	INF
49630	INF
49631	INF
49632	INF
49633	INF
49634	INF
49635	INF
49636	INF
49637	INF
49638	INF
49639	INF
49640	INF
49641	INF
49642	INF
49643	INF
49644	INF
49645	INF
49646	INF
49647	INF
49648	INF
49649	INF
49650	INF
49651	INF
49652	INF
49653	INF
49654	INF
49655	INF
49656	INF
49657	INF
49658	INF
49659	INF
49660	INF
49661	INF
49662	INF
49663	INF
49664	INF
49665	INF
49666	INF
49667	INF
49668	INF
49669	INF
49670	INF
49671	INF
49672	INF
49673	INF
49674	INF
49675	INF
49676	INF
49677	INF
49678	INF
49679	INF
49680	INF
49681	INF
49682	INF
49683	INF
49684	INF
49685	INF
49686	INF
49687	INF
49688	INF
49689	INF
49690	INF
49691	INF
49692	INF
49693	INF
49694	INF
49695	INF
49696	INF
49697	INF
49698	INF
49699	INF
49700	INF
49701	INF
49702	INF
49703	INF
49704	INF
49705	INF
49706	INF
49707	INF
49708	INF
49709	INF
49710	INF
49711	INF
49712	INF
49713	INF
49714	INF
49715	INF
49716	INF
49717	INF
49718	INF
49719	INF
49720	INF
49721	INF
49722	INF
49723	INF
49724	INF
49725	INF
49726	INF
49727	INF
49728	INF
49729	INF
49730	INF
49731	INF
49732	INF
49733	INF
49734	INF
49735	INF
49736	INF
49737	INF
49738	INF
49739	INF
49740	INF
49741	INF
49742	INF
49743	INF
49744	INF
49745	INF
49746	INF
49747	INF
49748	INF
49749	INF
49750	INF
49751	INF
49752	INF
49753	INF
49754	INF
49755	INF
49756	INF
49757	INF
49758	INF
49759	INF
49760	INF
49761	INF
49762	INF
49763	INF
49764	INF
49765	INF
49766	INF
49767	INF
49768	INF
49769	INF
49770	INF
49771	INF
49772	INF
49773	INF
49774	INF
49775	INF
49776	INF
49777	INF
49778	INF
49779	INF
49780	INF
49781	INF
49782	INF
49783	INF
49784	INF
49785	INF
49786	INF
49787	INF
49788	INF
49789	INF
49790	INF
49791	INF
49792	INF
49793	INF
49794	INF
49795	INF
49796	INF
49797	INF
49798	INF
49799	INF
49800	INF
49801	INF
49802	INF
49803	INF
49804	INF
49805	INF
49806	INF
49807	INF
49808	INF
49809	INF
49810	INF
49811	INF
49812	INF
49813	INF
49814	INF
49815	INF
49816	INF
49817	INF
49818	INF
49819	INF
49820	INF
49821	INF
49822	INF
49823	INF
49824	INF
49825	INF
49826	INF
49827	INF
49828	INF
49829	INF
49830	INF
49831	INF
49832	INF
49833	INF
49834	INF
49835	INF
49836	INF
49837	INF
49838	INF
49839	INF
49840	INF
49841	INF
49842	INF
49843	INF
49844	INF
49845	INF
49846	INF
49847	INF
49848	INF
49849	INF
49850	INF
49851	INF
49852	INF
49853	INF
49854	INF
49855	INF
49856	INF
49857	INF
49858	INF
49859	INF
49860	INF
49861	INF
49862	INF
49863	INF
49864	INF
49865	INF
49866	INF
49867	INF
49868	INF
49869	INF
49870	INF
49871	INF
49872	INF
49873	INF
49874	INF
49875	INF
49876	INF
49877	INF
49878	INF
49879	INF
49880	INF
49881	INF
49882	INF
49883	INF
49884	INF
49885	INF
49886	INF
49887	INF
49888	INF
49889	INF
49890	INF
49891	INF
49892	INF
49893	INF
49894	INF
49895	INF
49896	INF
49897	INF
49898	INF
49899	INF
49900	INF
49901	INF
49902	INF
49903	INF
49904	INF
49905	INF
49906	INF
49907	INF
49908	INF
49909	INF
49910	INF
49911	INF
49912	INF
49913	INF
49914	INF
49915	INF
49916	INF
49917	INF
49918	INF
49919	INF
49920	INF
49921	INF
49922	INF
49923	INF
49924	INF
49925	INF
49926	INF
49927	INF
49928	INF
49929	INF
49930	INF
49931	INF
49932	INF
49933	INF
49934	INF
49935	INF
49936	INF
49937	INF
49938	INF
49939	INF
49940	INF
49941	INF
49942	INF
49943	INF
49944	INF
49945	INF
49946	INF
49947	INF
49948	INF
49949	INF
49950	INF
49951	INF
49952	INF
49953	INF
49954	INF
49955	INF
49956	INF
49957	INF
49958	INF
49959	INF
49960	INF
49961	INF
49962	INF
49963	INF
49964	INF
49965	INF
49966	INF
49967	INF
49968	INF
49969	INF
49970	INF
49971	INF
49972	INF
49973	INF
49974	INF
49975	INF
49976	INF
49977	INF
49978	INF
49979	INF
49980	INF
49981	INF
49982	INF
49983	INF
49984	INF
49985	INF
49986	INF
49987	INF
49988	INF
49989	INF
49990	INF
49991	INF
49992	INF
49993	INF
49994	INF
49995	INF
49996	INF
49997	INF
49998	INF
49999	INF
50000	INF
50001	INF
50002	INF
50003	INF
50004	INF
50005	INF
50006	INF
50007	INF
50008	INF
50009	INF
50010	INF
50011	INF
50012	INF
50013	INF
50014	INF
50015	INF
50016	INF
50017	INF
50018	INF
50019	INF
50020	INF
50021	INF
50022	INF
50023	INF
50024	INF
50025	INF
50026	INF
50027	INF
50028	INF
50029	INF
50030	INF
50031	INF
50032	INF
50033	INF
50034	INF
50035	INF
50036	INF
50037	INF
50038	INF
50039	INF
50040	INF
50041	INF
50042	INF
50043	INF
50044	INF
50045	INF
50046	INF
50047	INF
50048	INF
50049	INF
50050	INF
50051	INF
50052	INF
50053	INF
50054	INF
50055	INF
50056	INF
50057	INF
50058	INF
50059	INF
50060	INF
50061	INF
50062	INF
50063	INF
50064	INF
50065	INF
50066	INF
50067	INF
50068	INF
50069	INF
50070	INF
50071	INF
50072	INF
50073	INF
50074	INF
50075	INF
50076	INF
50077	INF
50078	INF
50079	INF
50080	INF
50081	INF
50082	INF
50083	INF
50084	INF
50085	INF
50086	INF
50087	INF
50088	INF
50089	INF
50090	INF
50091	INF
50092	INF
50093	INF
50094	INF
50095	INF
50096	INF
50097	INF
50098	INF
50099	INF
50100	INF
50101	INF
50102	INF
50103	INF
50104	INF
50105	INF
50106	INF
50107	INF
50108	INF
50109	INF
50110	INF
50111	INF
50112	INF
50113	INF
50114	INF
50115	INF
50116	INF
50117	INF
50118	INF
50119	INF
50120	INF
50121	INF
50122	INF
50123	INF
50124	INF
50125	INF
50126	INF
50127	INF
50128	INF
50129	INF
50130	INF
50131	INF
50132	INF
50133	INF
50134	INF
50135	INF
50136	INF
50137	INF
50138	INF
50139	INF
50140	INF
50141	INF
50142	INF
50143	INF
50144	INF
50145	INF
50146	INF
50147	INF
50148	INF
50149	INF
50150	INF
50151	INF
50152	INF
50153	INF
50154	INF
50155	INF
50156	INF
50157	INF
50158	INF
50159	INF
50160	INF
50161	INF
50162	INF
50163	INF
50164	INF
50165	INF
50166	INF
50167	INF
50168	INF
50169	INF
50170	INF
50171	INF
50172	INF
50173	INF
50174	INF
50175	INF
50176	INF
50177	INF
50178	INF
50179	INF
50180	INF
50181	INF
50182	INF
50183	INF
50184	INF
50185	INF
50186	INF
50187	INF
50188	INF
50189	INF
50190	INF
50191	INF
50192	INF
50193	INF
50194	INF
50195	INF
50196	INF
50197	INF
50198	INF
50199	INF
50200	INF
50201	INF
50202	INF
50203	INF
50204	INF
50205	INF
50206	INF
50207	INF
50208	INF
50209	INF
50210	INF
50211	INF
50212	INF
50213	INF
50214	INF
50215	INF
50216	INF
50217	INF
50218	INF
50219	INF
50220	INF
50221	INF
50222	INF
50223	INF
50224	INF
50225	INF
50226	INF
50227	INF
50228	INF
50229	INF
50230	INF
50231	INF
50232	INF
50233	INF
50234	INF
50235	INF
50236	INF
50237	INF
50238	INF
50239	INF
50240	INF
50241	INF
50242	INF
50243	INF
50244	INF
50245	INF
50246	INF
50247	INF
50248	INF
50249	INF
50250	INF
50251	INF
50252	INF
50253	INF
50254	INF
50255	INF
50256	INF
50257	INF
50258	INF
50259	INF
50260	INF
50261	INF
50262	INF
50263	INF
50264	INF
50265	INF
50266	INF
50267	INF
50268	INF
50269	INF
50270	INF
50271	INF
50272	INF
50273	INF
50274	INF
50275	INF
50276	INF
50277	INF
50278	INF
50279	INF
50280	INF
50281	INF
50282	INF
50283	INF
50284	INF
50285	INF
50286	INF
50287	INF
50288	INF
50289	INF
50290	INF
50291	INF
50292	INF
50293	INF
50294	INF
50295	INF
50296	INF
50297	INF
50298	INF
50299	INF
50300	INF
50301	INF
50302	INF
50303	INF
50304	INF
50305	INF
50306	INF
50307	INF
50308	INF
50309	INF
50310	INF
50311	INF
50312	INF
50313	INF
50314	INF
50315	INF
50316	INF
50317	INF
50318	INF
50319	INF
50320	INF
50321	INF
50322	INF
50323	INF
50324	INF
50325	INF
50326	INF
50327	INF
50328	INF
50329	INF
50330	INF
50331	INF
50332	INF
50333	INF
50334	INF
50335	INF
50336	INF
50337	INF
50338	INF
50339	INF
50340	INF
50341	INF
50342	INF
50343	INF
50344	INF
50345	INF
50346	INF
50347	INF
50348	INF
50349	INF
50350	INF
50351	INF
50352	INF
50353	INF
50354	INF
50355	INF
50356	INF
50357	INF
50358	INF
50359	INF
50360	INF
50361	INF
50362	INF
50363	INF
50364	INF
50365	INF
50366	INF
50367	INF
50368	INF
50369	INF
50370	INF
50371	INF
50372	INF
50373	INF
50374	INF
50375	INF
50376	INF
50377	INF
50378	INF
50379	INF
50380	INF
50381	INF
50382	INF
50383	INF
50384	INF
50385	INF
50386	INF
50387	INF
50388	INF
50389	INF
50390	INF
50391	INF
50392	INF
50393	INF
50394	INF
50395	INF
50396	INF
50397	INF
50398	INF
50399	INF
50400	INF
50401	INF
50402	INF
50403	INF
50404	INF
50405	INF
50406	INF
50407	INF
50408	INF
50409	INF
50410	INF
50411	INF
50412	INF
50413	INF
50414	INF
50415	INF
50416	INF
50417	INF
50418	INF
50419	INF
50420	INF
50421	INF
50422	INF
50423	INF
50424	INF
50425	INF
50426	INF
50427	INF
50428	INF
50429	INF
50430	INF
50431	INF
50432	INF
50433	INF
50434	INF
50435	INF
50436	INF
50437	INF
50438	INF
50439	INF
50440	INF
50441	INF
50442	INF
50443	INF
50444	INF
50445	INF
50446	INF
50447	INF
50448	INF
50449	INF
50450	INF
50451	INF
50452	INF
50453	INF
50454	INF
50455	INF
50456	INF
50457	INF
50458	INF
50459	INF
50460	INF
50461	INF
50462	INF
50463	INF
50464	INF
50465	INF
50466	INF
50467	INF
50468	INF
50469	INF
50470	INF
50471	INF
50472	INF
50473	INF
50474	INF
50475	INF
50476	INF
50477	INF
50478	INF
50479	INF
50480	INF
50481	INF
50482	INF
50483	INF
50484	INF
50485	INF
50486	INF
50487	INF
50488	INF
50489	INF
50490	INF
50491	INF
50492	INF
50493	INF
50494	INF
50495	INF
50496	INF
50497	INF
50498	INF
50499	INF
50500	INF
50501	INF
50502	INF
50503	INF
50504	INF
50505	INF
50506	INF
50507	INF
50508	INF
50509	INF
50510	INF
50511	INF
50512	INF
50513	INF
50514	INF
50515	INF
50516	INF
50517	INF
50518	INF
50519	INF
50520	INF
50521	INF
50522	INF
50523	INF
50524	INF
50525	INF
50526	INF
50527	INF
50528	INF
50529	INF
50530	INF
50531	INF
50532	INF
50533	INF
50534	INF
50535	INF
50536	INF
50537	INF
50538	INF
50539	INF
50540	INF
50541	INF
50542	INF
50543	INF
50544	INF
50545	INF
50546	INF
50547	INF
50548	INF
50549	INF
50550	INF
50551	INF
50552	INF
50553	INF
50554	INF
50555	INF
50556	INF
50557	INF
50558	INF
50559	INF
50560	INF
50561	INF
50562	INF
50563	INF
50564	INF
50565	INF
50566	INF
50567	INF
50568	INF
50569	INF
50570	INF
50571	INF
50572	INF
50573	INF
50574	INF
50575	INF
50576	INF
50577	INF
50578	INF
50579	INF
50580	INF
50581	INF
50582	INF
50583	INF
50584	INF
50585	INF
50586	INF
50587	INF
50588	INF
50589	INF
50590	INF
50591	INF
50592	INF
50593	INF
50594	INF
50595	INF
50596	INF
50597	INF
50598	INF
50599	INF
50600	INF
50601	INF
50602	INF
50603	INF
50604	INF
50605	INF
50606	INF
50607	INF
50608	INF
50609	INF
50610	INF
50611	INF
50612	INF
50613	INF
50614	INF
50615	INF
50616	INF
50617	INF
50618	INF
50619	INF
50620	INF
50621	INF
50622	INF
50623	INF
50624	INF
50625	INF
50626	INF
50627	INF
50628	INF
50629	INF
50630	INF
50631	INF
50632	INF
50633	INF
50634	INF
50635	INF
50636	INF
50637	INF
50638	INF
50639	INF
50640	INF
50641	INF
50642	INF
50643	INF
50644	INF
50645	INF
50646	INF
50647	INF
50648	INF
50649	INF
50650	INF
50651	INF
50652	INF
50653	INF
50654	INF
50655	INF
50656	INF
50657	INF
50658	INF
50659	INF
50660	INF
50661	INF
50662	INF
50663	INF
50664	INF
50665	INF
50666	INF
50667	INF
50668	INF
50669	INF
50670	INF
50671	INF
50672	INF
50673	INF
50674	INF
50675	INF
50676	INF
50677	INF
50678	INF
50679	INF
50680	INF
50681	INF
50682	INF
50683	INF
50684	INF
50685	INF
50686	INF
50687	INF
50688	INF
50689	INF
50690	INF
50691	INF
50692	INF
50693	INF
50694	INF
50695	INF
50696	INF
50697	INF
50698	INF
50699	INF
50700	INF
50701	INF
50702	INF
50703	INF
50704	INF
50705	INF
50706	INF
50707	INF
50708	INF
50709	INF
50710	INF
50711	INF
50712	INF
50713	INF
50714	INF
50715	INF
50716	INF
50717	INF
50718	INF
50719	INF
50720	INF
50721	INF
50722	INF
50723	INF
50724	INF
50725	INF
50726	INF
50727	INF
50728	INF
50729	INF
50730	INF
50731	INF
50732	INF
50733	INF
50734	INF
50735	INF
50736	INF
50737	INF
50738	INF
50739	INF
50740	INF
50741	INF
50742	INF
50743	INF
50744	INF
50745	INF
50746	INF
50747	INF
50748	INF
50749	INF
50750	INF
50751	INF
50752	INF
50753	INF
50754	INF
50755	INF
50756	INF
50757	INF
50758	INF
50759	INF
50760	INF
50761	INF
50762	INF
50763	INF
50764	INF
50765	INF
50766	INF
50767	INF
50768	INF
50769	INF
50770	INF
50771	INF
50772	INF
50773	INF
50774	INF
50775	INF
50776	INF
50777	INF
50778	INF
50779	INF
50780	INF
50781	INF
50782	INF
50783	INF
50784	INF
50785	INF
50786	INF
50787	INF
50788	INF
50789	INF
50790	INF
50791	INF
50792	INF
50793	INF
50794	INF
50795	INF
50796	INF
50797	INF
50798	INF
50799	INF
50800	INF
50801	INF
50802	INF
50803	INF
50804	INF
50805	INF
50806	INF
50807	INF
50808	INF
50809	INF
50810	INF
50811	INF
50812	INF
50813	INF
50814	INF
50815	INF
50816	INF
50817	INF
50818	INF
50819	INF
50820	INF
50821	INF
50822	INF
50823	INF
50824	INF
50825	INF
50826	INF
50827	INF
50828	INF
50829	INF
50830	INF
50831	INF
50832	INF
50833	INF
50834	INF
50835	INF
50836	INF
50837	INF
50838	INF
50839	INF
50840	INF
50841	INF
50842	INF
50843	INF
50844	INF
50845	INF
50846	INF
50847	INF
50848	INF
50849	INF
50850	INF
50851	INF
50852	INF
50853	INF
50854	INF
50855	INF
50856	INF
50857	INF
50858	INF
50859	INF
50860	INF
50861	INF
50862	INF
50863	INF
50864	INF
50865	INF
50866	INF
50867	INF
50868	INF
50869	INF
50870	INF
50871	INF
50872	INF
50873	INF
50874	INF
50875	INF
50876	INF
50877	INF
50878	INF
50879	INF
50880	INF
50881	INF
50882	INF
50883	INF
50884	INF
50885	INF
50886	INF
50887	INF
50888	INF
50889	INF
50890	INF
50891	INF
50892	INF
50893	INF
50894	INF
50895	INF
50896	INF
50897	INF
50898	INF
50899	INF
50900	INF
50901	INF
50902	INF
50903	INF
50904	INF
50905	INF
50906	INF
50907	INF
50908	INF
50909	INF
50910	INF
50911	INF
50912	INF
50913	INF
50914	INF
50915	INF
50916	INF
50917	INF
50918	INF
50919	INF
50920	INF
50921	INF
50922	INF
50923	INF
50924	INF
50925	INF
50926	INF
50927	INF
50928	INF
50929	INF
50930	INF
50931	INF
50932	INF
50933	INF
50934	INF
50935	INF
50936	INF
50937	INF
50938	INF
50939	INF
50940	INF
50941	INF
50942	INF
50943	INF
50944	INF
50945	INF
50946	INF
50947	INF
50948	INF
50949	INF
50950	INF
50951	INF
50952	INF
50953	INF
50954	INF
50955	INF
50956	INF
50957	INF
50958	INF
50959	INF
50960	INF
50961	INF
50962	INF
50963	INF
50964	INF
50965	INF
50966	INF
50967	INF
50968	INF
50969	INF
50970	INF
50971	INF
50972	INF
50973	INF
50974	INF
50975	INF
50976	INF
50977	INF
50978	INF
50979	INF
50980	INF
50981	INF
50982	INF
50983	INF
50984	INF
50985	INF
50986	INF
50987	INF
50988	INF
50989	INF
50990	INF
50991	INF
50992	INF
50993	INF
50994	INF
50995	INF
50996	INF
50997	INF
50998	INF
50999	INF
51000	INF
51001	INF
51002	INF
51003	INF
51004	INF
51005	INF
51006	INF
51007	INF
51008	INF
51009	INF
51010	INF
51011	INF
51012	INF
51013	INF
51014	INF
51015	INF
51016	INF
51017	INF
51018	INF
51019	INF
51020	INF
51021	INF
51022	INF
51023	INF
51024	INF
51025	INF
51026	INF
51027	INF
51028	INF
51029	INF
51030	INF
51031	INF
51032	INF
51033	INF
51034	INF
51035	INF
51036	INF
51037	INF
51038	INF
51039	INF
51040	INF
51041	INF
51042	INF
51043	INF
51044	INF
51045	INF
51046	INF
51047	INF
51048	INF
51049	INF
51050	INF
51051	INF
51052	INF
51053	INF
51054	INF
51055	INF
51056	INF
51057	INF
51058	INF
51059	INF
51060	INF
51061	INF
51062	INF
51063	INF
51064	INF
51065	INF
51066	INF
51067	INF
51068	INF
51069	INF
51070	INF
51071	INF
51072	INF
51073	INF
51074	INF
51075	INF
51076	INF
51077	INF
51078	INF
51079	INF
51080	INF
51081	INF
51082	INF
51083	INF
51084	INF
51085	INF
51086	INF
51087	INF
51088	INF
51089	INF
51090	INF
51091	INF
51092	INF
51093	INF
51094	INF
51095	INF
51096	INF
51097	INF
51098	INF
51099	INF
51100	INF
51101	INF
51102	INF
51103	INF
51104	INF
51105	INF
51106	INF
51107	INF
51108	INF
51109	INF
51110	INF
51111	INF
51112	INF
51113	INF
51114	INF
51115	INF
51116	INF
51117	INF
51118	INF
51119	INF
51120	INF
51121	INF
51122	INF
51123	INF
51124	INF
51125	INF
51126	INF
51127	INF
51128	INF
51129	INF
51130	INF
51131	INF
51132	INF
51133	INF
51134	INF
51135	INF
51136	INF
51137	INF
51138	INF
51139	INF
51140	INF
51141	INF
51142	INF
51143	INF
51144	INF
51145	INF
51146	INF
51147	INF
51148	INF
51149	INF
51150	INF
51151	INF
51152	INF
51153	INF
51154	INF
51155	INF
51156	INF
51157	INF
51158	INF
51159	INF
51160	INF
51161	INF
51162	INF
51163	INF
51164	INF
51165	INF
51166	INF
51167	INF
51168	INF
51169	INF
51170	INF
51171	INF
51172	INF
51173	INF
51174	INF
51175	INF
51176	INF
51177	INF
51178	INF
51179	INF
51180	INF
51181	INF
51182	INF
51183	INF
51184	INF
51185	INF
51186	INF
51187	INF
51188	INF
51189	INF
51190	INF
51191	INF
51192	INF
51193	INF
51194	INF
51195	INF
51196	INF
51197	INF
51198	INF
51199	INF
51200	INF
51201	INF
51202	INF
51203	INF
51204	INF
51205	INF
51206	INF
51207	INF
51208	INF
51209	INF
51210	INF
51211	INF
51212	INF
51213	INF
51214	INF
51215	INF
51216	INF
51217	INF
51218	INF
51219	INF
51220	INF
51221	INF
51222	INF
51223	INF
51224	INF
51225	INF
51226	INF
51227	INF
51228	INF
51229	INF
51230	INF
51231	INF
51232	INF
51233	INF
51234	INF
51235	INF
51236	INF
51237	INF
51238	INF
51239	INF
51240	INF
51241	INF
51242	INF
51243	INF
51244	INF
51245	INF
51246	INF
51247	INF
51248	INF
51249	INF
51250	INF
51251	INF
51252	INF
51253	INF
51254	INF
51255	INF
51256	INF
51257	INF
51258	INF
51259	INF
51260	INF
51261	INF
51262	INF
51263	INF
51264	INF
51265	INF
51266	INF
51267	INF
51268	INF
51269	INF
51270	INF
51271	INF
51272	INF
51273	INF
51274	INF
51275	INF
51276	INF
51277	INF
51278	INF
51279	INF
51280	INF
51281	INF
51282	INF
51283	INF
51284	INF
51285	INF
51286	INF
51287	INF
51288	INF
51289	INF
51290	INF
51291	INF
51292	INF
51293	INF
51294	INF
51295	INF
51296	INF
51297	INF
51298	INF
51299	INF
51300	INF
51301	INF
51302	INF
51303	INF
51304	INF
51305	INF
51306	INF
51307	INF
51308	INF
51309	INF
51310	INF
51311	INF
51312	INF
51313	INF
51314	INF
51315	INF
51316	INF
51317	INF
51318	INF
51319	INF
51320	INF
51321	INF
51322	INF
51323	INF
51324	INF
51325	INF
51326	INF
51327	INF
51328	INF
51329	INF
51330	INF
51331	INF
51332	INF
51333	INF
51334	INF
51335	INF
51336	INF
51337	INF
51338	INF
51339	INF
51340	INF
51341	INF
51342	INF
51343	INF
51344	INF
51345	INF
51346	INF
51347	INF
51348	INF
51349	INF
51350	INF
51351	INF
51352	INF
51353	INF
51354	INF
51355	INF
51356	INF
51357	INF
51358	INF
51359	INF
51360	INF
51361	INF
51362	INF
51363	INF
51364	INF
51365	INF
51366	INF
51367	INF
51368	INF
51369	INF
51370	INF
51371	INF
51372	INF
51373	INF
51374	INF
51375	INF
51376	INF
51377	INF
51378	INF
51379	INF
51380	INF
51381	INF
51382	INF
51383	INF
51384	INF
51385	INF
51386	INF
51387	INF
51388	INF
51389	INF
51390	INF
51391	INF
51392	INF
51393	INF
51394	INF
51395	INF
51396	INF
51397	INF
51398	INF
51399	INF
51400	INF
51401	INF
51402	INF
51403	INF
51404	INF
51405	INF
51406	INF
51407	INF
51408	INF
51409	INF
51410	INF
51411	INF
51412	INF
51413	INF
51414	INF
51415	INF
51416	INF
51417	INF
51418	INF
51419	INF
51420	INF
51421	INF
51422	INF
51423	INF
51424	INF
51425	INF
51426	INF
51427	INF
51428	INF
51429	INF
51430	INF
51431	INF
51432	INF
51433	INF
51434	INF
51435	INF
51436	INF
51437	INF
51438	INF
51439	INF
51440	INF
51441	INF
51442	INF
51443	INF
51444	INF
51445	INF
51446	INF
51447	INF
51448	INF
51449	INF
51450	INF
51451	INF
51452	INF
51453	INF
51454	INF
51455	INF
51456	INF
51457	INF
51458	INF
51459	INF
51460	INF
51461	INF
51462	INF
51463	INF
51464	INF
51465	INF
51466	INF
51467	INF
51468	INF
51469	INF
51470	INF
51471	INF
51472	INF
51473	INF
51474	INF
51475	INF
51476	INF
51477	INF
51478	INF
51479	INF
51480	INF
51481	INF
51482	INF
51483	INF
51484	INF
51485	INF
51486	INF
51487	INF
51488	INF
51489	INF
51490	INF
51491	INF
51492	INF
51493	INF
51494	INF
51495	INF
51496	INF
51497	INF
51498	INF
51499	INF
51500	INF
51501	INF
51502	INF
51503	INF
51504	INF
51505	INF
51506	INF
51507	INF
51508	INF
51509	INF
51510	INF
51511	INF
51512	INF
51513	INF
51514	INF
51515	INF
51516	INF
51517	INF
51518	INF
51519	INF
51520	INF
51521	INF
51522	INF
51523	INF
51524	INF
51525	INF
51526	INF
51527	INF
51528	INF
51529	INF
51530	INF
51531	INF
51532	INF
51533	INF
51534	INF
51535	INF
51536	INF
51537	INF
51538	INF
51539	INF
51540	INF
51541	INF
51542	INF
51543	INF
51544	INF
51545	INF
51546	INF
51547	INF
51548	INF
51549	INF
51550	INF
51551	INF
51552	INF
51553	INF
51554	INF
51555	INF
51556	INF
51557	INF
51558	INF
51559	INF
51560	INF
51561	INF
51562	INF
51563	INF
51564	INF
51565	INF
51566	INF
51567	INF
51568	INF
51569	INF
51570	INF
51571	INF
51572	INF
51573	INF
51574	INF
51575	INF
51576	INF
51577	INF
51578	INF
51579	INF
51580	INF
51581	INF
51582	INF
51583	INF
51584	INF
51585	INF
51586	INF
51587	INF
51588	INF
51589	INF
51590	INF
51591	INF
51592	INF
51593	INF
51594	INF
51595	INF
51596	INF
51597	INF
51598	INF
51599	INF
51600	INF
51601	INF
51602	INF
51603	INF
51604	INF
51605	INF
51606	INF
51607	INF
51608	INF
51609	INF
51610	INF
51611	INF
51612	INF
51613	INF
51614	INF
51615	INF
51616	INF
51617	INF
51618	INF
51619	INF
51620	INF
51621	INF
51622	INF
51623	INF
51624	INF
51625	INF
51626	INF
51627	INF
51628	INF
51629	INF
51630	INF
51631	INF
51632	INF
51633	INF
51634	INF
51635	INF
51636	INF
51637	INF
51638	INF
51639	INF
51640	INF
51641	INF
51642	INF
51643	INF
51644	INF
51645	INF
51646	INF
51647	INF
51648	INF
51649	INF
51650	INF
51651	INF
51652	INF
51653	INF
51654	INF
51655	INF
51656	INF
51657	INF
51658	INF
51659	INF
51660	INF
51661	INF
51662	INF
51663	INF
51664	INF
51665	INF
51666	INF
51667	INF
51668	INF
51669	INF
51670	INF
51671	INF
51672	INF
51673	INF
51674	INF
51675	INF
51676	INF
51677	INF
51678	INF
51679	INF
51680	INF
51681	INF
51682	INF
51683	INF
51684	INF
51685	INF
51686	INF
51687	INF
51688	INF
51689	INF
51690	INF
51691	INF
51692	INF
51693	INF
51694	INF
51695	INF
51696	INF
51697	INF
51698	INF
51699	INF
51700	INF
51701	INF
51702	INF
51703	INF
51704	INF
51705	INF
51706	INF
51707	INF
51708	INF
51709	INF
51710	INF
51711	INF
51712	INF
51713	INF
51714	INF
51715	INF
51716	INF
51717	INF
51718	INF
51719	INF
51720	INF
51721	INF
51722	INF
51723	INF
51724	INF
51725	INF
51726	INF
51727	INF
51728	INF
51729	INF
51730	INF
51731	INF
51732	INF
51733	INF
51734	INF
51735	INF
51736	INF
51737	INF
51738	INF
51739	INF
51740	INF
51741	INF
51742	INF
51743	INF
51744	INF
51745	INF
51746	INF
51747	INF
51748	INF
51749	INF
51750	INF
51751	INF
51752	INF
51753	INF
51754	INF
51755	INF
51756	INF
51757	INF
51758	INF
51759	INF
51760	INF
51761	INF
51762	INF
51763	INF
51764	INF
51765	INF
51766	INF
51767	INF
51768	INF
51769	INF
51770	INF
51771	INF
51772	INF
51773	INF
51774	INF
51775	INF
51776	INF
51777	INF
51778	INF
51779	INF
51780	INF
51781	INF
51782	INF
51783	INF
51784	INF
51785	INF
51786	INF
51787	INF
51788	INF
51789	INF
51790	INF
51791	INF
51792	INF
51793	INF
51794	INF
51795	INF
51796	INF
51797	INF
51798	INF
51799	INF
51800	INF
51801	INF
51802	INF
51803	INF
51804	INF
51805	INF
51806	INF
51807	INF
51808	INF
51809	INF
51810	INF
51811	INF
51812	INF
51813	INF
51814	INF
51815	INF
51816	INF
51817	INF
51818	INF
51819	INF
51820	INF
51821	INF
51822	INF
51823	INF
51824	INF
51825	INF
51826	INF
51827	INF
51828	INF
51829	INF
51830	INF
51831	INF
51832	INF
51833	INF
51834	INF
51835	INF
51836	INF
51837	INF
51838	INF
51839	INF
51840	INF
51841	INF
51842	INF
51843	INF
51844	INF
51845	INF
51846	INF
51847	INF
51848	INF
51849	INF
51850	INF
51851	INF
51852	INF
51853	INF
51854	INF
51855	INF
51856	INF
51857	INF
51858	INF
51859	INF
51860	INF
51861	INF
51862	INF
51863	INF
51864	INF
51865	INF
51866	INF
51867	INF
51868	INF
51869	INF
51870	INF
51871	INF
51872	INF
51873	INF
51874	INF
51875	INF
51876	INF
51877	INF
51878	INF
51879	INF
51880	INF
51881	INF
51882	INF
51883	INF
51884	INF
51885	INF
51886	INF
51887	INF
51888	INF
51889	INF
51890	INF
51891	INF
51892	INF
51893	INF
51894	INF
51895	INF
51896	INF
51897	INF
51898	INF
51899	INF
51900	INF
51901	INF
51902	INF
51903	INF
51904	INF
51905	INF
51906	INF
51907	INF
51908	INF
51909	INF
51910	INF
51911	INF
51912	INF
51913	INF
51914	INF
51915	INF
51916	INF
51917	INF
51918	INF
51919	INF
51920	INF
51921	INF
51922	INF
51923	INF
51924	INF
51925	INF
51926	INF
51927	INF
51928	INF
51929	INF
51930	INF
51931	INF
51932	INF
51933	INF
51934	INF
51935	INF
51936	INF
51937	INF
51938	INF
51939	INF
51940	INF
51941	INF
51942	INF
51943	INF
51944	INF
51945	INF
51946	INF
51947	INF
51948	INF
51949	INF
51950	INF
51951	INF
51952	INF
51953	INF
51954	INF
51955	INF
51956	INF
51957	INF
51958	INF
51959	INF
51960	INF
51961	INF
51962	INF
51963	INF
51964	INF
51965	INF
51966	INF
51967	INF
51968	INF
51969	INF
51970	INF
51971	INF
51972	INF
51973	INF
51974	INF
51975	INF
51976	INF
51977	INF
51978	INF
51979	INF
51980	INF
51981	INF
51982	INF
51983	INF
51984	INF
51985	INF
51986	INF
51987	INF
51988	INF
51989	INF
51990	INF
51991	INF
51992	INF
51993	INF
51994	INF
51995	INF
51996	INF
51997	INF
51998	INF
51999	INF
52000	INF
52001	INF
52002	INF
52003	INF
52004	INF
52005	INF
52006	INF
52007	INF
52008	INF
52009	INF
52010	INF
52011	INF
52012	INF
52013	INF
52014	INF
52015	INF
52016	INF
52017	INF
52018	INF
52019	INF
52020	INF
52021	INF
52022	INF
52023	INF
52024	INF
52025	INF
52026	INF
52027	INF
52028	INF
52029	INF
52030	INF
52031	INF
52032	INF
52033	INF
52034	INF
52035	INF
52036	INF
52037	INF
52038	INF
52039	INF
52040	INF
52041	INF
52042	INF
52043	INF
52044	INF
52045	INF
52046	INF
52047	INF
52048	INF
52049	INF
52050	INF
52051	INF
52052	INF
52053	INF
52054	INF
52055	INF
52056	INF
52057	INF
52058	INF
52059	INF
52060	INF
52061	INF
52062	INF
52063	INF
52064	INF
52065	INF
52066	INF
52067	INF
52068	INF
52069	INF
52070	INF
52071	INF
52072	INF
52073	INF
52074	INF
52075	INF
52076	INF
52077	INF
52078	INF
52079	INF
52080	INF
52081	INF
52082	INF
52083	INF
52084	INF
52085	INF
52086	INF
52087	INF
52088	INF
52089	INF
52090	INF
52091	INF
52092	INF
52093	INF
52094	INF
52095	INF
52096	INF
52097	INF
52098	INF
52099	INF
52100	INF
52101	INF
52102	INF
52103	INF
52104	INF
52105	INF
52106	INF
52107	INF
52108	INF
52109	INF
52110	INF
52111	INF
52112	INF
52113	INF
52114	INF
52115	INF
52116	INF
52117	INF
52118	INF
52119	INF
52120	INF
52121	INF
52122	INF
52123	INF
52124	INF
52125	INF
52126	INF
52127	INF
52128	INF
52129	INF
52130	INF
52131	INF
52132	INF
52133	INF
52134	INF
52135	INF
52136	INF
52137	INF
52138	INF
52139	INF
52140	INF
52141	INF
52142	INF
52143	INF
52144	INF
52145	INF
52146	INF
52147	INF
52148	INF
52149	INF
52150	INF
52151	INF
52152	INF
52153	INF
52154	INF
52155	INF
52156	INF
52157	INF
52158	INF
52159	INF
52160	INF
52161	INF
52162	INF
52163	INF
52164	INF
52165	INF
52166	INF
52167	INF
52168	INF
52169	INF
52170	INF
52171	INF
52172	INF
52173	INF
52174	INF
52175	INF
52176	INF
52177	INF
52178	INF
52179	INF
52180	INF
52181	INF
52182	INF
52183	INF
52184	INF
52185	INF
52186	INF
52187	INF
52188	INF
52189	INF
52190	INF
52191	INF
52192	INF
52193	INF
52194	INF
52195	INF
52196	INF
52197	INF
52198	INF
52199	INF
52200	INF
52201	INF
52202	INF
52203	INF
52204	INF
52205	INF
52206	INF
52207	INF
52208	INF
52209	INF
52210	INF
52211	INF
52212	INF
52213	INF
52214	INF
52215	INF
52216	INF
52217	INF
52218	INF
52219	INF
52220	INF
52221	INF
52222	INF
52223	INF
52224	INF
52225	INF
52226	INF
52227	INF
52228	INF
52229	INF
52230	INF
52231	INF
52232	INF
52233	INF
52234	INF
52235	INF
52236	INF
52237	INF
52238	INF
52239	INF
52240	INF
52241	INF
52242	INF
52243	INF
52244	INF
52245	INF
52246	INF
52247	INF
52248	INF
52249	INF
52250	INF
52251	INF
52252	INF
52253	INF
52254	INF
52255	INF
52256	INF
52257	INF
52258	INF
52259	INF
52260	INF
52261	INF
52262	INF
52263	INF
52264	INF
52265	INF
52266	INF
52267	INF
52268	INF
52269	INF
52270	INF
52271	INF
52272	INF
52273	INF
52274	INF
52275	INF
52276	INF
52277	INF
52278	INF
52279	INF
52280	INF
52281	INF
52282	INF
52283	INF
52284	INF
52285	INF
52286	INF
52287	INF
52288	INF
52289	INF
52290	INF
52291	INF
52292	INF
52293	INF
52294	INF
52295	INF
52296	INF
52297	INF
52298	INF
52299	INF
52300	INF
52301	INF
52302	INF
52303	INF
52304	INF
52305	INF
52306	INF
52307	INF
52308	INF
52309	INF
52310	INF
52311	INF
52312	INF
52313	INF
52314	INF
52315	INF
52316	INF
52317	INF
52318	INF
52319	INF
52320	INF
52321	INF
52322	INF
52323	INF
52324	INF
52325	INF
52326	INF
52327	INF
52328	INF
52329	INF
52330	INF
52331	INF
52332	INF
52333	INF
52334	INF
52335	INF
52336	INF
52337	INF
52338	INF
52339	INF
52340	INF
52341	INF
52342	INF
52343	INF
52344	INF
52345	INF
52346	INF
52347	INF
52348	INF
52349	INF
52350	INF
52351	INF
52352	INF
52353	INF
52354	INF
52355	INF
52356	INF
52357	INF
52358	INF
52359	INF
52360	INF
52361	INF
52362	INF
52363	INF
52364	INF
52365	INF
52366	INF
52367	INF
52368	INF
52369	INF
52370	INF
52371	INF
52372	INF
52373	INF
52374	INF
52375	INF
52376	INF
52377	INF
52378	INF
52379	INF
52380	INF
52381	INF
52382	INF
52383	INF
52384	INF
52385	INF
52386	INF
52387	INF
52388	INF
52389	INF
52390	INF
52391	INF
52392	INF
52393	INF
52394	INF
52395	INF
52396	INF
52397	INF
52398	INF
52399	INF
52400	INF
52401	INF
52402	INF
52403	INF
52404	INF
52405	INF
52406	INF
52407	INF
52408	INF
52409	INF
52410	INF
52411	INF
52412	INF
52413	INF
52414	INF
52415	INF
52416	INF
52417	INF
52418	INF
52419	INF
52420	INF
52421	INF
52422	INF
52423	INF
52424	INF
52425	INF
52426	INF
52427	INF
52428	INF
52429	INF
52430	INF
52431	INF
52432	INF
52433	INF
52434	INF
52435	INF
52436	INF
52437	INF
52438	INF
52439	INF
52440	INF
52441	INF
52442	INF
52443	INF
52444	INF
52445	INF
52446	INF
52447	INF
52448	INF
52449	INF
52450	INF
52451	INF
52452	INF
52453	INF
52454	INF
52455	INF
52456	INF
52457	INF
52458	INF
52459	INF
52460	INF
52461	INF
52462	INF
52463	INF
52464	INF
52465	INF
52466	INF
52467	INF
52468	INF
52469	INF
52470	INF
52471	INF
52472	INF
52473	INF
52474	INF
52475	INF
52476	INF
52477	INF
52478	INF
52479	INF
52480	INF
52481	INF
52482	INF
52483	INF
52484	INF
52485	INF
52486	INF
52487	INF
52488	INF
52489	INF
52490	INF
52491	INF
52492	INF
52493	INF
52494	INF
52495	INF
52496	INF
52497	INF
52498	INF
52499	INF
52500	INF
52501	INF
52502	INF
52503	INF
52504	INF
52505	INF
52506	INF
52507	INF
52508	INF
52509	INF
52510	INF
52511	INF
52512	INF
52513	INF
52514	INF
52515	INF
52516	INF
52517	INF
52518	INF
52519	INF
52520	INF
52521	INF
52522	INF
52523	INF
52524	INF
52525	INF
52526	INF
52527	INF
52528	INF
52529	INF
52530	INF
52531	INF
52532	INF
52533	INF
52534	INF
52535	INF
52536	INF
52537	INF
52538	INF
52539	INF
52540	INF
52541	INF
52542	INF
52543	INF
52544	INF
52545	INF
52546	INF
52547	INF
52548	INF
52549	INF
52550	INF
52551	INF
52552	INF
52553	INF
52554	INF
52555	INF
52556	INF
52557	INF
52558	INF
52559	INF
52560	INF
52561	INF
52562	INF
52563	INF
52564	INF
52565	INF
52566	INF
52567	INF
52568	INF
52569	INF
52570	INF
52571	INF
52572	INF
52573	INF
52574	INF
52575	INF
52576	INF
52577	INF
52578	INF
52579	INF
52580	INF
52581	INF
52582	INF
52583	INF
52584	INF
52585	INF
52586	INF
52587	INF
52588	INF
52589	INF
52590	INF
52591	INF
52592	INF
52593	INF
52594	INF
52595	INF
52596	INF
52597	INF
52598	INF
52599	INF
52600	INF
52601	INF
52602	INF
52603	INF
52604	INF
52605	INF
52606	INF
52607	INF
52608	INF
52609	INF
52610	INF
52611	INF
52612	INF
52613	INF
52614	INF
52615	INF
52616	INF
52617	INF
52618	INF
52619	INF
52620	INF
52621	INF
52622	INF
52623	INF
52624	INF
52625	INF
52626	INF
52627	INF
52628	INF
52629	INF
52630	INF
52631	INF
52632	INF
52633	INF
52634	INF
52635	INF
52636	INF
52637	INF
52638	INF
52639	INF
52640	INF
52641	INF
52642	INF
52643	INF
52644	INF
52645	INF
52646	INF
52647	INF
52648	INF
52649	INF
52650	INF
52651	INF
52652	INF
52653	INF
52654	INF
52655	INF
52656	INF
52657	INF
52658	INF
52659	INF
52660	INF
52661	INF
52662	INF
52663	INF
52664	INF
52665	INF
52666	INF
52667	INF
52668	INF
52669	INF
52670	INF
52671	INF
52672	INF
52673	INF
52674	INF
52675	INF
52676	INF
52677	INF
52678	INF
52679	INF
52680	INF
52681	INF
52682	INF
52683	INF
52684	INF
52685	INF
52686	INF
52687	INF
52688	INF
52689	INF
52690	INF
52691	INF
52692	INF
52693	INF
52694	INF
52695	INF
52696	INF
52697	INF
52698	INF
52699	INF
52700	INF
52701	INF
52702	INF
52703	INF
52704	INF
52705	INF
52706	INF
52707	INF
52708	INF
52709	INF
52710	INF
52711	INF
52712	INF
52713	INF
52714	INF
52715	INF
52716	INF
52717	INF
52718	INF
52719	INF
52720	INF
52721	INF
52722	INF
52723	INF
52724	INF
52725	INF
52726	INF
52727	INF
52728	INF
52729	INF
52730	INF
52731	INF
52732	INF
52733	INF
52734	INF
52735	INF
52736	INF
52737	INF
52738	INF
52739	INF
52740	INF
52741	INF
52742	INF
52743	INF
52744	INF
52745	INF
52746	INF
52747	INF
52748	INF
52749	INF
52750	INF
52751	INF
52752	INF
52753	INF
52754	INF
52755	INF
52756	INF
52757	INF
52758	INF
52759	INF
52760	INF
52761	INF
52762	INF
52763	INF
52764	INF
52765	INF
52766	INF
52767	INF
52768	INF
52769	INF
52770	INF
52771	INF
52772	INF
52773	INF
52774	INF
52775	INF
52776	INF
52777	INF
52778	INF
52779	INF
52780	INF
52781	INF
52782	INF
52783	INF
52784	INF
52785	INF
52786	INF
52787	INF
52788	INF
52789	INF
52790	INF
52791	INF
52792	INF
52793	INF
52794	INF
52795	INF
52796	INF
52797	INF
52798	INF
52799	INF
52800	INF
52801	INF
52802	INF
52803	INF
52804	INF
52805	INF
52806	INF
52807	INF
52808	INF
52809	INF
52810	INF
52811	INF
52812	INF
52813	INF
52814	INF
52815	INF
52816	INF
52817	INF
52818	INF
52819	INF
52820	INF
52821	INF
52822	INF
52823	INF
52824	INF
52825	INF
52826	INF
52827	INF
52828	INF
52829	INF
52830	INF
52831	INF
52832	INF
52833	INF
52834	INF
52835	INF
52836	INF
52837	INF
52838	INF
52839	INF
52840	INF
52841	INF
52842	INF
52843	INF
52844	INF
52845	INF
52846	INF
52847	INF
52848	INF
52849	INF
52850	INF
52851	INF
52852	INF
52853	INF
52854	INF
52855	INF
52856	INF
52857	INF
52858	INF
52859	INF
52860	INF
52861	INF
52862	INF
52863	INF
52864	INF
52865	INF
52866	INF
52867	INF
52868	INF
52869	INF
52870	INF
52871	INF
52872	INF
52873	INF
52874	INF
52875	INF
52876	INF
52877	INF
52878	INF
52879	INF
52880	INF
52881	INF
52882	INF
52883	INF
52884	INF
52885	INF
52886	INF
52887	INF
52888	INF
52889	INF
52890	INF
52891	INF
52892	INF
52893	INF
52894	INF
52895	INF
52896	INF
52897	INF
52898	INF
52899	INF
52900	INF
52901	INF
52902	INF
52903	INF
52904	INF
52905	INF
52906	INF
52907	INF
52908	INF
52909	INF
52910	INF
52911	INF
52912	INF
52913	INF
52914	INF
52915	INF
52916	INF
52917	INF
52918	INF
52919	INF
52920	INF
52921	INF
52922	INF
52923	INF
52924	INF
52925	INF
52926	INF
52927	INF
52928	INF
52929	INF
52930	INF
52931	INF
52932	INF
52933	INF
52934	INF
52935	INF
52936	INF
52937	INF
52938	INF
52939	INF
52940	INF
52941	INF
52942	INF
52943	INF
52944	INF
52945	INF
52946	INF
52947	INF
52948	INF
52949	INF
52950	INF
52951	INF
52952	INF
52953	INF
52954	INF
52955	INF
52956	INF
52957	INF
52958	INF
52959	INF
52960	INF
52961	INF
52962	INF
52963	INF
52964	INF
52965	INF
52966	INF
52967	INF
52968	INF
52969	INF
52970	INF
52971	INF
52972	INF
52973	INF
52974	INF
52975	INF
52976	INF
52977	INF
52978	INF
52979	INF
52980	INF
52981	INF
52982	INF
52983	INF
52984	INF
52985	INF
52986	INF
52987	INF
52988	INF
52989	INF
52990	INF
52991	INF
52992	INF
52993	INF
52994	INF
52995	INF
52996	INF
52997	INF
52998	INF
52999	INF
53000	INF
53001	INF
53002	INF
53003	INF
53004	INF
53005	INF
53006	INF
53007	INF
53008	INF
53009	INF
53010	INF
53011	INF
53012	INF
53013	INF
53014	INF
53015	INF
53016	INF
53017	INF
53018	INF
53019	INF
53020	INF
53021	INF
53022	INF
53023	INF
53024	INF
53025	INF
53026	INF
53027	INF
53028	INF
53029	INF
53030	INF
53031	INF
53032	INF
53033	INF
53034	INF
53035	INF
53036	INF
53037	INF
53038	INF
53039	INF
53040	INF
53041	INF
53042	INF
53043	INF
53044	INF
53045	INF
53046	INF
53047	INF
53048	INF
53049	INF
53050	INF
53051	INF
53052	INF
53053	INF
53054	INF
53055	INF
53056	INF
53057	INF
53058	INF
53059	INF
53060	INF
53061	INF
53062	INF
53063	INF
53064	INF
53065	INF
53066	INF
53067	INF
53068	INF
53069	INF
53070	INF
53071	INF
53072	INF
53073	INF
53074	INF
53075	INF
53076	INF
53077	INF
53078	INF
53079	INF
53080	INF
53081	INF
53082	INF
53083	INF
53084	INF
53085	INF
53086	INF
53087	INF
53088	INF
53089	INF
53090	INF
53091	INF
53092	INF
53093	INF
53094	INF
53095	INF
53096	INF
53097	INF
53098	INF
53099	INF
53100	INF
53101	INF
53102	INF
53103	INF
53104	INF
53105	INF
53106	INF
53107	INF
53108	INF
53109	INF
53110	INF
53111	INF
53112	INF
53113	INF
53114	INF
53115	INF
53116	INF
53117	INF
53118	INF
53119	INF
53120	INF
53121	INF
53122	INF
53123	INF
53124	INF
53125	INF
53126	INF
53127	INF
53128	INF
53129	INF
53130	INF
53131	INF
53132	INF
53133	INF
53134	INF
53135	INF
53136	INF
53137	INF
53138	INF
53139	INF
53140	INF
53141	INF
53142	INF
53143	INF
53144	INF
53145	INF
53146	INF
53147	INF
53148	INF
53149	INF
53150	INF
53151	INF
53152	INF
53153	INF
53154	INF
53155	INF
53156	INF
53157	INF
53158	INF
53159	INF
53160	INF
53161	INF
53162	INF
53163	INF
53164	INF
53165	INF
53166	INF
53167	INF
53168	INF
53169	INF
53170	INF
53171	INF
53172	INF
53173	INF
53174	INF
53175	INF
53176	INF
53177	INF
53178	INF
53179	INF
53180	INF
53181	INF
53182	INF
53183	INF
53184	INF
53185	INF
53186	INF
53187	INF
53188	INF
53189	INF
53190	INF
53191	INF
53192	INF
53193	INF
53194	INF
53195	INF
53196	INF
53197	INF
53198	INF
53199	INF
53200	INF
53201	INF
53202	INF
53203	INF
53204	INF
53205	INF
53206	INF
53207	INF
53208	INF
53209	INF
53210	INF
53211	INF
53212	INF
53213	INF
53214	INF
53215	INF
53216	INF
53217	INF
53218	INF
53219	INF
53220	INF
53221	INF
53222	INF
53223	INF
53224	INF
53225	INF
53226	INF
53227	INF
53228	INF
53229	INF
53230	INF
53231	INF
53232	INF
53233	INF
53234	INF
53235	INF
53236	INF
53237	INF
53238	INF
53239	INF
53240	INF
53241	INF
53242	INF
53243	INF
53244	INF
53245	INF
53246	INF
53247	INF
53248	INF
53249	INF
53250	INF
53251	INF
53252	INF
53253	INF
53254	INF
53255	INF
53256	INF
53257	INF
53258	INF
53259	INF
53260	INF
53261	INF
53262	INF
53263	INF
53264	INF
53265	INF
53266	INF
53267	INF
53268	INF
53269	INF
53270	INF
53271	INF
53272	INF
53273	INF
53274	INF
53275	INF
53276	INF
53277	INF
53278	INF
53279	INF
53280	INF
53281	INF
53282	INF
53283	INF
53284	INF
53285	INF
53286	INF
53287	INF
53288	INF
53289	INF
53290	INF
53291	INF
53292	INF
53293	INF
53294	INF
53295	INF
53296	INF
53297	INF
53298	INF
53299	INF
53300	INF
53301	INF
53302	INF
53303	INF
53304	INF
53305	INF
53306	INF
53307	INF
53308	INF
53309	INF
53310	INF
53311	INF
53312	INF
53313	INF
53314	INF
53315	INF
53316	INF
53317	INF
53318	INF
53319	INF
53320	INF
53321	INF
53322	INF
53323	INF
53324	INF
53325	INF
53326	INF
53327	INF
53328	INF
53329	INF
53330	INF
53331	INF
53332	INF
53333	INF
53334	INF
53335	INF
53336	INF
53337	INF
53338	INF
53339	INF
53340	INF
53341	INF
53342	INF
53343	INF
53344	INF
53345	INF
53346	INF
53347	INF
53348	INF
53349	INF
53350	INF
53351	INF
53352	INF
53353	INF
53354	INF
53355	INF
53356	INF
53357	INF
53358	INF
53359	INF
53360	INF
53361	INF
53362	INF
53363	INF
53364	INF
53365	INF
53366	INF
53367	INF
53368	INF
53369	INF
53370	INF
53371	INF
53372	INF
53373	INF
53374	INF
53375	INF
53376	INF
53377	INF
53378	INF
53379	INF
53380	INF
53381	INF
53382	INF
53383	INF
53384	INF
53385	INF
53386	INF
53387	INF
53388	INF
53389	INF
53390	INF
53391	INF
53392	INF
53393	INF
53394	INF
53395	INF
53396	INF
53397	INF
53398	INF
53399	INF
53400	INF
53401	INF
53402	INF
53403	INF
53404	INF
53405	INF
53406	INF
53407	INF
53408	INF
53409	INF
53410	INF
53411	INF
53412	INF
53413	INF
53414	INF
53415	INF
53416	INF
53417	INF
53418	INF
53419	INF
53420	INF
53421	INF
53422	INF
53423	INF
53424	INF
53425	INF
53426	INF
53427	INF
53428	INF
53429	INF
53430	INF
53431	INF
53432	INF
53433	INF
53434	INF
53435	INF
53436	INF
53437	INF
53438	INF
53439	INF
53440	INF
53441	INF
53442	INF
53443	INF
53444	INF
53445	INF
53446	INF
53447	INF
53448	INF
53449	INF
53450	INF
53451	INF
53452	INF
53453	INF
53454	INF
53455	INF
53456	INF
53457	INF
53458	INF
53459	INF
53460	INF
53461	INF
53462	INF
53463	INF
53464	INF
53465	INF
53466	INF
53467	INF
53468	INF
53469	INF
53470	INF
53471	INF
53472	INF
53473	INF
53474	INF
53475	INF
53476	INF
53477	INF
53478	INF
53479	INF
53480	INF
53481	INF
53482	INF
53483	INF
53484	INF
53485	INF
53486	INF
53487	INF
53488	INF
53489	INF
53490	INF
53491	INF
53492	INF
53493	INF
53494	INF
53495	INF
53496	INF
53497	INF
53498	INF
53499	INF
53500	INF
53501	INF
53502	INF
53503	INF
53504	INF
53505	INF
53506	INF
53507	INF
53508	INF
53509	INF
53510	INF
53511	INF
53512	INF
53513	INF
53514	INF
53515	INF
53516	INF
53517	INF
53518	INF
53519	INF
53520	INF
53521	INF
53522	INF
53523	INF
53524	INF
53525	INF
53526	INF
53527	INF
53528	INF
53529	INF
53530	INF
53531	INF
53532	INF
53533	INF
53534	INF
53535	INF
53536	INF
53537	INF
53538	INF
53539	INF
53540	INF
53541	INF
53542	INF
53543	INF
53544	INF
53545	INF
53546	INF
53547	INF
53548	INF
53549	INF
53550	INF
53551	INF
53552	INF
53553	INF
53554	INF
53555	INF
53556	INF
53557	INF
53558	INF
53559	INF
53560	INF
53561	INF
53562	INF
53563	INF
53564	INF
53565	INF
53566	INF
53567	INF
53568	INF
53569	INF
53570	INF
53571	INF
53572	INF
53573	INF
53574	INF
53575	INF
53576	INF
53577	INF
53578	INF
53579	INF
53580	INF
53581	INF
53582	INF
53583	INF
53584	INF
53585	INF
53586	INF
53587	INF
53588	INF
53589	INF
53590	INF
53591	INF
53592	INF
53593	INF
53594	INF
53595	INF
53596	INF
53597	INF
53598	INF
53599	INF
53600	INF
53601	INF
53602	INF
53603	INF
53604	INF
53605	INF
53606	INF
53607	INF
53608	INF
53609	INF
53610	INF
53611	INF
53612	INF
53613	INF
53614	INF
53615	INF
53616	INF
53617	INF
53618	INF
53619	INF
53620	INF
53621	INF
53622	INF
53623	INF
53624	INF
53625	INF
53626	INF
53627	INF
53628	INF
53629	INF
53630	INF
53631	INF
53632	INF
53633	INF
53634	INF
53635	INF
53636	INF
53637	INF
53638	INF
53639	INF
53640	INF
53641	INF
53642	INF
53643	INF
53644	INF
53645	INF
53646	INF
53647	INF
53648	INF
53649	INF
53650	INF
53651	INF
53652	INF
53653	INF
53654	INF
53655	INF
53656	INF
53657	INF
53658	INF
53659	INF
53660	INF
53661	INF
53662	INF
53663	INF
53664	INF
53665	INF
53666	INF
53667	INF
53668	INF
53669	INF
53670	INF
53671	INF
53672	INF
53673	INF
53674	INF
53675	INF
53676	INF
53677	INF
53678	INF
53679	INF
53680	INF
53681	INF
53682	INF
53683	INF
53684	INF
53685	INF
53686	INF
53687	INF
53688	INF
53689	INF
53690	INF
53691	INF
53692	INF
53693	INF
53694	INF
53695	INF
53696	INF
53697	INF
53698	INF
53699	INF
53700	INF
53701	INF
53702	INF
53703	INF
53704	INF
53705	INF
53706	INF
53707	INF
53708	INF
53709	INF
53710	INF
53711	INF
53712	INF
53713	INF
53714	INF
53715	INF
53716	INF
53717	INF
53718	INF
53719	INF
53720	INF
53721	INF
53722	INF
53723	INF
53724	INF
53725	INF
53726	INF
53727	INF
53728	INF
53729	INF
53730	INF
53731	INF
53732	INF
53733	INF
53734	INF
53735	INF
53736	INF
53737	INF
53738	INF
53739	INF
53740	INF
53741	INF
53742	INF
53743	INF
53744	INF
53745	INF
53746	INF
53747	INF
53748	INF
53749	INF
53750	INF
53751	INF
53752	INF
53753	INF
53754	INF
53755	INF
53756	INF
53757	INF
53758	INF
53759	INF
53760	INF
53761	INF
53762	INF
53763	INF
53764	INF
53765	INF
53766	INF
53767	INF
53768	INF
53769	INF
53770	INF
53771	INF
53772	INF
53773	INF
53774	INF
53775	INF
53776	INF
53777	INF
53778	INF
53779	INF
53780	INF
53781	INF
53782	INF
53783	INF
53784	INF
53785	INF
53786	INF
53787	INF
53788	INF
53789	INF
53790	INF
53791	INF
53792	INF
53793	INF
53794	INF
53795	INF
53796	INF
53797	INF
53798	INF
53799	INF
53800	INF
53801	INF
53802	INF
53803	INF
53804	INF
53805	INF
53806	INF
53807	INF
53808	INF
53809	INF
53810	INF
53811	INF
53812	INF
53813	INF
53814	INF
53815	INF
53816	INF
53817	INF
53818	INF
53819	INF
53820	INF
53821	INF
53822	INF
53823	INF
53824	INF
53825	INF
53826	INF
53827	INF
53828	INF
53829	INF
53830	INF
53831	INF
53832	INF
53833	INF
53834	INF
53835	INF
53836	INF
53837	INF
53838	INF
53839	INF
53840	INF
53841	INF
53842	INF
53843	INF
53844	INF
53845	INF
53846	INF
53847	INF
53848	INF
53849	INF
53850	INF
53851	INF
53852	INF
53853	INF
53854	INF
53855	INF
53856	INF
53857	INF
53858	INF
53859	INF
53860	INF
53861	INF
53862	INF
53863	INF
53864	INF
53865	INF
53866	INF
53867	INF
53868	INF
53869	INF
53870	INF
53871	INF
53872	INF
53873	INF
53874	INF
53875	INF
53876	INF
53877	INF
53878	INF
53879	INF
53880	INF
53881	INF
53882	INF
53883	INF
53884	INF
53885	INF
53886	INF
53887	INF
53888	INF
53889	INF
53890	INF
53891	INF
53892	INF
53893	INF
53894	INF
53895	INF
53896	INF
53897	INF
53898	INF
53899	INF
53900	INF
53901	INF
53902	INF
53903	INF
53904	INF
53905	INF
53906	INF
53907	INF
53908	INF
53909	INF
53910	INF
53911	INF
53912	INF
53913	INF
53914	INF
53915	INF
53916	INF
53917	INF
53918	INF
53919	INF
53920	INF
53921	INF
53922	INF
53923	INF
53924	INF
53925	INF
53926	INF
53927	INF
53928	INF
53929	INF
53930	INF
53931	INF
53932	INF
53933	INF
53934	INF
53935	INF
53936	INF
53937	INF
53938	INF
53939	INF
53940	INF
53941	INF
53942	INF
53943	INF
53944	INF
53945	INF
53946	INF
53947	INF
53948	INF
53949	INF
53950	INF
53951	INF
53952	INF
53953	INF
53954	INF
53955	INF
53956	INF
53957	INF
53958	INF
53959	INF
53960	INF
53961	INF
53962	INF
53963	INF
53964	INF
53965	INF
53966	INF
53967	INF
53968	INF
53969	INF
53970	INF
53971	INF
53972	INF
53973	INF
53974	INF
53975	INF
53976	INF
53977	INF
53978	INF
53979	INF
53980	INF
53981	INF
53982	INF
53983	INF
53984	INF
53985	INF
53986	INF
53987	INF
53988	INF
53989	INF
53990	INF
53991	INF
53992	INF
53993	INF
53994	INF
53995	INF
53996	INF
53997	INF
53998	INF
53999	INF
54000	INF
54001	INF
54002	INF
54003	INF
54004	INF
54005	INF
54006	INF
54007	INF
54008	INF
54009	INF
54010	INF
54011	INF
54012	INF
54013	INF
54014	INF
54015	INF
54016	INF
54017	INF
54018	INF
54019	INF
54020	INF
54021	INF
54022	INF
54023	INF
54024	INF
54025	INF
54026	INF
54027	INF
54028	INF
54029	INF
54030	INF
54031	INF
54032	INF
54033	INF
54034	INF
54035	INF
54036	INF
54037	INF
54038	INF
54039	INF
54040	INF
54041	INF
54042	INF
54043	INF
54044	INF
54045	INF
54046	INF
54047	INF
54048	INF
54049	INF
54050	INF
54051	INF
54052	INF
54053	INF
54054	INF
54055	INF
54056	INF
54057	INF
54058	INF
54059	INF
54060	INF
54061	INF
54062	INF
54063	INF
54064	INF
54065	INF
54066	INF
54067	INF
54068	INF
54069	INF
54070	INF
54071	INF
54072	INF
54073	INF
54074	INF
54075	INF
54076	INF
54077	INF
54078	INF
54079	INF
54080	INF
54081	INF
54082	INF
54083	INF
54084	INF
54085	INF
54086	INF
54087	INF
54088	INF
54089	INF
54090	INF
54091	INF
54092	INF
54093	INF
54094	INF
54095	INF
54096	INF
54097	INF
54098	INF
54099	INF
54100	INF
54101	INF
54102	INF
54103	INF
54104	INF
54105	INF
54106	INF
54107	INF
54108	INF
54109	INF
54110	INF
54111	INF
54112	INF
54113	INF
54114	INF
54115	INF
54116	INF
54117	INF
54118	INF
54119	INF
54120	INF
54121	INF
54122	INF
54123	INF
54124	INF
54125	INF
54126	INF
54127	INF
54128	INF
54129	INF
54130	INF
54131	INF
54132	INF
54133	INF
54134	INF
54135	INF
54136	INF
54137	INF
54138	INF
54139	INF
54140	INF
54141	INF
54142	INF
54143	INF
54144	INF
54145	INF
54146	INF
54147	INF
54148	INF
54149	INF
54150	INF
54151	INF
54152	INF
54153	INF
54154	INF
54155	INF
54156	INF
54157	INF
54158	INF
54159	INF
54160	INF
54161	INF
54162	INF
54163	INF
54164	INF
54165	INF
54166	INF
54167	INF
54168	INF
54169	INF
54170	INF
54171	INF
54172	INF
54173	INF
54174	INF
54175	INF
54176	INF
54177	INF
54178	INF
54179	INF
54180	INF
54181	INF
54182	INF
54183	INF
54184	INF
54185	INF
54186	INF
54187	INF
54188	INF
54189	INF
54190	INF
54191	INF
54192	INF
54193	INF
54194	INF
54195	INF
54196	INF
54197	INF
54198	INF
54199	INF
54200	INF
54201	INF
54202	INF
54203	INF
54204	INF
54205	INF
54206	INF
54207	INF
54208	INF
54209	INF
54210	INF
54211	INF
54212	INF
54213	INF
54214	INF
54215	INF
54216	INF
54217	INF
54218	INF
54219	INF
54220	INF
54221	INF
54222	INF
54223	INF
54224	INF
54225	INF
54226	INF
54227	INF
54228	INF
54229	INF
54230	INF
54231	INF
54232	INF
54233	INF
54234	INF
54235	INF
54236	INF
54237	INF
54238	INF
54239	INF
54240	INF
54241	INF
54242	INF
54243	INF
54244	INF
54245	INF
54246	INF
54247	INF
54248	INF
54249	INF
54250	INF
54251	INF
54252	INF
54253	INF
54254	INF
54255	INF
54256	INF
54257	INF
54258	INF
54259	INF
54260	INF
54261	INF
54262	INF
54263	INF
54264	INF
54265	INF
54266	INF
54267	INF
54268	INF
54269	INF
54270	INF
54271	INF
54272	INF
54273	INF
54274	INF
54275	INF
54276	INF
54277	INF
54278	INF
54279	INF
54280	INF
54281	INF
54282	INF
54283	INF
54284	INF
54285	INF
54286	INF
54287	INF
54288	INF
54289	INF
54290	INF
54291	INF
54292	INF
54293	INF
54294	INF
54295	INF
54296	INF
54297	INF
54298	INF
54299	INF
54300	INF
54301	INF
54302	INF
54303	INF
54304	INF
54305	INF
54306	INF
54307	INF
54308	INF
54309	INF
54310	INF
54311	INF
54312	INF
54313	INF
54314	INF
54315	INF
54316	INF
54317	INF
54318	INF
54319	INF
54320	INF
54321	INF
54322	INF
54323	INF
54324	INF
54325	INF
54326	INF
54327	INF
54328	INF
54329	INF
54330	INF
54331	INF
54332	INF
54333	INF
54334	INF
54335	INF
54336	INF
54337	INF
54338	INF
54339	INF
54340	INF
54341	INF
54342	INF
54343	INF
54344	INF
54345	INF
54346	INF
54347	INF
54348	INF
54349	INF
54350	INF
54351	INF
54352	INF
54353	INF
54354	INF
54355	INF
54356	INF
54357	INF
54358	INF
54359	INF
54360	INF
54361	INF
54362	INF
54363	INF
54364	INF
54365	INF
54366	INF
54367	INF
54368	INF
54369	INF
54370	INF
54371	INF
54372	INF
54373	INF
54374	INF
54375	INF
54376	INF
54377	INF
54378	INF
54379	INF
54380	INF
54381	INF
54382	INF
54383	INF
54384	INF
54385	INF
54386	INF
54387	INF
54388	INF
54389	INF
54390	INF
54391	INF
54392	INF
54393	INF
54394	INF
54395	INF
54396	INF
54397	INF
54398	INF
54399	INF
54400	INF
54401	INF
54402	INF
54403	INF
54404	INF
54405	INF
54406	INF
54407	INF
54408	INF
54409	INF
54410	INF
54411	INF
54412	INF
54413	INF
54414	INF
54415	INF
54416	INF
54417	INF
54418	INF
54419	INF
54420	INF
54421	INF
54422	INF
54423	INF
54424	INF
54425	INF
54426	INF
54427	INF
54428	INF
54429	INF
54430	INF
54431	INF
54432	INF
54433	INF
54434	INF
54435	INF
54436	INF
54437	INF
54438	INF
54439	INF
54440	INF
54441	INF
54442	INF
54443	INF
54444	INF
54445	INF
54446	INF
54447	INF
54448	INF
54449	INF
54450	INF
54451	INF
54452	INF
54453	INF
54454	INF
54455	INF
54456	INF
54457	INF
54458	INF
54459	INF
54460	INF
54461	INF
54462	INF
54463	INF
54464	INF
54465	INF
54466	INF
54467	INF
54468	INF
54469	INF
54470	INF
54471	INF
54472	INF
54473	INF
54474	INF
54475	INF
54476	INF
54477	INF
54478	INF
54479	INF
54480	INF
54481	INF
54482	INF
54483	INF
54484	INF
54485	INF
54486	INF
54487	INF
54488	INF
54489	INF
54490	INF
54491	INF
54492	INF
54493	INF
54494	INF
54495	INF
54496	INF
54497	INF
54498	INF
54499	INF
54500	INF
54501	INF
54502	INF
54503	INF
54504	INF
54505	INF
54506	INF
54507	INF
54508	INF
54509	INF
54510	INF
54511	INF
54512	INF
54513	INF
54514	INF
54515	INF
54516	INF
54517	INF
54518	INF
54519	INF
54520	INF
54521	INF
54522	INF
54523	INF
54524	INF
54525	INF
54526	INF
54527	INF
54528	INF
54529	INF
54530	INF
54531	INF
54532	INF
54533	INF
54534	INF
54535	INF
54536	INF
54537	INF
54538	INF
54539	INF
54540	INF
54541	INF
54542	INF
54543	INF
54544	INF
54545	INF
54546	INF
54547	INF
54548	INF
54549	INF
54550	INF
54551	INF
54552	INF
54553	INF
54554	INF
54555	INF
54556	INF
54557	INF
54558	INF
54559	INF
54560	INF
54561	INF
54562	INF
54563	INF
54564	INF
54565	INF
54566	INF
54567	INF
54568	INF
54569	INF
54570	INF
54571	INF
54572	INF
54573	INF
54574	INF
54575	INF
54576	INF
54577	INF
54578	INF
54579	INF
54580	INF
54581	INF
54582	INF
54583	INF
54584	INF
54585	INF
54586	INF
54587	INF
54588	INF
54589	INF
54590	INF
54591	INF
54592	INF
54593	INF
54594	INF
54595	INF
54596	INF
54597	INF
54598	INF
54599	INF
54600	INF
54601	INF
54602	INF
54603	INF
54604	INF
54605	INF
54606	INF
54607	INF
54608	INF
54609	INF
54610	INF
54611	INF
54612	INF
54613	INF
54614	INF
54615	INF
54616	INF
54617	INF
54618	INF
54619	INF
54620	INF
54621	INF
54622	INF
54623	INF
54624	INF
54625	INF
54626	INF
54627	INF
54628	INF
54629	INF
54630	INF
54631	INF
54632	INF
54633	INF
54634	INF
54635	INF
54636	INF
54637	INF
54638	INF
54639	INF
54640	INF
54641	INF
54642	INF
54643	INF
54644	INF
54645	INF
54646	INF
54647	INF
54648	INF
54649	INF
54650	INF
54651	INF
54652	INF
54653	INF
54654	INF
54655	INF
54656	INF
54657	INF
54658	INF
54659	INF
54660	INF
54661	INF
54662	INF
54663	INF
54664	INF
54665	INF
54666	INF
54667	INF
54668	INF
54669	INF
54670	INF
54671	INF
54672	INF
54673	INF
54674	INF
54675	INF
54676	INF
54677	INF
54678	INF
54679	INF
54680	INF
54681	INF
54682	INF
54683	INF
54684	INF
54685	INF
54686	INF
54687	INF
54688	INF
54689	INF
54690	INF
54691	INF
54692	INF
54693	INF
54694	INF
54695	INF
54696	INF
54697	INF
54698	INF
54699	INF
54700	INF
54701	INF
54702	INF
54703	INF
54704	INF
54705	INF
54706	INF
54707	INF
54708	INF
54709	INF
54710	INF
54711	INF
54712	INF
54713	INF
54714	INF
54715	INF
54716	INF
54717	INF
54718	INF
54719	INF
54720	INF
54721	INF
54722	INF
54723	INF
54724	INF
54725	INF
54726	INF
54727	INF
54728	INF
54729	INF
54730	INF
54731	INF
54732	INF
54733	INF
54734	INF
54735	INF
54736	INF
54737	INF
54738	INF
54739	INF
54740	INF
54741	INF
54742	INF
54743	INF
54744	INF
54745	INF
54746	INF
54747	INF
54748	INF
54749	INF
54750	INF
54751	INF
54752	INF
54753	INF
54754	INF
54755	INF
54756	INF
54757	INF
54758	INF
54759	INF
54760	INF
54761	INF
54762	INF
54763	INF
54764	INF
54765	INF
54766	INF
54767	INF
54768	INF
54769	INF
54770	INF
54771	INF
54772	INF
54773	INF
54774	INF
54775	INF
54776	INF
54777	INF
54778	INF
54779	INF
54780	INF
54781	INF
54782	INF
54783	INF
54784	INF
54785	INF
54786	INF
54787	INF
54788	INF
54789	INF
54790	INF
54791	INF
54792	INF
54793	INF
54794	INF
54795	INF
54796	INF
54797	INF
54798	INF
54799	INF
54800	INF
54801	INF
54802	INF
54803	INF
54804	INF
54805	INF
54806	INF
54807	INF
54808	INF
54809	INF
54810	INF
54811	INF
54812	INF
54813	INF
54814	INF
54815	INF
54816	INF
54817	INF
54818	INF
54819	INF
54820	INF
54821	INF
54822	INF
54823	INF
54824	INF
54825	INF
54826	INF
54827	INF
54828	INF
54829	INF
54830	INF
54831	INF
54832	INF
54833	INF
54834	INF
54835	INF
54836	INF
54837	INF
54838	INF
54839	INF
54840	INF
54841	INF
54842	INF
54843	INF
54844	INF
54845	INF
54846	INF
54847	INF
54848	INF
54849	INF
54850	INF
54851	INF
54852	INF
54853	INF
54854	INF
54855	INF
54856	INF
54857	INF
54858	INF
54859	INF
54860	INF
54861	INF
54862	INF
54863	INF
54864	INF
54865	INF
54866	INF
54867	INF
54868	INF
54869	INF
54870	INF
54871	INF
54872	INF
54873	INF
54874	INF
54875	INF
54876	INF
54877	INF
54878	INF
54879	INF
54880	INF
54881	INF
54882	INF
54883	INF
54884	INF
54885	INF
54886	INF
54887	INF
54888	INF
54889	INF
54890	INF
54891	INF
54892	INF
54893	INF
54894	INF
54895	INF
54896	INF
54897	INF
54898	INF
54899	INF
54900	INF
54901	INF
54902	INF
54903	INF
54904	INF
54905	INF
54906	INF
54907	INF
54908	INF
54909	INF
54910	INF
54911	INF
54912	INF
54913	INF
54914	INF
54915	INF
54916	INF
54917	INF
54918	INF
54919	INF
54920	INF
54921	INF
54922	INF
54923	INF
54924	INF
54925	INF
54926	INF
54927	INF
54928	INF
54929	INF
54930	INF
54931	INF
54932	INF
54933	INF
54934	INF
54935	INF
54936	INF
54937	INF
54938	INF
54939	INF
54940	INF
54941	INF
54942	INF
54943	INF
54944	INF
54945	INF
54946	INF
54947	INF
54948	INF
54949	INF
54950	INF
54951	INF
54952	INF
54953	INF
54954	INF
54955	INF
54956	INF
54957	INF
54958	INF
54959	INF
54960	INF
54961	INF
54962	INF
54963	INF
54964	INF
54965	INF
54966	INF
54967	INF
54968	INF
54969	INF
54970	INF
54971	INF
54972	INF
54973	INF
54974	INF
54975	INF
54976	INF
54977	INF
54978	INF
54979	INF
54980	INF
54981	INF
54982	INF
54983	INF
54984	INF
54985	INF
54986	INF
54987	INF
54988	INF
54989	INF
54990	INF
54991	INF
54992	INF
54993	INF
54994	INF
54995	INF
54996	INF
54997	INF
54998	INF
54999	INF
55000	INF
55001	INF
55002	INF
55003	INF
55004	INF
55005	INF
55006	INF
55007	INF
55008	INF
55009	INF
55010	INF
55011	INF
55012	INF
55013	INF
55014	INF
55015	INF
55016	INF
55017	INF
55018	INF
55019	INF
55020	INF
55021	INF
55022	INF
55023	INF
55024	INF
55025	INF
55026	INF
55027	INF
55028	INF
55029	INF
55030	INF
55031	INF
55032	INF
55033	INF
55034	INF
55035	INF
55036	INF
55037	INF
55038	INF
55039	INF
55040	INF
55041	INF
55042	INF
55043	INF
55044	INF
55045	INF
55046	INF
55047	INF
55048	INF
55049	INF
55050	INF
55051	INF
55052	INF
55053	INF
55054	INF
55055	INF
55056	INF
55057	INF
55058	INF
55059	INF
55060	INF
55061	INF
55062	INF
55063	INF
55064	INF
55065	INF
55066	INF
55067	INF
55068	INF
55069	INF
55070	INF
55071	INF
55072	INF
55073	INF
55074	INF
55075	INF
55076	INF
55077	INF
55078	INF
55079	INF
55080	INF
55081	INF
55082	INF
55083	INF
55084	INF
55085	INF
55086	INF
55087	INF
55088	INF
55089	INF
55090	INF
55091	INF
55092	INF
55093	INF
55094	INF
55095	INF
55096	INF
55097	INF
55098	INF
55099	INF
55100	INF
55101	INF
55102	INF
55103	INF
55104	INF
55105	INF
55106	INF
55107	INF
55108	INF
55109	INF
55110	INF
55111	INF
55112	INF
55113	INF
55114	INF
55115	INF
55116	INF
55117	INF
55118	INF
55119	INF
55120	INF
55121	INF
55122	INF
55123	INF
55124	INF
55125	INF
55126	INF
55127	INF
55128	INF
55129	INF
55130	INF
55131	INF
55132	INF
55133	INF
55134	INF
55135	INF
55136	INF
55137	INF
55138	INF
55139	INF
55140	INF
55141	INF
55142	INF
55143	INF
55144	INF
55145	INF
55146	INF
55147	INF
55148	INF
55149	INF
55150	INF
55151	INF
55152	INF
55153	INF
55154	INF
55155	INF
55156	INF
55157	INF
55158	INF
55159	INF
55160	INF
55161	INF
55162	INF
55163	INF
55164	INF
55165	INF
55166	INF
55167	INF
55168	INF
55169	INF
55170	INF
55171	INF
55172	INF
55173	INF
55174	INF
55175	INF
55176	INF
55177	INF
55178	INF
55179	INF
55180	INF
55181	INF
55182	INF
55183	INF
55184	INF
55185	INF
55186	INF
55187	INF
55188	INF
55189	INF
55190	INF
55191	INF
55192	INF
55193	INF
55194	INF
55195	INF
55196	INF
55197	INF
55198	INF
55199	INF
55200	INF
55201	INF
55202	INF
55203	INF
55204	INF
55205	INF
55206	INF
55207	INF
55208	INF
55209	INF
55210	INF
55211	INF
55212	INF
55213	INF
55214	INF
55215	INF
55216	INF
55217	INF
55218	INF
55219	INF
55220	INF
55221	INF
55222	INF
55223	INF
55224	INF
55225	INF
55226	INF
55227	INF
55228	INF
55229	INF
55230	INF
55231	INF
55232	INF
55233	INF
55234	INF
55235	INF
55236	INF
55237	INF
55238	INF
55239	INF
55240	INF
55241	INF
55242	INF
55243	INF
55244	INF
55245	INF
55246	INF
55247	INF
55248	INF
55249	INF
55250	INF
55251	INF
55252	INF
55253	INF
55254	INF
55255	INF
55256	INF
55257	INF
55258	INF
55259	INF
55260	INF
55261	INF
55262	INF
55263	INF
55264	INF
55265	INF
55266	INF
55267	INF
55268	INF
55269	INF
55270	INF
55271	INF
55272	INF
55273	INF
55274	INF
55275	INF
55276	INF
55277	INF
55278	INF
55279	INF
55280	INF
55281	INF
55282	INF
55283	INF
55284	INF
55285	INF
55286	INF
55287	INF
55288	INF
55289	INF
55290	INF
55291	INF
55292	INF
55293	INF
55294	INF
55295	INF
55296	INF
55297	INF
55298	INF
55299	INF
55300	INF
55301	INF
55302	INF
55303	INF
55304	INF
55305	INF
55306	INF
55307	INF
55308	INF
55309	INF
55310	INF
55311	INF
55312	INF
55313	INF
55314	INF
55315	INF
55316	INF
55317	INF
55318	INF
55319	INF
55320	INF
55321	INF
55322	INF
55323	INF
55324	INF
55325	INF
55326	INF
55327	INF
55328	INF
55329	INF
55330	INF
55331	INF
55332	INF
55333	INF
55334	INF
55335	INF
55336	INF
55337	INF
55338	INF
55339	INF
55340	INF
55341	INF
55342	INF
55343	INF
55344	INF
55345	INF
55346	INF
55347	INF
55348	INF
55349	INF
55350	INF
55351	INF
55352	INF
55353	INF
55354	INF
55355	INF
55356	INF
55357	INF
55358	INF
55359	INF
55360	INF
55361	INF
55362	INF
55363	INF
55364	INF
55365	INF
55366	INF
55367	INF
55368	INF
55369	INF
55370	INF
55371	INF
55372	INF
55373	INF
55374	INF
55375	INF
55376	INF
55377	INF
55378	INF
55379	INF
55380	INF
55381	INF
55382	INF
55383	INF
55384	INF
55385	INF
55386	INF
55387	INF
55388	INF
55389	INF
55390	INF
55391	INF
55392	INF
55393	INF
55394	INF
55395	INF
55396	INF
55397	INF
55398	INF
55399	INF
55400	INF
55401	INF
55402	INF
55403	INF
55404	INF
55405	INF
55406	INF
55407	INF
55408	INF
55409	INF
55410	INF
55411	INF
55412	INF
55413	INF
55414	INF
55415	INF
55416	INF
55417	INF
55418	INF
55419	INF
55420	INF
55421	INF
55422	INF
55423	INF
55424	INF
55425	INF
55426	INF
55427	INF
55428	INF
55429	INF
55430	INF
55431	INF
55432	INF
55433	INF
55434	INF
55435	INF
55436	INF
55437	INF
55438	INF
55439	INF
55440	INF
55441	INF
55442	INF
55443	INF
55444	INF
55445	INF
55446	INF
55447	INF
55448	INF
55449	INF
55450	INF
55451	INF
55452	INF
55453	INF
55454	INF
55455	INF
55456	INF
55457	INF
55458	INF
55459	INF
55460	INF
55461	INF
55462	INF
55463	INF
55464	INF
55465	INF
55466	INF
55467	INF
55468	INF
55469	INF
55470	INF
55471	INF
55472	INF
55473	INF
55474	INF
55475	INF
55476	INF
55477	INF
55478	INF
55479	INF
55480	INF
55481	INF
55482	INF
55483	INF
55484	INF
55485	INF
55486	INF
55487	INF
55488	INF
55489	INF
55490	INF
55491	INF
55492	INF
55493	INF
55494	INF
55495	INF
55496	INF
55497	INF
55498	INF
55499	INF
55500	INF
55501	INF
55502	INF
55503	INF
55504	INF
55505	INF
55506	INF
55507	INF
55508	INF
55509	INF
55510	INF
55511	INF
55512	INF
55513	INF
55514	INF
55515	INF
55516	INF
55517	INF
55518	INF
55519	INF
55520	INF
55521	INF
55522	INF
55523	INF
55524	INF
55525	INF
55526	INF
55527	INF
55528	INF
55529	INF
55530	INF
55531	INF
55532	INF
55533	INF
55534	INF
55535	INF
55536	INF
55537	INF
55538	INF
55539	INF
55540	INF
55541	INF
55542	INF
55543	INF
55544	INF
55545	INF
55546	INF
55547	INF
55548	INF
55549	INF
55550	INF
55551	INF
55552	INF
55553	INF
55554	INF
55555	INF
55556	INF
55557	INF
55558	INF
55559	INF
55560	INF
55561	INF
55562	INF
55563	INF
55564	INF
55565	INF
55566	INF
55567	INF
55568	INF
55569	INF
55570	INF
55571	INF
55572	INF
55573	INF
55574	INF
55575	INF
55576	INF
55577	INF
55578	INF
55579	INF
55580	INF
55581	INF
55582	INF
55583	INF
55584	INF
55585	INF
55586	INF
55587	INF
55588	INF
55589	INF
55590	INF
55591	INF
55592	INF
55593	INF
55594	INF
55595	INF
55596	INF
55597	INF
55598	INF
55599	INF
55600	INF
55601	INF
55602	INF
55603	INF
55604	INF
55605	INF
55606	INF
55607	INF
55608	INF
55609	INF
55610	INF
55611	INF
55612	INF
55613	INF
55614	INF
55615	INF
55616	INF
55617	INF
55618	INF
55619	INF
55620	INF
55621	INF
55622	INF
55623	INF
55624	INF
55625	INF
55626	INF
55627	INF
55628	INF
55629	INF
55630	INF
55631	INF
55632	INF
55633	INF
55634	INF
55635	INF
55636	INF
55637	INF
55638	INF
55639	INF
55640	INF
55641	INF
55642	INF
55643	INF
55644	INF
55645	INF
55646	INF
55647	INF
55648	INF
55649	INF
55650	INF
55651	INF
55652	INF
55653	INF
55654	INF
55655	INF
55656	INF
55657	INF
55658	INF
55659	INF
55660	INF
55661	INF
55662	INF
55663	INF
55664	INF
55665	INF
55666	INF
55667	INF
55668	INF
55669	INF
55670	INF
55671	INF
55672	INF
55673	INF
55674	INF
55675	INF
55676	INF
55677	INF
55678	INF
55679	INF
55680	INF
55681	INF
55682	INF
55683	INF
55684	INF
55685	INF
55686	INF
55687	INF
55688	INF
55689	INF
55690	INF
55691	INF
55692	INF
55693	INF
55694	INF
55695	INF
55696	INF
55697	INF
55698	INF
55699	INF
55700	INF
55701	INF
55702	INF
55703	INF
55704	INF
55705	INF
55706	INF
55707	INF
55708	INF
55709	INF
55710	INF
55711	INF
55712	INF
55713	INF
55714	INF
55715	INF
55716	INF
55717	INF
55718	INF
55719	INF
55720	INF
55721	INF
55722	INF
55723	INF
55724	INF
55725	INF
55726	INF
55727	INF
55728	INF
55729	INF
55730	INF
55731	INF
55732	INF
55733	INF
55734	INF
55735	INF
55736	INF
55737	INF
55738	INF
55739	INF
55740	INF
55741	INF
55742	INF
55743	INF
55744	INF
55745	INF
55746	INF
55747	INF
55748	INF
55749	INF
55750	INF
55751	INF
55752	INF
55753	INF
55754	INF
55755	INF
55756	INF
55757	INF
55758	INF
55759	INF
55760	INF
55761	INF
55762	INF
55763	INF
55764	INF
55765	INF
55766	INF
55767	INF
55768	INF
55769	INF
55770	INF
55771	INF
55772	INF
55773	INF
55774	INF
55775	INF
55776	INF
55777	INF
55778	INF
55779	INF
55780	INF
55781	INF
55782	INF
55783	INF
55784	INF
55785	INF
55786	INF
55787	INF
55788	INF
55789	INF
55790	INF
55791	INF
55792	INF
55793	INF
55794	INF
55795	INF
55796	INF
55797	INF
55798	INF
55799	INF
55800	INF
55801	INF
55802	INF
55803	INF
55804	INF
55805	INF
55806	INF
55807	INF
55808	INF
55809	INF
55810	INF
55811	INF
55812	INF
55813	INF
55814	INF
55815	INF
55816	INF
55817	INF
55818	INF
55819	INF
55820	INF
55821	INF
55822	INF
55823	INF
55824	INF
55825	INF
55826	INF
55827	INF
55828	INF
55829	INF
55830	INF
55831	INF
55832	INF
55833	INF
55834	INF
55835	INF
55836	INF
55837	INF
55838	INF
55839	INF
55840	INF
55841	INF
55842	INF
55843	INF
55844	INF
55845	INF
55846	INF
55847	INF
55848	INF
55849	INF
55850	INF
55851	INF
55852	INF
55853	INF
55854	INF
55855	INF
55856	INF
55857	INF
55858	INF
55859	INF
55860	INF
55861	INF
55862	INF
55863	INF
55864	INF
55865	INF
55866	INF
55867	INF
55868	INF
55869	INF
55870	INF
55871	INF
55872	INF
55873	INF
55874	INF
55875	INF
55876	INF
55877	INF
55878	INF
55879	INF
55880	INF
55881	INF
55882	INF
55883	INF
55884	INF
55885	INF
55886	INF
55887	INF
55888	INF
55889	INF
55890	INF
55891	INF
55892	INF
55893	INF
55894	INF
55895	INF
55896	INF
55897	INF
55898	INF
55899	INF
55900	INF
55901	INF
55902	INF
55903	INF
55904	INF
55905	INF
55906	INF
55907	INF
55908	INF
55909	INF
55910	INF
55911	INF
55912	INF
55913	INF
55914	INF
55915	INF
55916	INF
55917	INF
55918	INF
55919	INF
55920	INF
55921	INF
55922	INF
55923	INF
55924	INF
55925	INF
55926	INF
55927	INF
55928	INF
55929	INF
55930	INF
55931	INF
55932	INF
55933	INF
55934	INF
55935	INF
55936	INF
55937	INF
55938	INF
55939	INF
55940	INF
55941	INF
55942	INF
55943	INF
55944	INF
55945	INF
55946	INF
55947	INF
55948	INF
55949	INF
55950	INF
55951	INF
55952	INF
55953	INF
55954	INF
55955	INF
55956	INF
55957	INF
55958	INF
55959	INF
55960	INF
55961	INF
55962	INF
55963	INF
55964	INF
55965	INF
55966	INF
55967	INF
55968	INF
55969	INF
55970	INF
55971	INF
55972	INF
55973	INF
55974	INF
55975	INF
55976	INF
55977	INF
55978	INF
55979	INF
55980	INF
55981	INF
55982	INF
55983	INF
55984	INF
55985	INF
55986	INF
55987	INF
55988	INF
55989	INF
55990	INF
55991	INF
55992	INF
55993	INF
55994	INF
55995	INF
55996	INF
55997	INF
55998	INF
55999	INF
56000	INF
56001	INF
56002	INF
56003	INF
56004	INF
56005	INF
56006	INF
56007	INF
56008	INF
56009	INF
56010	INF
56011	INF
56012	INF
56013	INF
56014	INF
56015	INF
56016	INF
56017	INF
56018	INF
56019	INF
56020	INF
56021	INF
56022	INF
56023	INF
56024	INF
56025	INF
56026	INF
56027	INF
56028	INF
56029	INF
56030	INF
56031	INF
56032	INF
56033	INF
56034	INF
56035	INF
56036	INF
56037	INF
56038	INF
56039	INF
56040	INF
56041	INF
56042	INF
56043	INF
56044	INF
56045	INF
56046	INF
56047	INF
56048	INF
56049	INF
56050	INF
56051	INF
56052	INF
56053	INF
56054	INF
56055	INF
56056	INF
56057	INF
56058	INF
56059	INF
56060	INF
56061	INF
56062	INF
56063	INF
56064	INF
56065	INF
56066	INF
56067	INF
56068	INF
56069	INF
56070	INF
56071	INF
56072	INF
56073	INF
56074	INF
56075	INF
56076	INF
56077	INF
56078	INF
56079	INF
56080	INF
56081	INF
56082	INF
56083	INF
56084	INF
56085	INF
56086	INF
56087	INF
56088	INF
56089	INF
56090	INF
56091	INF
56092	INF
56093	INF
56094	INF
56095	INF
56096	INF
56097	INF
56098	INF
56099	INF
56100	INF
56101	INF
56102	INF
56103	INF
56104	INF
56105	INF
56106	INF
56107	INF
56108	INF
56109	INF
56110	INF
56111	INF
56112	INF
56113	INF
56114	INF
56115	INF
56116	INF
56117	INF
56118	INF
56119	INF
56120	INF
56121	INF
56122	INF
56123	INF
56124	INF
56125	INF
56126	INF
56127	INF
56128	INF
56129	INF
56130	INF
56131	INF
56132	INF
56133	INF
56134	INF
56135	INF
56136	INF
56137	INF
56138	INF
56139	INF
56140	INF
56141	INF
56142	INF
56143	INF
56144	INF
56145	INF
56146	INF
56147	INF
56148	INF
56149	INF
56150	INF
56151	INF
56152	INF
56153	INF
56154	INF
56155	INF
56156	INF
56157	INF
56158	INF
56159	INF
56160	INF
56161	INF
56162	INF
56163	INF
56164	INF
56165	INF
56166	INF
56167	INF
56168	INF
56169	INF
56170	INF
56171	INF
56172	INF
56173	INF
56174	INF
56175	INF
56176	INF
56177	INF
56178	INF
56179	INF
56180	INF
56181	INF
56182	INF
56183	INF
56184	INF
56185	INF
56186	INF
56187	INF
56188	INF
56189	INF
56190	INF
56191	INF
56192	INF
56193	INF
56194	INF
56195	INF
56196	INF
56197	INF
56198	INF
56199	INF
56200	INF
56201	INF
56202	INF
56203	INF
56204	INF
56205	INF
56206	INF
56207	INF
56208	INF
56209	INF
56210	INF
56211	INF
56212	INF
56213	INF
56214	INF
56215	INF
56216	INF
56217	INF
56218	INF
56219	INF
56220	INF
56221	INF
56222	INF
56223	INF
56224	INF
56225	INF
56226	INF
56227	INF
56228	INF
56229	INF
56230	INF
56231	INF
56232	INF
56233	INF
56234	INF
56235	INF
56236	INF
56237	INF
56238	INF
56239	INF
56240	INF
56241	INF
56242	INF
56243	INF
56244	INF
56245	INF
56246	INF
56247	INF
56248	INF
56249	INF
56250	INF
56251	INF
56252	INF
56253	INF
56254	INF
56255	INF
56256	INF
56257	INF
56258	INF
56259	INF
56260	INF
56261	INF
56262	INF
56263	INF
56264	INF
56265	INF
56266	INF
56267	INF
56268	INF
56269	INF
56270	INF
56271	INF
56272	INF
56273	INF
56274	INF
56275	INF
56276	INF
56277	INF
56278	INF
56279	INF
56280	INF
56281	INF
56282	INF
56283	INF
56284	INF
56285	INF
56286	INF
56287	INF
56288	INF
56289	INF
56290	INF
56291	INF
56292	INF
56293	INF
56294	INF
56295	INF
56296	INF
56297	INF
56298	INF
56299	INF
56300	INF
56301	INF
56302	INF
56303	INF
56304	INF
56305	INF
56306	INF
56307	INF
56308	INF
56309	INF
56310	INF
56311	INF
56312	INF
56313	INF
56314	INF
56315	INF
56316	INF
56317	INF
56318	INF
56319	INF
56320	INF
56321	INF
56322	INF
56323	INF
56324	INF
56325	INF
56326	INF
56327	INF
56328	INF
56329	INF
56330	INF
56331	INF
56332	INF
56333	INF
56334	INF
56335	INF
56336	INF
56337	INF
56338	INF
56339	INF
56340	INF
56341	INF
56342	INF
56343	INF
56344	INF
56345	INF
56346	INF
56347	INF
56348	INF
56349	INF
56350	INF
56351	INF
56352	INF
56353	INF
56354	INF
56355	INF
56356	INF
56357	INF
56358	INF
56359	INF
56360	INF
56361	INF
56362	INF
56363	INF
56364	INF
56365	INF
56366	INF
56367	INF
56368	INF
56369	INF
56370	INF
56371	INF
56372	INF
56373	INF
56374	INF
56375	INF
56376	INF
56377	INF
56378	INF
56379	INF
56380	INF
56381	INF
56382	INF
56383	INF
56384	INF
56385	INF
56386	INF
56387	INF
56388	INF
56389	INF
56390	INF
56391	INF
56392	INF
56393	INF
56394	INF
56395	INF
56396	INF
56397	INF
56398	INF
56399	INF
56400	INF
56401	INF
56402	INF
56403	INF
56404	INF
56405	INF
56406	INF
56407	INF
56408	INF
56409	INF
56410	INF
56411	INF
56412	INF
56413	INF
56414	INF
56415	INF
56416	INF
56417	INF
56418	INF
56419	INF
56420	INF
56421	INF
56422	INF
56423	INF
56424	INF
56425	INF
56426	INF
56427	INF
56428	INF
56429	INF
56430	INF
56431	INF
56432	INF
56433	INF
56434	INF
56435	INF
56436	INF
56437	INF
56438	INF
56439	INF
56440	INF
56441	INF
56442	INF
56443	INF
56444	INF
56445	INF
56446	INF
56447	INF
56448	INF
56449	INF
56450	INF
56451	INF
56452	INF
56453	INF
56454	INF
56455	INF
56456	INF
56457	INF
56458	INF
56459	INF
56460	INF
56461	INF
56462	INF
56463	INF
56464	INF
56465	INF
56466	INF
56467	INF
56468	INF
56469	INF
56470	INF
56471	INF
56472	INF
56473	INF
56474	INF
56475	INF
56476	INF
56477	INF
56478	INF
56479	INF
56480	INF
56481	INF
56482	INF
56483	INF
56484	INF
56485	INF
56486	INF
56487	INF
56488	INF
56489	INF
56490	INF
56491	INF
56492	INF
56493	INF
56494	INF
56495	INF
56496	INF
56497	INF
56498	INF
56499	INF
56500	INF
56501	INF
56502	INF
56503	INF
56504	INF
56505	INF
56506	INF
56507	INF
56508	INF
56509	INF
56510	INF
56511	INF
56512	INF
56513	INF
56514	INF
56515	INF
56516	INF
56517	INF
56518	INF
56519	INF
56520	INF
56521	INF
56522	INF
56523	INF
56524	INF
56525	INF
56526	INF
56527	INF
56528	INF
56529	INF
56530	INF
56531	INF
56532	INF
56533	INF
56534	INF
56535	INF
56536	INF
56537	INF
56538	INF
56539	INF
56540	INF
56541	INF
56542	INF
56543	INF
56544	INF
56545	INF
56546	INF
56547	INF
56548	INF
56549	INF
56550	INF
56551	INF
56552	INF
56553	INF
56554	INF
56555	INF
56556	INF
56557	INF
56558	INF
56559	INF
56560	INF
56561	INF
56562	INF
56563	INF
56564	INF
56565	INF
56566	INF
56567	INF
56568	INF
56569	INF
56570	INF
56571	INF
56572	INF
56573	INF
56574	INF
56575	INF
56576	INF
56577	INF
56578	INF
56579	INF
56580	INF
56581	INF
56582	INF
56583	INF
56584	INF
56585	INF
56586	INF
56587	INF
56588	INF
56589	INF
56590	INF
56591	INF
56592	INF
56593	INF
56594	INF
56595	INF
56596	INF
56597	INF
56598	INF
56599	INF
56600	INF
56601	INF
56602	INF
56603	INF
56604	INF
56605	INF
56606	INF
56607	INF
56608	INF
56609	INF
56610	INF
56611	INF
56612	INF
56613	INF
56614	INF
56615	INF
56616	INF
56617	INF
56618	INF
56619	INF
56620	INF
56621	INF
56622	INF
56623	INF
56624	INF
56625	INF
56626	INF
56627	INF
56628	INF
56629	INF
56630	INF
56631	INF
56632	INF
56633	INF
56634	INF
56635	INF
56636	INF
56637	INF
56638	INF
56639	INF
56640	INF
56641	INF
56642	INF
56643	INF
56644	INF
56645	INF
56646	INF
56647	INF
56648	INF
56649	INF
56650	INF
56651	INF
56652	INF
56653	INF
56654	INF
56655	INF
56656	INF
56657	INF
56658	INF
56659	INF
56660	INF
56661	INF
56662	INF
56663	INF
56664	INF
56665	INF
56666	INF
56667	INF
56668	INF
56669	INF
56670	INF
56671	INF
56672	INF
56673	INF
56674	INF
56675	INF
56676	INF
56677	INF
56678	INF
56679	INF
56680	INF
56681	INF
56682	INF
56683	INF
56684	INF
56685	INF
56686	INF
56687	INF
56688	INF
56689	INF
56690	INF
56691	INF
56692	INF
56693	INF
56694	INF
56695	INF
56696	INF
56697	INF
56698	INF
56699	INF
56700	INF
56701	INF
56702	INF
56703	INF
56704	INF
56705	INF
56706	INF
56707	INF
56708	INF
56709	INF
56710	INF
56711	INF
56712	INF
56713	INF
56714	INF
56715	INF
56716	INF
56717	INF
56718	INF
56719	INF
56720	INF
56721	INF
56722	INF
56723	INF
56724	INF
56725	INF
56726	INF
56727	INF
56728	INF
56729	INF
56730	INF
56731	INF
56732	INF
56733	INF
56734	INF
56735	INF
56736	INF
56737	INF
56738	INF
56739	INF
56740	INF
56741	INF
56742	INF
56743	INF
56744	INF
56745	INF
56746	INF
56747	INF
56748	INF
56749	INF
56750	INF
56751	INF
56752	INF
56753	INF
56754	INF
56755	INF
56756	INF
56757	INF
56758	INF
56759	INF
56760	INF
56761	INF
56762	INF
56763	INF
56764	INF
56765	INF
56766	INF
56767	INF
56768	INF
56769	INF
56770	INF
56771	INF
56772	INF
56773	INF
56774	INF
56775	INF
56776	INF
56777	INF
56778	INF
56779	INF
56780	INF
56781	INF
56782	INF
56783	INF
56784	INF
56785	INF
56786	INF
56787	INF
56788	INF
56789	INF
56790	INF
56791	INF
56792	INF
56793	INF
56794	INF
56795	INF
56796	INF
56797	INF
56798	INF
56799	INF
56800	INF
56801	INF
56802	INF
56803	INF
56804	INF
56805	INF
56806	INF
56807	INF
56808	INF
56809	INF
56810	INF
56811	INF
56812	INF
56813	INF
56814	INF
56815	INF
56816	INF
56817	INF
56818	INF
56819	INF
56820	INF
56821	INF
56822	INF
56823	INF
56824	INF
56825	INF
56826	INF
56827	INF
56828	INF
56829	INF
56830	INF
56831	INF
56832	INF
56833	INF
56834	INF
56835	INF
56836	INF
56837	INF
56838	INF
56839	INF
56840	INF
56841	INF
56842	INF
56843	INF
56844	INF
56845	INF
56846	INF
56847	INF
56848	INF
56849	INF
56850	INF
56851	INF
56852	INF
56853	INF
56854	INF
56855	INF
56856	INF
56857	INF
56858	INF
56859	INF
56860	INF
56861	INF
56862	INF
56863	INF
56864	INF
56865	INF
56866	INF
56867	INF
56868	INF
56869	INF
56870	INF
56871	INF
56872	INF
56873	INF
56874	INF
56875	INF
56876	INF
56877	INF
56878	INF
56879	INF
56880	INF
56881	INF
56882	INF
56883	INF
56884	INF
56885	INF
56886	INF
56887	INF
56888	INF
56889	INF
56890	INF
56891	INF
56892	INF
56893	INF
56894	INF
56895	INF
56896	INF
56897	INF
56898	INF
56899	INF
56900	INF
56901	INF
56902	INF
56903	INF
56904	INF
56905	INF
56906	INF
56907	INF
56908	INF
56909	INF
56910	INF
56911	INF
56912	INF
56913	INF
56914	INF
56915	INF
56916	INF
56917	INF
56918	INF
56919	INF
56920	INF
56921	INF
56922	INF
56923	INF
56924	INF
56925	INF
56926	INF
56927	INF
56928	INF
56929	INF
56930	INF
56931	INF
56932	INF
56933	INF
56934	INF
56935	INF
56936	INF
56937	INF
56938	INF
56939	INF
56940	INF
56941	INF
56942	INF
56943	INF
56944	INF
56945	INF
56946	INF
56947	INF
56948	INF
56949	INF
56950	INF
56951	INF
56952	INF
56953	INF
56954	INF
56955	INF
56956	INF
56957	INF
56958	INF
56959	INF
56960	INF
56961	INF
56962	INF
56963	INF
56964	INF
56965	INF
56966	INF
56967	INF
56968	INF
56969	INF
56970	INF
56971	INF
56972	INF
56973	INF
56974	INF
56975	INF
56976	INF
56977	INF
56978	INF
56979	INF
56980	INF
56981	INF
56982	INF
56983	INF
56984	INF
56985	INF
56986	INF
56987	INF
56988	INF
56989	INF
56990	INF
56991	INF
56992	INF
56993	INF
56994	INF
56995	INF
56996	INF
56997	INF
56998	INF
56999	INF
57000	INF
57001	INF
57002	INF
57003	INF
57004	INF
57005	INF
57006	INF
57007	INF
57008	INF
57009	INF
57010	INF
57011	INF
57012	INF
57013	INF
57014	INF
57015	INF
57016	INF
57017	INF
57018	INF
57019	INF
57020	INF
57021	INF
57022	INF
57023	INF
57024	INF
57025	INF
57026	INF
57027	INF
57028	INF
57029	INF
57030	INF
57031	INF
57032	INF
57033	INF
57034	INF
57035	INF
57036	INF
57037	INF
57038	INF
57039	INF
57040	INF
57041	INF
57042	INF
57043	INF
57044	INF
57045	INF
57046	INF
57047	INF
57048	INF
57049	INF
57050	INF
57051	INF
57052	INF
57053	INF
57054	INF
57055	INF
57056	INF
57057	INF
57058	INF
57059	INF
57060	INF
57061	INF
57062	INF
57063	INF
57064	INF
57065	INF
57066	INF
57067	INF
57068	INF
57069	INF
57070	INF
57071	INF
57072	INF
57073	INF
57074	INF
57075	INF
57076	INF
57077	INF
57078	INF
57079	INF
57080	INF
57081	INF
57082	INF
57083	INF
57084	INF
57085	INF
57086	INF
57087	INF
57088	INF
57089	INF
57090	INF
57091	INF
57092	INF
57093	INF
57094	INF
57095	INF
57096	INF
57097	INF
57098	INF
57099	INF
57100	INF
57101	INF
57102	INF
57103	INF
57104	INF
57105	INF
57106	INF
57107	INF
57108	INF
57109	INF
57110	INF
57111	INF
57112	INF
57113	INF
57114	INF
57115	INF
57116	INF
57117	INF
57118	INF
57119	INF
57120	INF
57121	INF
57122	INF
57123	INF
57124	INF
57125	INF
57126	INF
57127	INF
57128	INF
57129	INF
57130	INF
57131	INF
57132	INF
57133	INF
57134	INF
57135	INF
57136	INF
57137	INF
57138	INF
57139	INF
57140	INF
57141	INF
57142	INF
57143	INF
57144	INF
57145	INF
57146	INF
57147	INF
57148	INF
57149	INF
57150	INF
57151	INF
57152	INF
57153	INF
57154	INF
57155	INF
57156	INF
57157	INF
57158	INF
57159	INF
57160	INF
57161	INF
57162	INF
57163	INF
57164	INF
57165	INF
57166	INF
57167	INF
57168	INF
57169	INF
57170	INF
57171	INF
57172	INF
57173	INF
57174	INF
57175	INF
57176	INF
57177	INF
57178	INF
57179	INF
57180	INF
57181	INF
57182	INF
57183	INF
57184	INF
57185	INF
57186	INF
57187	INF
57188	INF
57189	INF
57190	INF
57191	INF
57192	INF
57193	INF
57194	INF
57195	INF
57196	INF
57197	INF
57198	INF
57199	INF
57200	INF
57201	INF
57202	INF
57203	INF
57204	INF
57205	INF
57206	INF
57207	INF
57208	INF
57209	INF
57210	INF
57211	INF
57212	INF
57213	INF
57214	INF
57215	INF
57216	INF
57217	INF
57218	INF
57219	INF
57220	INF
57221	INF
57222	INF
57223	INF
57224	INF
57225	INF
57226	INF
57227	INF
57228	INF
57229	INF
57230	INF
57231	INF
57232	INF
57233	INF
57234	INF
57235	INF
57236	INF
57237	INF
57238	INF
57239	INF
57240	INF
57241	INF
57242	INF
57243	INF
57244	INF
57245	INF
57246	INF
57247	INF
57248	INF
57249	INF
57250	INF
57251	INF
57252	INF
57253	INF
57254	INF
57255	INF
57256	INF
57257	INF
57258	INF
57259	INF
57260	INF
57261	INF
57262	INF
57263	INF
57264	INF
57265	INF
57266	INF
57267	INF
57268	INF
57269	INF
57270	INF
57271	INF
57272	INF
57273	INF
57274	INF
57275	INF
57276	INF
57277	INF
57278	INF
57279	INF
57280	INF
57281	INF
57282	INF
57283	INF
57284	INF
57285	INF
57286	INF
57287	INF
57288	INF
57289	INF
57290	INF
57291	INF
57292	INF
57293	INF
57294	INF
57295	INF
57296	INF
57297	INF
57298	INF
57299	INF
57300	INF
57301	INF
57302	INF
57303	INF
57304	INF
57305	INF
57306	INF
57307	INF
57308	INF
57309	INF
57310	INF
57311	INF
57312	INF
57313	INF
57314	INF
57315	INF
57316	INF
57317	INF
57318	INF
57319	INF
57320	INF
57321	INF
57322	INF
57323	INF
57324	INF
57325	INF
57326	INF
57327	INF
57328	INF
57329	INF
57330	INF
57331	INF
57332	INF
57333	INF
57334	INF
57335	INF
57336	INF
57337	INF
57338	INF
57339	INF
57340	INF
57341	INF
57342	INF
57343	INF
57344	INF
57345	INF
57346	INF
57347	INF
57348	INF
57349	INF
57350	INF
57351	INF
57352	INF
57353	INF
57354	INF
57355	INF
57356	INF
57357	INF
57358	INF
57359	INF
57360	INF
57361	INF
57362	INF
57363	INF
57364	INF
57365	INF
57366	INF
57367	INF
57368	INF
57369	INF
57370	INF
57371	INF
57372	INF
57373	INF
57374	INF
57375	INF
57376	INF
57377	INF
57378	INF
57379	INF
57380	INF
57381	INF
57382	INF
57383	INF
57384	INF
57385	INF
57386	INF
57387	INF
57388	INF
57389	INF
57390	INF
57391	INF
57392	INF
57393	INF
57394	INF
57395	INF
57396	INF
57397	INF
57398	INF
57399	INF
57400	INF
57401	INF
57402	INF
57403	INF
57404	INF
57405	INF
57406	INF
57407	INF
57408	INF
57409	INF
57410	INF
57411	INF
57412	INF
57413	INF
57414	INF
57415	INF
57416	INF
57417	INF
57418	INF
57419	INF
57420	INF
57421	INF
57422	INF
57423	INF
57424	INF
57425	INF
57426	INF
57427	INF
57428	INF
57429	INF
57430	INF
57431	INF
57432	INF
57433	INF
57434	INF
57435	INF
57436	INF
57437	INF
57438	INF
57439	INF
57440	INF
57441	INF
57442	INF
57443	INF
57444	INF
57445	INF
57446	INF
57447	INF
57448	INF
57449	INF
57450	INF
57451	INF
57452	INF
57453	INF
57454	INF
57455	INF
57456	INF
57457	INF
57458	INF
57459	INF
57460	INF
57461	INF
57462	INF
57463	INF
57464	INF
57465	INF
57466	INF
57467	INF
57468	INF
57469	INF
57470	INF
57471	INF
57472	INF
57473	INF
57474	INF
57475	INF
57476	INF
57477	INF
57478	INF
57479	INF
57480	INF
57481	INF
57482	INF
57483	INF
57484	INF
57485	INF
57486	INF
57487	INF
57488	INF
57489	INF
57490	INF
57491	INF
57492	INF
57493	INF
57494	INF
57495	INF
57496	INF
57497	INF
57498	INF
57499	INF
57500	INF
57501	INF
57502	INF
57503	INF
57504	INF
57505	INF
57506	INF
57507	INF
57508	INF
57509	INF
57510	INF
57511	INF
57512	INF
57513	INF
57514	INF
57515	INF
57516	INF
57517	INF
57518	INF
57519	INF
57520	INF
57521	INF
57522	INF
57523	INF
57524	INF
57525	INF
57526	INF
57527	INF
57528	INF
57529	INF
57530	INF
57531	INF
57532	INF
57533	INF
57534	INF
57535	INF
57536	INF
57537	INF
57538	INF
57539	INF
57540	INF
57541	INF
57542	INF
57543	INF
57544	INF
57545	INF
57546	INF
57547	INF
57548	INF
57549	INF
57550	INF
57551	INF
57552	INF
57553	INF
57554	INF
57555	INF
57556	INF
57557	INF
57558	INF
57559	INF
57560	INF
57561	INF
57562	INF
57563	INF
57564	INF
57565	INF
57566	INF
57567	INF
57568	INF
57569	INF
57570	INF
57571	INF
57572	INF
57573	INF
57574	INF
57575	INF
57576	INF
57577	INF
57578	INF
57579	INF
57580	INF
57581	INF
57582	INF
57583	INF
57584	INF
57585	INF
57586	INF
57587	INF
57588	INF
57589	INF
57590	INF
57591	INF
57592	INF
57593	INF
57594	INF
57595	INF
57596	INF
57597	INF
57598	INF
57599	INF
57600	INF
57601	INF
57602	INF
57603	INF
57604	INF
57605	INF
57606	INF
57607	INF
57608	INF
57609	INF
57610	INF
57611	INF
57612	INF
57613	INF
57614	INF
57615	INF
57616	INF
57617	INF
57618	INF
57619	INF
57620	INF
57621	INF
57622	INF
57623	INF
57624	INF
57625	INF
57626	INF
57627	INF
57628	INF
57629	INF
57630	INF
57631	INF
57632	INF
57633	INF
57634	INF
57635	INF
57636	INF
57637	INF
57638	INF
57639	INF
57640	INF
57641	INF
57642	INF
57643	INF
57644	INF
57645	INF
57646	INF
57647	INF
57648	INF
57649	INF
57650	INF
57651	INF
57652	INF
57653	INF
57654	INF
57655	INF
57656	INF
57657	INF
57658	INF
57659	INF
57660	INF
57661	INF
57662	INF
57663	INF
57664	INF
57665	INF
57666	INF
57667	INF
57668	INF
57669	INF
57670	INF
57671	INF
57672	INF
57673	INF
57674	INF
57675	INF
57676	INF
57677	INF
57678	INF
57679	INF
57680	INF
57681	INF
57682	INF
57683	INF
57684	INF
57685	INF
57686	INF
57687	INF
57688	INF
57689	INF
57690	INF
57691	INF
57692	INF
57693	INF
57694	INF
57695	INF
57696	INF
57697	INF
57698	INF
57699	INF
57700	INF
57701	INF
57702	INF
57703	INF
57704	INF
57705	INF
57706	INF
57707	INF
57708	INF
57709	INF
57710	INF
57711	INF
57712	INF
57713	INF
57714	INF
57715	INF
57716	INF
57717	INF
57718	INF
57719	INF
57720	INF
57721	INF
57722	INF
57723	INF
57724	INF
57725	INF
57726	INF
57727	INF
57728	INF
57729	INF
57730	INF
57731	INF
57732	INF
57733	INF
57734	INF
57735	INF
57736	INF
57737	INF
57738	INF
57739	INF
57740	INF
57741	INF
57742	INF
57743	INF
57744	INF
57745	INF
57746	INF
57747	INF
57748	INF
57749	INF
57750	INF
57751	INF
57752	INF
57753	INF
57754	INF
57755	INF
57756	INF
57757	INF
57758	INF
57759	INF
57760	INF
57761	INF
57762	INF
57763	INF
57764	INF
57765	INF
57766	INF
57767	INF
57768	INF
57769	INF
57770	INF
57771	INF
57772	INF
57773	INF
57774	INF
57775	INF
57776	INF
57777	INF
57778	INF
57779	INF
57780	INF
57781	INF
57782	INF
57783	INF
57784	INF
57785	INF
57786	INF
57787	INF
57788	INF
57789	INF
57790	INF
57791	INF
57792	INF
57793	INF
57794	INF
57795	INF
57796	INF
57797	INF
57798	INF
57799	INF
57800	INF
57801	INF
57802	INF
57803	INF
57804	INF
57805	INF
57806	INF
57807	INF
57808	INF
57809	INF
57810	INF
57811	INF
57812	INF
57813	INF
57814	INF
57815	INF
57816	INF
57817	INF
57818	INF
57819	INF
57820	INF
57821	INF
57822	INF
57823	INF
57824	INF
57825	INF
57826	INF
57827	INF
57828	INF
57829	INF
57830	INF
57831	INF
57832	INF
57833	INF
57834	INF
57835	INF
57836	INF
57837	INF
57838	INF
57839	INF
57840	INF
57841	INF
57842	INF
57843	INF
57844	INF
57845	INF
57846	INF
57847	INF
57848	INF
57849	INF
57850	INF
57851	INF
57852	INF
57853	INF
57854	INF
57855	INF
57856	INF
57857	INF
57858	INF
57859	INF
57860	INF
57861	INF
57862	INF
57863	INF
57864	INF
57865	INF
57866	INF
57867	INF
57868	INF
57869	INF
57870	INF
57871	INF
57872	INF
57873	INF
57874	INF
57875	INF
57876	INF
57877	INF
57878	INF
57879	INF
57880	INF
57881	INF
57882	INF
57883	INF
57884	INF
57885	INF
57886	INF
57887	INF
57888	INF
57889	INF
57890	INF
57891	INF
57892	INF
57893	INF
57894	INF
57895	INF
57896	INF
57897	INF
57898	INF
57899	INF
57900	INF
57901	INF
57902	INF
57903	INF
57904	INF
57905	INF
57906	INF
57907	INF
57908	INF
57909	INF
57910	INF
57911	INF
57912	INF
57913	INF
57914	INF
57915	INF
57916	INF
57917	INF
57918	INF
57919	INF
57920	INF
57921	INF
57922	INF
57923	INF
57924	INF
57925	INF
57926	INF
57927	INF
57928	INF
57929	INF
57930	INF
57931	INF
57932	INF
57933	INF
57934	INF
57935	INF
57936	INF
57937	INF
57938	INF
57939	INF
57940	INF
57941	INF
57942	INF
57943	INF
57944	INF
57945	INF
57946	INF
57947	INF
57948	INF
57949	INF
57950	INF
57951	INF
57952	INF
57953	INF
57954	INF
57955	INF
57956	INF
57957	INF
57958	INF
57959	INF
57960	INF
57961	INF
57962	INF
57963	INF
57964	INF
57965	INF
57966	INF
57967	INF
57968	INF
57969	INF
57970	INF
57971	INF
57972	INF
57973	INF
57974	INF
57975	INF
57976	INF
57977	INF
57978	INF
57979	INF
57980	INF
57981	INF
57982	INF
57983	INF
57984	INF
57985	INF
57986	INF
57987	INF
57988	INF
57989	INF
57990	INF
57991	INF
57992	INF
57993	INF
57994	INF
57995	INF
57996	INF
57997	INF
57998	INF
57999	INF
58000	INF
58001	INF
58002	INF
58003	INF
58004	INF
58005	INF
58006	INF
58007	INF
58008	INF
58009	INF
58010	INF
58011	INF
58012	INF
58013	INF
58014	INF
58015	INF
58016	INF
58017	INF
58018	INF
58019	INF
58020	INF
58021	INF
58022	INF
58023	INF
58024	INF
58025	INF
58026	INF
58027	INF
58028	INF
58029	INF
58030	INF
58031	INF
58032	INF
58033	INF
58034	INF
58035	INF
58036	INF
58037	INF
58038	INF
58039	INF
58040	INF
58041	INF
58042	INF
58043	INF
58044	INF
58045	INF
58046	INF
58047	INF
58048	INF
58049	INF
58050	INF
58051	INF
58052	INF
58053	INF
58054	INF
58055	INF
58056	INF
58057	INF
58058	INF
58059	INF
58060	INF
58061	INF
58062	INF
58063	INF
58064	INF
58065	INF
58066	INF
58067	INF
58068	INF
58069	INF
58070	INF
58071	INF
58072	INF
58073	INF
58074	INF
58075	INF
58076	INF
58077	INF
58078	INF
58079	INF
58080	INF
58081	INF
58082	INF
58083	INF
58084	INF
58085	INF
58086	INF
58087	INF
58088	INF
58089	INF
58090	INF
58091	INF
58092	INF
58093	INF
58094	INF
58095	INF
58096	INF
58097	INF
58098	INF
58099	INF
58100	INF
58101	INF
58102	INF
58103	INF
58104	INF
58105	INF
58106	INF
58107	INF
58108	INF
58109	INF
58110	INF
58111	INF
58112	INF
58113	INF
58114	INF
58115	INF
58116	INF
58117	INF
58118	INF
58119	INF
58120	INF
58121	INF
58122	INF
58123	INF
58124	INF
58125	INF
58126	INF
58127	INF
58128	INF
58129	INF
58130	INF
58131	INF
58132	INF
58133	INF
58134	INF
58135	INF
58136	INF
58137	INF
58138	INF
58139	INF
58140	INF
58141	INF
58142	INF
58143	INF
58144	INF
58145	INF
58146	INF
58147	INF
58148	INF
58149	INF
58150	INF
58151	INF
58152	INF
58153	INF
58154	INF
58155	INF
58156	INF
58157	INF
58158	INF
58159	INF
58160	INF
58161	INF
58162	INF
58163	INF
58164	INF
58165	INF
58166	INF
58167	INF
58168	INF
58169	INF
58170	INF
58171	INF
58172	INF
58173	INF
58174	INF
58175	INF
58176	INF
58177	INF
58178	INF
58179	INF
58180	INF
58181	INF
58182	INF
58183	INF
58184	INF
58185	INF
58186	INF
58187	INF
58188	INF
58189	INF
58190	INF
58191	INF
58192	INF
58193	INF
58194	INF
58195	INF
58196	INF
58197	INF
58198	INF
58199	INF
58200	INF
58201	INF
58202	INF
58203	INF
58204	INF
58205	INF
58206	INF
58207	INF
58208	INF
58209	INF
58210	INF
58211	INF
58212	INF
58213	INF
58214	INF
58215	INF
58216	INF
58217	INF
58218	INF
58219	INF
58220	INF
58221	INF
58222	INF
58223	INF
58224	INF
58225	INF
58226	INF
58227	INF
58228	INF
58229	INF
58230	INF
58231	INF
58232	INF
58233	INF
58234	INF
58235	INF
58236	INF
58237	INF
58238	INF
58239	INF
58240	INF
58241	INF
58242	INF
58243	INF
58244	INF
58245	INF
58246	INF
58247	INF
58248	INF
58249	INF
58250	INF
58251	INF
58252	INF
58253	INF
58254	INF
58255	INF
58256	INF
58257	INF
58258	INF
58259	INF
58260	INF
58261	INF
58262	INF
58263	INF
58264	INF
58265	INF
58266	INF
58267	INF
58268	INF
58269	INF
58270	INF
58271	INF
58272	INF
58273	INF
58274	INF
58275	INF
58276	INF
58277	INF
58278	INF
58279	INF
58280	INF
58281	INF
58282	INF
58283	INF
58284	INF
58285	INF
58286	INF
58287	INF
58288	INF
58289	INF
58290	INF
58291	INF
58292	INF
58293	INF
58294	INF
58295	INF
58296	INF
58297	INF
58298	INF
58299	INF
58300	INF
58301	INF
58302	INF
58303	INF
58304	INF
58305	INF
58306	INF
58307	INF
58308	INF
58309	INF
58310	INF
58311	INF
58312	INF
58313	INF
58314	INF
58315	INF
58316	INF
58317	INF
58318	INF
58319	INF
58320	INF
58321	INF
58322	INF
58323	INF
58324	INF
58325	INF
58326	INF
58327	INF
58328	INF
58329	INF
58330	INF
58331	INF
58332	INF
58333	INF
58334	INF
58335	INF
58336	INF
58337	INF
58338	INF
58339	INF
58340	INF
58341	INF
58342	INF
58343	INF
58344	INF
58345	INF
58346	INF
58347	INF
58348	INF
58349	INF
58350	INF
58351	INF
58352	INF
58353	INF
58354	INF
58355	INF
58356	INF
58357	INF
58358	INF
58359	INF
58360	INF
58361	INF
58362	INF
58363	INF
58364	INF
58365	INF
58366	INF
58367	INF
58368	INF
58369	INF
58370	INF
58371	INF
58372	INF
58373	INF
58374	INF
58375	INF
58376	INF
58377	INF
58378	INF
58379	INF
58380	INF
58381	INF
58382	INF
58383	INF
58384	INF
58385	INF
58386	INF
58387	INF
58388	INF
58389	INF
58390	INF
58391	INF
58392	INF
58393	INF
58394	INF
58395	INF
58396	INF
58397	INF
58398	INF
58399	INF
58400	INF
58401	INF
58402	INF
58403	INF
58404	INF
58405	INF
58406	INF
58407	INF
58408	INF
58409	INF
58410	INF
58411	INF
58412	INF
58413	INF
58414	INF
58415	INF
58416	INF
58417	INF
58418	INF
58419	INF
58420	INF
58421	INF
58422	INF
58423	INF
58424	INF
58425	INF
58426	INF
58427	INF
58428	INF
58429	INF
58430	INF
58431	INF
58432	INF
58433	INF
58434	INF
58435	INF
58436	INF
58437	INF
58438	INF
58439	INF
58440	INF
58441	INF
58442	INF
58443	INF
58444	INF
58445	INF
58446	INF
58447	INF
58448	INF
58449	INF
58450	INF
58451	INF
58452	INF
58453	INF
58454	INF
58455	INF
58456	INF
58457	INF
58458	INF
58459	INF
58460	INF
58461	INF
58462	INF
58463	INF
58464	INF
58465	INF
58466	INF
58467	INF
58468	INF
58469	INF
58470	INF
58471	INF
58472	INF
58473	INF
58474	INF
58475	INF
58476	INF
58477	INF
58478	INF
58479	INF
58480	INF
58481	INF
58482	INF
58483	INF
58484	INF
58485	INF
58486	INF
58487	INF
58488	INF
58489	INF
58490	INF
58491	INF
58492	INF
58493	INF
58494	INF
58495	INF
58496	INF
58497	INF
58498	INF
58499	INF
58500	INF
58501	INF
58502	INF
58503	INF
58504	INF
58505	INF
58506	INF
58507	INF
58508	INF
58509	INF
58510	INF
58511	INF
58512	INF
58513	INF
58514	INF
58515	INF
58516	INF
58517	INF
58518	INF
58519	INF
58520	INF
58521	INF
58522	INF
58523	INF
58524	INF
58525	INF
58526	INF
58527	INF
58528	INF
58529	INF
58530	INF
58531	INF
58532	INF
58533	INF
58534	INF
58535	INF
58536	INF
58537	INF
58538	INF
58539	INF
58540	INF
58541	INF
58542	INF
58543	INF
58544	INF
58545	INF
58546	INF
58547	INF
58548	INF
58549	INF
58550	INF
58551	INF
58552	INF
58553	INF
58554	INF
58555	INF
58556	INF
58557	INF
58558	INF
58559	INF
58560	INF
58561	INF
58562	INF
58563	INF
58564	INF
58565	INF
58566	INF
58567	INF
58568	INF
58569	INF
58570	INF
58571	INF
58572	INF
58573	INF
58574	INF
58575	INF
58576	INF
58577	INF
58578	INF
58579	INF
58580	INF
58581	INF
58582	INF
58583	INF
58584	INF
58585	INF
58586	INF
58587	INF
58588	INF
58589	INF
58590	INF
58591	INF
58592	INF
58593	INF
58594	INF
58595	INF
58596	INF
58597	INF
58598	INF
58599	INF
58600	INF
58601	INF
58602	INF
58603	INF
58604	INF
58605	INF
58606	INF
58607	INF
58608	INF
58609	INF
58610	INF
58611	INF
58612	INF
58613	INF
58614	INF
58615	INF
58616	INF
58617	INF
58618	INF
58619	INF
58620	INF
58621	INF
58622	INF
58623	INF
58624	INF
58625	INF
58626	INF
58627	INF
58628	INF
58629	INF
58630	INF
58631	INF
58632	INF
58633	INF
58634	INF
58635	INF
58636	INF
58637	INF
58638	INF
58639	INF
58640	INF
58641	INF
58642	INF
58643	INF
58644	INF
58645	INF
58646	INF
58647	INF
58648	INF
58649	INF
58650	INF
58651	INF
58652	INF
58653	INF
58654	INF
58655	INF
58656	INF
58657	INF
58658	INF
58659	INF
58660	INF
58661	INF
58662	INF
58663	INF
58664	INF
58665	INF
58666	INF
58667	INF
58668	INF
58669	INF
58670	INF
58671	INF
58672	INF
58673	INF
58674	INF
58675	INF
58676	INF
58677	INF
58678	INF
58679	INF
58680	INF
58681	INF
58682	INF
58683	INF
58684	INF
58685	INF
58686	INF
58687	INF
58688	INF
58689	INF
58690	INF
58691	INF
58692	INF
58693	INF
58694	INF
58695	INF
58696	INF
58697	INF
58698	INF
58699	INF
58700	INF
58701	INF
58702	INF
58703	INF
58704	INF
58705	INF
58706	INF
58707	INF
58708	INF
58709	INF
58710	INF
58711	INF
58712	INF
58713	INF
58714	INF
58715	INF
58716	INF
58717	INF
58718	INF
58719	INF
58720	INF
58721	INF
58722	INF
58723	INF
58724	INF
58725	INF
58726	INF
58727	INF
58728	INF
58729	INF
58730	INF
58731	INF
58732	INF
58733	INF
58734	INF
58735	INF
58736	INF
58737	INF
58738	INF
58739	INF
58740	INF
58741	INF
58742	INF
58743	INF
58744	INF
58745	INF
58746	INF
58747	INF
58748	INF
58749	INF
58750	INF
58751	INF
58752	INF
58753	INF
58754	INF
58755	INF
58756	INF
58757	INF
58758	INF
58759	INF
58760	INF
58761	INF
58762	INF
58763	INF
58764	INF
58765	INF
58766	INF
58767	INF
58768	INF
58769	INF
58770	INF
58771	INF
58772	INF
58773	INF
58774	INF
58775	INF
58776	INF
58777	INF
58778	INF
58779	INF
58780	INF
58781	INF
58782	INF
58783	INF
58784	INF
58785	INF
58786	INF
58787	INF
58788	INF
58789	INF
58790	INF
58791	INF
58792	INF
58793	INF
58794	INF
58795	INF
58796	INF
58797	INF
58798	INF
58799	INF
58800	INF
58801	INF
58802	INF
58803	INF
58804	INF
58805	INF
58806	INF
58807	INF
58808	INF
58809	INF
58810	INF
58811	INF
58812	INF
58813	INF
58814	INF
58815	INF
58816	INF
58817	INF
58818	INF
58819	INF
58820	INF
58821	INF
58822	INF
58823	INF
58824	INF
58825	INF
58826	INF
58827	INF
58828	INF
58829	INF
58830	INF
58831	INF
58832	INF
58833	INF
58834	INF
58835	INF
58836	INF
58837	INF
58838	INF
58839	INF
58840	INF
58841	INF
58842	INF
58843	INF
58844	INF
58845	INF
58846	INF
58847	INF
58848	INF
58849	INF
58850	INF
58851	INF
58852	INF
58853	INF
58854	INF
58855	INF
58856	INF
58857	INF
58858	INF
58859	INF
58860	INF
58861	INF
58862	INF
58863	INF
58864	INF
58865	INF
58866	INF
58867	INF
58868	INF
58869	INF
58870	INF
58871	INF
58872	INF
58873	INF
58874	INF
58875	INF
58876	INF
58877	INF
58878	INF
58879	INF
58880	INF
58881	INF
58882	INF
58883	INF
58884	INF
58885	INF
58886	INF
58887	INF
58888	INF
58889	INF
58890	INF
58891	INF
58892	INF
58893	INF
58894	INF
58895	INF
58896	INF
58897	INF
58898	INF
58899	INF
58900	INF
58901	INF
58902	INF
58903	INF
58904	INF
58905	INF
58906	INF
58907	INF
58908	INF
58909	INF
58910	INF
58911	INF
58912	INF
58913	INF
58914	INF
58915	INF
58916	INF
58917	INF
58918	INF
58919	INF
58920	INF
58921	INF
58922	INF
58923	INF
58924	INF
58925	INF
58926	INF
58927	INF
58928	INF
58929	INF
58930	INF
58931	INF
58932	INF
58933	INF
58934	INF
58935	INF
58936	INF
58937	INF
58938	INF
58939	INF
58940	INF
58941	INF
58942	INF
58943	INF
58944	INF
58945	INF
58946	INF
58947	INF
58948	INF
58949	INF
58950	INF
58951	INF
58952	INF
58953	INF
58954	INF
58955	INF
58956	INF
58957	INF
58958	INF
58959	INF
58960	INF
58961	INF
58962	INF
58963	INF
58964	INF
58965	INF
58966	INF
58967	INF
58968	INF
58969	INF
58970	INF
58971	INF
58972	INF
58973	INF
58974	INF
58975	INF
58976	INF
58977	INF
58978	INF
58979	INF
58980	INF
58981	INF
58982	INF
58983	INF
58984	INF
58985	INF
58986	INF
58987	INF
58988	INF
58989	INF
58990	INF
58991	INF
58992	INF
58993	INF
58994	INF
58995	INF
58996	INF
58997	INF
58998	INF
58999	INF
59000	INF
59001	INF
59002	INF
59003	INF
59004	INF
59005	INF
59006	INF
59007	INF
59008	INF
59009	INF
59010	INF
59011	INF
59012	INF
59013	INF
59014	INF
59015	INF
59016	INF
59017	INF
59018	INF
59019	INF
59020	INF
59021	INF
59022	INF
59023	INF
59024	INF
59025	INF
59026	INF
59027	INF
59028	INF
59029	INF
59030	INF
59031	INF
59032	INF
59033	INF
59034	INF
59035	INF
59036	INF
59037	INF
59038	INF
59039	INF
59040	INF
59041	INF
59042	INF
59043	INF
59044	INF
59045	INF
59046	INF
59047	INF
59048	INF
59049	INF
59050	INF
59051	INF
59052	INF
59053	INF
59054	INF
59055	INF
59056	INF
59057	INF
59058	INF
59059	INF
59060	INF
59061	INF
59062	INF
59063	INF
59064	INF
59065	INF
59066	INF
59067	INF
59068	INF
59069	INF
59070	INF
59071	INF
59072	INF
59073	INF
59074	INF
59075	INF
59076	INF
59077	INF
59078	INF
59079	INF
59080	INF
59081	INF
59082	INF
59083	INF
59084	INF
59085	INF
59086	INF
59087	INF
59088	INF
59089	INF
59090	INF
59091	INF
59092	INF
59093	INF
59094	INF
59095	INF
59096	INF
59097	INF
59098	INF
59099	INF
59100	INF
59101	INF
59102	INF
59103	INF
59104	INF
59105	INF
59106	INF
59107	INF
59108	INF
59109	INF
59110	INF
59111	INF
59112	INF
59113	INF
59114	INF
59115	INF
59116	INF
59117	INF
59118	INF
59119	INF
59120	INF
59121	INF
59122	INF
59123	INF
59124	INF
59125	INF
59126	INF
59127	INF
59128	INF
59129	INF
59130	INF
59131	INF
59132	INF
59133	INF
59134	INF
59135	INF
59136	INF
59137	INF
59138	INF
59139	INF
59140	INF
59141	INF
59142	INF
59143	INF
59144	INF
59145	INF
59146	INF
59147	INF
59148	INF
59149	INF
59150	INF
59151	INF
59152	INF
59153	INF
59154	INF
59155	INF
59156	INF
59157	INF
59158	INF
59159	INF
59160	INF
59161	INF
59162	INF
59163	INF
59164	INF
59165	INF
59166	INF
59167	INF
59168	INF
59169	INF
59170	INF
59171	INF
59172	INF
59173	INF
59174	INF
59175	INF
59176	INF
59177	INF
59178	INF
59179	INF
59180	INF
59181	INF
59182	INF
59183	INF
59184	INF
59185	INF
59186	INF
59187	INF
59188	INF
59189	INF
59190	INF
59191	INF
59192	INF
59193	INF
59194	INF
59195	INF
59196	INF
59197	INF
59198	INF
59199	INF
59200	INF
59201	INF
59202	INF
59203	INF
59204	INF
59205	INF
59206	INF
59207	INF
59208	INF
59209	INF
59210	INF
59211	INF
59212	INF
59213	INF
59214	INF
59215	INF
59216	INF
59217	INF
59218	INF
59219	INF
59220	INF
59221	INF
59222	INF
59223	INF
59224	INF
59225	INF
59226	INF
59227	INF
59228	INF
59229	INF
59230	INF
59231	INF
59232	INF
59233	INF
59234	INF
59235	INF
59236	INF
59237	INF
59238	INF
59239	INF
59240	INF
59241	INF
59242	INF
59243	INF
59244	INF
59245	INF
59246	INF
59247	INF
59248	INF
59249	INF
59250	INF
59251	INF
59252	INF
59253	INF
59254	INF
59255	INF
59256	INF
59257	INF
59258	INF
59259	INF
59260	INF
59261	INF
59262	INF
59263	INF
59264	INF
59265	INF
59266	INF
59267	INF
59268	INF
59269	INF
59270	INF
59271	INF
59272	INF
59273	INF
59274	INF
59275	INF
59276	INF
59277	INF
59278	INF
59279	INF
59280	INF
59281	INF
59282	INF
59283	INF
59284	INF
59285	INF
59286	INF
59287	INF
59288	INF
59289	INF
59290	INF
59291	INF
59292	INF
59293	INF
59294	INF
59295	INF
59296	INF
59297	INF
59298	INF
59299	INF
59300	INF
59301	INF
59302	INF
59303	INF
59304	INF
59305	INF
59306	INF
59307	INF
59308	INF
59309	INF
59310	INF
59311	INF
59312	INF
59313	INF
59314	INF
59315	INF
59316	INF
59317	INF
59318	INF
59319	INF
59320	INF
59321	INF
59322	INF
59323	INF
59324	INF
59325	INF
59326	INF
59327	INF
59328	INF
59329	INF
59330	INF
59331	INF
59332	INF
59333	INF
59334	INF
59335	INF
59336	INF
59337	INF
59338	INF
59339	INF
59340	INF
59341	INF
59342	INF
59343	INF
59344	INF
59345	INF
59346	INF
59347	INF
59348	INF
59349	INF
59350	INF
59351	INF
59352	INF
59353	INF
59354	INF
59355	INF
59356	INF
59357	INF
59358	INF
59359	INF
59360	INF
59361	INF
59362	INF
59363	INF
59364	INF
59365	INF
59366	INF
59367	INF
59368	INF
59369	INF
59370	INF
59371	INF
59372	INF
59373	INF
59374	INF
59375	INF
59376	INF
59377	INF
59378	INF
59379	INF
59380	INF
59381	INF
59382	INF
59383	INF
59384	INF
59385	INF
59386	INF
59387	INF
59388	INF
59389	INF
59390	INF
59391	INF
59392	INF
59393	INF
59394	INF
59395	INF
59396	INF
59397	INF
59398	INF
59399	INF
59400	INF
59401	INF
59402	INF
59403	INF
59404	INF
59405	INF
59406	INF
59407	INF
59408	INF
59409	INF
59410	INF
59411	INF
59412	INF
59413	INF
59414	INF
59415	INF
59416	INF
59417	INF
59418	INF
59419	INF
59420	INF
59421	INF
59422	INF
59423	INF
59424	INF
59425	INF
59426	INF
59427	INF
59428	INF
59429	INF
59430	INF
59431	INF
59432	INF
59433	INF
59434	INF
59435	INF
59436	INF
59437	INF
59438	INF
59439	INF
59440	INF
59441	INF
59442	INF
59443	INF
59444	INF
59445	INF
59446	INF
59447	INF
59448	INF
59449	INF
59450	INF
59451	INF
59452	INF
59453	INF
59454	INF
59455	INF
59456	INF
59457	INF
59458	INF
59459	INF
59460	INF
59461	INF
59462	INF
59463	INF
59464	INF
59465	INF
59466	INF
59467	INF
59468	INF
59469	INF
59470	INF
59471	INF
59472	INF
59473	INF
59474	INF
59475	INF
59476	INF
59477	INF
59478	INF
59479	INF
59480	INF
59481	INF
59482	INF
59483	INF
59484	INF
59485	INF
59486	INF
59487	INF
59488	INF
59489	INF
59490	INF
59491	INF
59492	INF
59493	INF
59494	INF
59495	INF
59496	INF
59497	INF
59498	INF
59499	INF
59500	INF
59501	INF
59502	INF
59503	INF
59504	INF
59505	INF
59506	INF
59507	INF
59508	INF
59509	INF
59510	INF
59511	INF
59512	INF
59513	INF
59514	INF
59515	INF
59516	INF
59517	INF
59518	INF
59519	INF
59520	INF
59521	INF
59522	INF
59523	INF
59524	INF
59525	INF
59526	INF
59527	INF
59528	INF
59529	INF
59530	INF
59531	INF
59532	INF
59533	INF
59534	INF
59535	INF
59536	INF
59537	INF
59538	INF
59539	INF
59540	INF
59541	INF
59542	INF
59543	INF
59544	INF
59545	INF
59546	INF
59547	INF
59548	INF
59549	INF
59550	INF
59551	INF
59552	INF
59553	INF
59554	INF
59555	INF
59556	INF
59557	INF
59558	INF
59559	INF
59560	INF
59561	INF
59562	INF
59563	INF
59564	INF
59565	INF
59566	INF
59567	INF
59568	INF
59569	INF
59570	INF
59571	INF
59572	INF
59573	INF
59574	INF
59575	INF
59576	INF
59577	INF
59578	INF
59579	INF
59580	INF
59581	INF
59582	INF
59583	INF
59584	INF
59585	INF
59586	INF
59587	INF
59588	INF
59589	INF
59590	INF
59591	INF
59592	INF
59593	INF
59594	INF
59595	INF
59596	INF
59597	INF
59598	INF
59599	INF
59600	INF
59601	INF
59602	INF
59603	INF
59604	INF
59605	INF
59606	INF
59607	INF
59608	INF
59609	INF
59610	INF
59611	INF
59612	INF
59613	INF
59614	INF
59615	INF
59616	INF
59617	INF
59618	INF
59619	INF
59620	INF
59621	INF
59622	INF
59623	INF
59624	INF
59625	INF
59626	INF
59627	INF
59628	INF
59629	INF
59630	INF
59631	INF
59632	INF
59633	INF
59634	INF
59635	INF
59636	INF
59637	INF
59638	INF
59639	INF
59640	INF
59641	INF
59642	INF
59643	INF
59644	INF
59645	INF
59646	INF
59647	INF
59648	INF
59649	INF
59650	INF
59651	INF
59652	INF
59653	INF
59654	INF
59655	INF
59656	INF
59657	INF
59658	INF
59659	INF
59660	INF
59661	INF
59662	INF
59663	INF
59664	INF
59665	INF
59666	INF
59667	INF
59668	INF
59669	INF
59670	INF
59671	INF
59672	INF
59673	INF
59674	INF
59675	INF
59676	INF
59677	INF
59678	INF
59679	INF
59680	INF
59681	INF
59682	INF
59683	INF
59684	INF
59685	INF
59686	INF
59687	INF
59688	INF
59689	INF
59690	INF
59691	INF
59692	INF
59693	INF
59694	INF
59695	INF
59696	INF
59697	INF
59698	INF
59699	INF
59700	INF
59701	INF
59702	INF
59703	INF
59704	INF
59705	INF
59706	INF
59707	INF
59708	INF
59709	INF
59710	INF
59711	INF
59712	INF
59713	INF
59714	INF
59715	INF
59716	INF
59717	INF
59718	INF
59719	INF
59720	INF
59721	INF
59722	INF
59723	INF
59724	INF
59725	INF
59726	INF
59727	INF
59728	INF
59729	INF
59730	INF
59731	INF
59732	INF
59733	INF
59734	INF
59735	INF
59736	INF
59737	INF
59738	INF
59739	INF
59740	INF
59741	INF
59742	INF
59743	INF
59744	INF
59745	INF
59746	INF
59747	INF
59748	INF
59749	INF
59750	INF
59751	INF
59752	INF
59753	INF
59754	INF
59755	INF
59756	INF
59757	INF
59758	INF
59759	INF
59760	INF
59761	INF
59762	INF
59763	INF
59764	INF
59765	INF
59766	INF
59767	INF
59768	INF
59769	INF
59770	INF
59771	INF
59772	INF
59773	INF
59774	INF
59775	INF
59776	INF
59777	INF
59778	INF
59779	INF
59780	INF
59781	INF
59782	INF
59783	INF
59784	INF
59785	INF
59786	INF
59787	INF
59788	INF
59789	INF
59790	INF
59791	INF
59792	INF
59793	INF
59794	INF
59795	INF
59796	INF
59797	INF
59798	INF
59799	INF
59800	INF
59801	INF
59802	INF
59803	INF
59804	INF
59805	INF
59806	INF
59807	INF
59808	INF
59809	INF
59810	INF
59811	INF
59812	INF
59813	INF
59814	INF
59815	INF
59816	INF
59817	INF
59818	INF
59819	INF
59820	INF
59821	INF
59822	INF
59823	INF
59824	INF
59825	INF
59826	INF
59827	INF
59828	INF
59829	INF
59830	INF
59831	INF
59832	INF
59833	INF
59834	INF
59835	INF
59836	INF
59837	INF
59838	INF
59839	INF
59840	INF
59841	INF
59842	INF
59843	INF
59844	INF
59845	INF
59846	INF
59847	INF
59848	INF
59849	INF
59850	INF
59851	INF
59852	INF
59853	INF
59854	INF
59855	INF
59856	INF
59857	INF
59858	INF
59859	INF
59860	INF
59861	INF
59862	INF
59863	INF
59864	INF
59865	INF
59866	INF
59867	INF
59868	INF
59869	INF
59870	INF
59871	INF
59872	INF
59873	INF
59874	INF
59875	INF
59876	INF
59877	INF
59878	INF
59879	INF
59880	INF
59881	INF
59882	INF
59883	INF
59884	INF
59885	INF
59886	INF
59887	INF
59888	INF
59889	INF
59890	INF
59891	INF
59892	INF
59893	INF
59894	INF
59895	INF
59896	INF
59897	INF
59898	INF
59899	INF
59900	INF
59901	INF
59902	INF
59903	INF
59904	INF
59905	INF
59906	INF
59907	INF
59908	INF
59909	INF
59910	INF
59911	INF
59912	INF
59913	INF
59914	INF
59915	INF
59916	INF
59917	INF
59918	INF
59919	INF
59920	INF
59921	INF
59922	INF
59923	INF
59924	INF
59925	INF
59926	INF
59927	INF
59928	INF
59929	INF
59930	INF
59931	INF
59932	INF
59933	INF
59934	INF
59935	INF
59936	INF
59937	INF
59938	INF
59939	INF
59940	INF
59941	INF
59942	INF
59943	INF
59944	INF
59945	INF
59946	INF
59947	INF
59948	INF
59949	INF
59950	INF
59951	INF
59952	INF
59953	INF
59954	INF
59955	INF
59956	INF
59957	INF
59958	INF
59959	INF
59960	INF
59961	INF
59962	INF
59963	INF
59964	INF
59965	INF
59966	INF
59967	INF
59968	INF
59969	INF
59970	INF
59971	INF
59972	INF
59973	INF
59974	INF
59975	INF
59976	INF
59977	INF
59978	INF
59979	INF
59980	INF
59981	INF
59982	INF
59983	INF
59984	INF
59985	INF
59986	INF
59987	INF
59988	INF
59989	INF
59990	INF
59991	INF
59992	INF
59993	INF
59994	INF
59995	INF
59996	INF
59997	INF
59998	INF
59999	INF
60000	INF
60001	INF
60002	INF
60003	INF
60004	INF
60005	INF
60006	INF
60007	INF
60008	INF
60009	INF
60010	INF
60011	INF
60012	INF
60013	INF
60014	INF
60015	INF
60016	INF
60017	INF
60018	INF
60019	INF
60020	INF
60021	INF
60022	INF
60023	INF
60024	INF
60025	INF
60026	INF
60027	INF
60028	INF
60029	INF
60030	INF
60031	INF
60032	INF
60033	INF
60034	INF
60035	INF
60036	INF
60037	INF
60038	INF
60039	INF
60040	INF
60041	INF
60042	INF
60043	INF
60044	INF
60045	INF
60046	INF
60047	INF
60048	INF
60049	INF
60050	INF
60051	INF
60052	INF
60053	INF
60054	INF
60055	INF
60056	INF
60057	INF
60058	INF
60059	INF
60060	INF
60061	INF
60062	INF
60063	INF
60064	INF
60065	INF
60066	INF
60067	INF
60068	INF
60069	INF
60070	INF
60071	INF
60072	INF
60073	INF
60074	INF
60075	INF
60076	INF
60077	INF
60078	INF
60079	INF
60080	INF
60081	INF
60082	INF
60083	INF
60084	INF
60085	INF
60086	INF
60087	INF
60088	INF
60089	INF
60090	INF
60091	INF
60092	INF
60093	INF
60094	INF
60095	INF
60096	INF
60097	INF
60098	INF
60099	INF
60100	INF
60101	INF
60102	INF
60103	INF
60104	INF
60105	INF
60106	INF
60107	INF
60108	INF
60109	INF
60110	INF
60111	INF
60112	INF
60113	INF
60114	INF
60115	INF
60116	INF
60117	INF
60118	INF
60119	INF
60120	INF
60121	INF
60122	INF
60123	INF
60124	INF
60125	INF
60126	INF
60127	INF
60128	INF
60129	INF
60130	INF
60131	INF
60132	INF
60133	INF
60134	INF
60135	INF
60136	INF
60137	INF
60138	INF
60139	INF
60140	INF
60141	INF
60142	INF
60143	INF
60144	INF
60145	INF
60146	INF
60147	INF
60148	INF
60149	INF
60150	INF
60151	INF
60152	INF
60153	INF
60154	INF
60155	INF
60156	INF
60157	INF
60158	INF
60159	INF
60160	INF
60161	INF
60162	INF
60163	INF
60164	INF
60165	INF
60166	INF
60167	INF
60168	INF
60169	INF
60170	INF
60171	INF
60172	INF
60173	INF
60174	INF
60175	INF
60176	INF
60177	INF
60178	INF
60179	INF
60180	INF
60181	INF
60182	INF
60183	INF
60184	INF
60185	INF
60186	INF
60187	INF
60188	INF
60189	INF
60190	INF
60191	INF
60192	INF
60193	INF
60194	INF
60195	INF
60196	INF
60197	INF
60198	INF
60199	INF
60200	INF
60201	INF
60202	INF
60203	INF
60204	INF
60205	INF
60206	INF
60207	INF
60208	INF
60209	INF
60210	INF
60211	INF
60212	INF
60213	INF
60214	INF
60215	INF
60216	INF
60217	INF
60218	INF
60219	INF
60220	INF
60221	INF
60222	INF
60223	INF
60224	INF
60225	INF
60226	INF
60227	INF
60228	INF
60229	INF
60230	INF
60231	INF
60232	INF
60233	INF
60234	INF
60235	INF
60236	INF
60237	INF
60238	INF
60239	INF
60240	INF
60241	INF
60242	INF
60243	INF
60244	INF
60245	INF
60246	INF
60247	INF
60248	INF
60249	INF
60250	INF
60251	INF
60252	INF
60253	INF
60254	INF
60255	INF
60256	INF
60257	INF
60258	INF
60259	INF
60260	INF
60261	INF
60262	INF
60263	INF
60264	INF
60265	INF
60266	INF
60267	INF
60268	INF
60269	INF
60270	INF
60271	INF
60272	INF
60273	INF
60274	INF
60275	INF
60276	INF
60277	INF
60278	INF
60279	INF
60280	INF
60281	INF
60282	INF
60283	INF
60284	INF
60285	INF
60286	INF
60287	INF
60288	INF
60289	INF
60290	INF
60291	INF
60292	INF
60293	INF
60294	INF
60295	INF
60296	INF
60297	INF
60298	INF
60299	INF
60300	INF
60301	INF
60302	INF
60303	INF
60304	INF
60305	INF
60306	INF
60307	INF
60308	INF
60309	INF
60310	INF
60311	INF
60312	INF
60313	INF
60314	INF
60315	INF
60316	INF
60317	INF
60318	INF
60319	INF
60320	INF
60321	INF
60322	INF
60323	INF
60324	INF
60325	INF
60326	INF
60327	INF
60328	INF
60329	INF
60330	INF
60331	INF
60332	INF
60333	INF
60334	INF
60335	INF
60336	INF
60337	INF
60338	INF
60339	INF
60340	INF
60341	INF
60342	INF
60343	INF
60344	INF
60345	INF
60346	INF
60347	INF
60348	INF
60349	INF
60350	INF
60351	INF
60352	INF
60353	INF
60354	INF
60355	INF
60356	INF
60357	INF
60358	INF
60359	INF
60360	INF
60361	INF
60362	INF
60363	INF
60364	INF
60365	INF
60366	INF
60367	INF
60368	INF
60369	INF
60370	INF
60371	INF
60372	INF
60373	INF
60374	INF
60375	INF
60376	INF
60377	INF
60378	INF
60379	INF
60380	INF
60381	INF
60382	INF
60383	INF
60384	INF
60385	INF
60386	INF
60387	INF
60388	INF
60389	INF
60390	INF
60391	INF
60392	INF
60393	INF
60394	INF
60395	INF
60396	INF
60397	INF
60398	INF
60399	INF
60400	INF
60401	INF
60402	INF
60403	INF
60404	INF
60405	INF
60406	INF
60407	INF
60408	INF
60409	INF
60410	INF
60411	INF
60412	INF
60413	INF
60414	INF
60415	INF
60416	INF
60417	INF
60418	INF
60419	INF
60420	INF
60421	INF
60422	INF
60423	INF
60424	INF
60425	INF
60426	INF
60427	INF
60428	INF
60429	INF
60430	INF
60431	INF
60432	INF
60433	INF
60434	INF
60435	INF
60436	INF
60437	INF
60438	INF
60439	INF
60440	INF
60441	INF
60442	INF
60443	INF
60444	INF
60445	INF
60446	INF
60447	INF
60448	INF
60449	INF
60450	INF
60451	INF
60452	INF
60453	INF
60454	INF
60455	INF
60456	INF
60457	INF
60458	INF
60459	INF
60460	INF
60461	INF
60462	INF
60463	INF
60464	INF
60465	INF
60466	INF
60467	INF
60468	INF
60469	INF
60470	INF
60471	INF
60472	INF
60473	INF
60474	INF
60475	INF
60476	INF
60477	INF
60478	INF
60479	INF
60480	INF
60481	INF
60482	INF
60483	INF
60484	INF
60485	INF
60486	INF
60487	INF
60488	INF
60489	INF
60490	INF
60491	INF
60492	INF
60493	INF
60494	INF
60495	INF
60496	INF
60497	INF
60498	INF
60499	INF
60500	INF
60501	INF
60502	INF
60503	INF
60504	INF
60505	INF
60506	INF
60507	INF
60508	INF
60509	INF
60510	INF
60511	INF
60512	INF
60513	INF
60514	INF
60515	INF
60516	INF
60517	INF
60518	INF
60519	INF
60520	INF
60521	INF
60522	INF
60523	INF
60524	INF
60525	INF
60526	INF
60527	INF
60528	INF
60529	INF
60530	INF
60531	INF
60532	INF
60533	INF
60534	INF
60535	INF
60536	INF
60537	INF
60538	INF
60539	INF
60540	INF
60541	INF
60542	INF
60543	INF
60544	INF
60545	INF
60546	INF
60547	INF
60548	INF
60549	INF
60550	INF
60551	INF
60552	INF
60553	INF
60554	INF
60555	INF
60556	INF
60557	INF
60558	INF
60559	INF
60560	INF
60561	INF
60562	INF
60563	INF
60564	INF
60565	INF
60566	INF
60567	INF
60568	INF
60569	INF
60570	INF
60571	INF
60572	INF
60573	INF
60574	INF
60575	INF
60576	INF
60577	INF
60578	INF
60579	INF
60580	INF
60581	INF
60582	INF
60583	INF
60584	INF
60585	INF
60586	INF
60587	INF
60588	INF
60589	INF
60590	INF
60591	INF
60592	INF
60593	INF
60594	INF
60595	INF
60596	INF
60597	INF
60598	INF
60599	INF
60600	INF
60601	INF
60602	INF
60603	INF
60604	INF
60605	INF
60606	INF
60607	INF
60608	INF
60609	INF
60610	INF
60611	INF
60612	INF
60613	INF
60614	INF
60615	INF
60616	INF
60617	INF
60618	INF
60619	INF
60620	INF
60621	INF
60622	INF
60623	INF
60624	INF
60625	INF
60626	INF
60627	INF
60628	INF
60629	INF
60630	INF
60631	INF
60632	INF
60633	INF
60634	INF
60635	INF
60636	INF
60637	INF
60638	INF
60639	INF
60640	INF
60641	INF
60642	INF
60643	INF
60644	INF
60645	INF
60646	INF
60647	INF
60648	INF
60649	INF
60650	INF
60651	INF
60652	INF
60653	INF
60654	INF
60655	INF
60656	INF
60657	INF
60658	INF
60659	INF
60660	INF
60661	INF
60662	INF
60663	INF
60664	INF
60665	INF
60666	INF
60667	INF
60668	INF
60669	INF
60670	INF
60671	INF
60672	INF
60673	INF
60674	INF
60675	INF
60676	INF
60677	INF
60678	INF
60679	INF
60680	INF
60681	INF
60682	INF
60683	INF
60684	INF
60685	INF
60686	INF
60687	INF
60688	INF
60689	INF
60690	INF
60691	INF
60692	INF
60693	INF
60694	INF
60695	INF
60696	INF
60697	INF
60698	INF
60699	INF
60700	INF
60701	INF
60702	INF
60703	INF
60704	INF
60705	INF
60706	INF
60707	INF
60708	INF
60709	INF
60710	INF
60711	INF
60712	INF
60713	INF
60714	INF
60715	INF
60716	INF
60717	INF
60718	INF
60719	INF
60720	INF
60721	INF
60722	INF
60723	INF
60724	INF
60725	INF
60726	INF
60727	INF
60728	INF
60729	INF
60730	INF
60731	INF
60732	INF
60733	INF
60734	INF
60735	INF
60736	INF
60737	INF
60738	INF
60739	INF
60740	INF
60741	INF
60742	INF
60743	INF
60744	INF
60745	INF
60746	INF
60747	INF
60748	INF
60749	INF
60750	INF
60751	INF
60752	INF
60753	INF
60754	INF
60755	INF
60756	INF
60757	INF
60758	INF
60759	INF
60760	INF
60761	INF
60762	INF
60763	INF
60764	INF
60765	INF
60766	INF
60767	INF
60768	INF
60769	INF
60770	INF
60771	INF
60772	INF
60773	INF
60774	INF
60775	INF
60776	INF
60777	INF
60778	INF
60779	INF
60780	INF
60781	INF
60782	INF
60783	INF
60784	INF
60785	INF
60786	INF
60787	INF
60788	INF
60789	INF
60790	INF
60791	INF
60792	INF
60793	INF
60794	INF
60795	INF
60796	INF
60797	INF
60798	INF
60799	INF
60800	INF
60801	INF
60802	INF
60803	INF
60804	INF
60805	INF
60806	INF
60807	INF
60808	INF
60809	INF
60810	INF
60811	INF
60812	INF
60813	INF
60814	INF
60815	INF
60816	INF
60817	INF
60818	INF
60819	INF
60820	INF
60821	INF
60822	INF
60823	INF
60824	INF
60825	INF
60826	INF
60827	INF
60828	INF
60829	INF
60830	INF
60831	INF
60832	INF
60833	INF
60834	INF
60835	INF
60836	INF
60837	INF
60838	INF
60839	INF
60840	INF
60841	INF
60842	INF
60843	INF
60844	INF
60845	INF
60846	INF
60847	INF
60848	INF
60849	INF
60850	INF
60851	INF
60852	INF
60853	INF
60854	INF
60855	INF
60856	INF
60857	INF
60858	INF
60859	INF
60860	INF
60861	INF
60862	INF
60863	INF
60864	INF
60865	INF
60866	INF
60867	INF
60868	INF
60869	INF
60870	INF
60871	INF
60872	INF
60873	INF
60874	INF
60875	INF
60876	INF
60877	INF
60878	INF
60879	INF
60880	INF
60881	INF
60882	INF
60883	INF
60884	INF
60885	INF
60886	INF
60887	INF
60888	INF
60889	INF
60890	INF
60891	INF
60892	INF
60893	INF
60894	INF
60895	INF
60896	INF
60897	INF
60898	INF
60899	INF
60900	INF
60901	INF
60902	INF
60903	INF
60904	INF
60905	INF
60906	INF
60907	INF
60908	INF
60909	INF
60910	INF
60911	INF
60912	INF
60913	INF
60914	INF
60915	INF
60916	INF
60917	INF
60918	INF
60919	INF
60920	INF
60921	INF
60922	INF
60923	INF
60924	INF
60925	INF
60926	INF
60927	INF
60928	INF
60929	INF
60930	INF
60931	INF
60932	INF
60933	INF
60934	INF
60935	INF
60936	INF
60937	INF
60938	INF
60939	INF
60940	INF
60941	INF
60942	INF
60943	INF
60944	INF
60945	INF
60946	INF
60947	INF
60948	INF
60949	INF
60950	INF
60951	INF
60952	INF
60953	INF
60954	INF
60955	INF
60956	INF
60957	INF
60958	INF
60959	INF
60960	INF
60961	INF
60962	INF
60963	INF
60964	INF
60965	INF
60966	INF
60967	INF
60968	INF
60969	INF
60970	INF
60971	INF
60972	INF
60973	INF
60974	INF
60975	INF
60976	INF
60977	INF
60978	INF
60979	INF
60980	INF
60981	INF
60982	INF
60983	INF
60984	INF
60985	INF
60986	INF
60987	INF
60988	INF
60989	INF
60990	INF
60991	INF
60992	INF
60993	INF
60994	INF
60995	INF
60996	INF
60997	INF
60998	INF
60999	INF
61000	INF
61001	INF
61002	INF
61003	INF
61004	INF
61005	INF
61006	INF
61007	INF
61008	INF
61009	INF
61010	INF
61011	INF
61012	INF
61013	INF
61014	INF
61015	INF
61016	INF
61017	INF
61018	INF
61019	INF
61020	INF
61021	INF
61022	INF
61023	INF
61024	INF
61025	INF
61026	INF
61027	INF
61028	INF
61029	INF
61030	INF
61031	INF
61032	INF
61033	INF
61034	INF
61035	INF
61036	INF
61037	INF
61038	INF
61039	INF
61040	INF
61041	INF
61042	INF
61043	INF
61044	INF
61045	INF
61046	INF
61047	INF
61048	INF
61049	INF
61050	INF
61051	INF
61052	INF
61053	INF
61054	INF
61055	INF
61056	INF
61057	INF
61058	INF
61059	INF
61060	INF
61061	INF
61062	INF
61063	INF
61064	INF
61065	INF
61066	INF
61067	INF
61068	INF
61069	INF
61070	INF
61071	INF
61072	INF
61073	INF
61074	INF
61075	INF
61076	INF
61077	INF
61078	INF
61079	INF
61080	INF
61081	INF
61082	INF
61083	INF
61084	INF
61085	INF
61086	INF
61087	INF
61088	INF
61089	INF
61090	INF
61091	INF
61092	INF
61093	INF
61094	INF
61095	INF
61096	INF
61097	INF
61098	INF
61099	INF
61100	INF
61101	INF
61102	INF
61103	INF
61104	INF
61105	INF
61106	INF
61107	INF
61108	INF
61109	INF
61110	INF
61111	INF
61112	INF
61113	INF
61114	INF
61115	INF
61116	INF
61117	INF
61118	INF
61119	INF
61120	INF
61121	INF
61122	INF
61123	INF
61124	INF
61125	INF
61126	INF
61127	INF
61128	INF
61129	INF
61130	INF
61131	INF
61132	INF
61133	INF
61134	INF
61135	INF
61136	INF
61137	INF
61138	INF
61139	INF
61140	INF
61141	INF
61142	INF
61143	INF
61144	INF
61145	INF
61146	INF
61147	INF
61148	INF
61149	INF
61150	INF
61151	INF
61152	INF
61153	INF
61154	INF
61155	INF
61156	INF
61157	INF
61158	INF
61159	INF
61160	INF
61161	INF
61162	INF
61163	INF
61164	INF
61165	INF
61166	INF
61167	INF
61168	INF
61169	INF
61170	INF
61171	INF
61172	INF
61173	INF
61174	INF
61175	INF
61176	INF
61177	INF
61178	INF
61179	INF
61180	INF
61181	INF
61182	INF
61183	INF
61184	INF
61185	INF
61186	INF
61187	INF
61188	INF
61189	INF
61190	INF
61191	INF
61192	INF
61193	INF
61194	INF
61195	INF
61196	INF
61197	INF
61198	INF
61199	INF
61200	INF
61201	INF
61202	INF
61203	INF
61204	INF
61205	INF
61206	INF
61207	INF
61208	INF
61209	INF
61210	INF
61211	INF
61212	INF
61213	INF
61214	INF
61215	INF
61216	INF
61217	INF
61218	INF
61219	INF
61220	INF
61221	INF
61222	INF
61223	INF
61224	INF
61225	INF
61226	INF
61227	INF
61228	INF
61229	INF
61230	INF
61231	INF
61232	INF
61233	INF
61234	INF
61235	INF
61236	INF
61237	INF
61238	INF
61239	INF
61240	INF
61241	INF
61242	INF
61243	INF
61244	INF
61245	INF
61246	INF
61247	INF
61248	INF
61249	INF
61250	INF
61251	INF
61252	INF
61253	INF
61254	INF
61255	INF
61256	INF
61257	INF
61258	INF
61259	INF
61260	INF
61261	INF
61262	INF
61263	INF
61264	INF
61265	INF
61266	INF
61267	INF
61268	INF
61269	INF
61270	INF
61271	INF
61272	INF
61273	INF
61274	INF
61275	INF
61276	INF
61277	INF
61278	INF
61279	INF
61280	INF
61281	INF
61282	INF
61283	INF
61284	INF
61285	INF
61286	INF
61287	INF
61288	INF
61289	INF
61290	INF
61291	INF
61292	INF
61293	INF
61294	INF
61295	INF
61296	INF
61297	INF
61298	INF
61299	INF
61300	INF
61301	INF
61302	INF
61303	INF
61304	INF
61305	INF
61306	INF
61307	INF
61308	INF
61309	INF
61310	INF
61311	INF
61312	INF
61313	INF
61314	INF
61315	INF
61316	INF
61317	INF
61318	INF
61319	INF
61320	INF
61321	INF
61322	INF
61323	INF
61324	INF
61325	INF
61326	INF
61327	INF
61328	INF
61329	INF
61330	INF
61331	INF
61332	INF
61333	INF
61334	INF
61335	INF
61336	INF
61337	INF
61338	INF
61339	INF
61340	INF
61341	INF
61342	INF
61343	INF
61344	INF
61345	INF
61346	INF
61347	INF
61348	INF
61349	INF
61350	INF
61351	INF
61352	INF
61353	INF
61354	INF
61355	INF
61356	INF
61357	INF
61358	INF
61359	INF
61360	INF
61361	INF
61362	INF
61363	INF
61364	INF
61365	INF
61366	INF
61367	INF
61368	INF
61369	INF
61370	INF
61371	INF
61372	INF
61373	INF
61374	INF
61375	INF
61376	INF
61377	INF
61378	INF
61379	INF
61380	INF
61381	INF
61382	INF
61383	INF
61384	INF
61385	INF
61386	INF
61387	INF
61388	INF
61389	INF
61390	INF
61391	INF
61392	INF
61393	INF
61394	INF
61395	INF
61396	INF
61397	INF
61398	INF
61399	INF
61400	INF
61401	INF
61402	INF
61403	INF
61404	INF
61405	INF
61406	INF
61407	INF
61408	INF
61409	INF
61410	INF
61411	INF
61412	INF
61413	INF
61414	INF
61415	INF
61416	INF
61417	INF
61418	INF
61419	INF
61420	INF
61421	INF
61422	INF
61423	INF
61424	INF
61425	INF
61426	INF
61427	INF
61428	INF
61429	INF
61430	INF
61431	INF
61432	INF
61433	INF
61434	INF
61435	INF
61436	INF
61437	INF
61438	INF
61439	INF
61440	INF
61441	INF
61442	INF
61443	INF
61444	INF
61445	INF
61446	INF
61447	INF
61448	INF
61449	INF
61450	INF
61451	INF
61452	INF
61453	INF
61454	INF
61455	INF
61456	INF
61457	INF
61458	INF
61459	INF
61460	INF
61461	INF
61462	INF
61463	INF
61464	INF
61465	INF
61466	INF
61467	INF
61468	INF
61469	INF
61470	INF
61471	INF
61472	INF
61473	INF
61474	INF
61475	INF
61476	INF
61477	INF
61478	INF
61479	INF
61480	INF
61481	INF
61482	INF
61483	INF
61484	INF
61485	INF
61486	INF
61487	INF
61488	INF
61489	INF
61490	INF
61491	INF
61492	INF
61493	INF
61494	INF
61495	INF
61496	INF
61497	INF
61498	INF
61499	INF
61500	INF
61501	INF
61502	INF
61503	INF
61504	INF
61505	INF
61506	INF
61507	INF
61508	INF
61509	INF
61510	INF
61511	INF
61512	INF
61513	INF
61514	INF
61515	INF
61516	INF
61517	INF
61518	INF
61519	INF
61520	INF
61521	INF
61522	INF
61523	INF
61524	INF
61525	INF
61526	INF
61527	INF
61528	INF
61529	INF
61530	INF
61531	INF
61532	INF
61533	INF
61534	INF
61535	INF
61536	INF
61537	INF
61538	INF
61539	INF
61540	INF
61541	INF
61542	INF
61543	INF
61544	INF
61545	INF
61546	INF
61547	INF
61548	INF
61549	INF
61550	INF
61551	INF
61552	INF
61553	INF
61554	INF
61555	INF
61556	INF
61557	INF
61558	INF
61559	INF
61560	INF
61561	INF
61562	INF
61563	INF
61564	INF
61565	INF
61566	INF
61567	INF
61568	INF
61569	INF
61570	INF
61571	INF
61572	INF
61573	INF
61574	INF
61575	INF
61576	INF
61577	INF
61578	INF
61579	INF
61580	INF
61581	INF
61582	INF
61583	INF
61584	INF
61585	INF
61586	INF
61587	INF
61588	INF
61589	INF
61590	INF
61591	INF
61592	INF
61593	INF
61594	INF
61595	INF
61596	INF
61597	INF
61598	INF
61599	INF
61600	INF
61601	INF
61602	INF
61603	INF
61604	INF
61605	INF
61606	INF
61607	INF
61608	INF
61609	INF
61610	INF
61611	INF
61612	INF
61613	INF
61614	INF
61615	INF
61616	INF
61617	INF
61618	INF
61619	INF
61620	INF
61621	INF
61622	INF
61623	INF
61624	INF
61625	INF
61626	INF
61627	INF
61628	INF
61629	INF
61630	INF
61631	INF
61632	INF
61633	INF
61634	INF
61635	INF
61636	INF
61637	INF
61638	INF
61639	INF
61640	INF
61641	INF
61642	INF
61643	INF
61644	INF
61645	INF
61646	INF
61647	INF
61648	INF
61649	INF
61650	INF
61651	INF
61652	INF
61653	INF
61654	INF
61655	INF
61656	INF
61657	INF
61658	INF
61659	INF
61660	INF
61661	INF
61662	INF
61663	INF
61664	INF
61665	INF
61666	INF
61667	INF
61668	INF
61669	INF
61670	INF
61671	INF
61672	INF
61673	INF
61674	INF
61675	INF
61676	INF
61677	INF
61678	INF
61679	INF
61680	INF
61681	INF
61682	INF
61683	INF
61684	INF
61685	INF
61686	INF
61687	INF
61688	INF
61689	INF
61690	INF
61691	INF
61692	INF
61693	INF
61694	INF
61695	INF
61696	INF
61697	INF
61698	INF
61699	INF
61700	INF
61701	INF
61702	INF
61703	INF
61704	INF
61705	INF
61706	INF
61707	INF
61708	INF
61709	INF
61710	INF
61711	INF
61712	INF
61713	INF
61714	INF
61715	INF
61716	INF
61717	INF
61718	INF
61719	INF
61720	INF
61721	INF
61722	INF
61723	INF
61724	INF
61725	INF
61726	INF
61727	INF
61728	INF
61729	INF
61730	INF
61731	INF
61732	INF
61733	INF
61734	INF
61735	INF
61736	INF
61737	INF
61738	INF
61739	INF
61740	INF
61741	INF
61742	INF
61743	INF
61744	INF
61745	INF
61746	INF
61747	INF
61748	INF
61749	INF
61750	INF
61751	INF
61752	INF
61753	INF
61754	INF
61755	INF
61756	INF
61757	INF
61758	INF
61759	INF
61760	INF
61761	INF
61762	INF
61763	INF
61764	INF
61765	INF
61766	INF
61767	INF
61768	INF
61769	INF
61770	INF
61771	INF
61772	INF
61773	INF
61774	INF
61775	INF
61776	INF
61777	INF
61778	INF
61779	INF
61780	INF
61781	INF
61782	INF
61783	INF
61784	INF
61785	INF
61786	INF
61787	INF
61788	INF
61789	INF
61790	INF
61791	INF
61792	INF
61793	INF
61794	INF
61795	INF
61796	INF
61797	INF
61798	INF
61799	INF
61800	INF
61801	INF
61802	INF
61803	INF
61804	INF
61805	INF
61806	INF
61807	INF
61808	INF
61809	INF
61810	INF
61811	INF
61812	INF
61813	INF
61814	INF
61815	INF
61816	INF
61817	INF
61818	INF
61819	INF
61820	INF
61821	INF
61822	INF
61823	INF
61824	INF
61825	INF
61826	INF
61827	INF
61828	INF
61829	INF
61830	INF
61831	INF
61832	INF
61833	INF
61834	INF
61835	INF
61836	INF
61837	INF
61838	INF
61839	INF
61840	INF
61841	INF
61842	INF
61843	INF
61844	INF
61845	INF
61846	INF
61847	INF
61848	INF
61849	INF
61850	INF
61851	INF
61852	INF
61853	INF
61854	INF
61855	INF
61856	INF
61857	INF
61858	INF
61859	INF
61860	INF
61861	INF
61862	INF
61863	INF
61864	INF
61865	INF
61866	INF
61867	INF
61868	INF
61869	INF
61870	INF
61871	INF
61872	INF
61873	INF
61874	INF
61875	INF
61876	INF
61877	INF
61878	INF
61879	INF
61880	INF
61881	INF
61882	INF
61883	INF
61884	INF
61885	INF
61886	INF
61887	INF
61888	INF
61889	INF
61890	INF
61891	INF
61892	INF
61893	INF
61894	INF
61895	INF
61896	INF
61897	INF
61898	INF
61899	INF
61900	INF
61901	INF
61902	INF
61903	INF
61904	INF
61905	INF
61906	INF
61907	INF
61908	INF
61909	INF
61910	INF
61911	INF
61912	INF
61913	INF
61914	INF
61915	INF
61916	INF
61917	INF
61918	INF
61919	INF
61920	INF
61921	INF
61922	INF
61923	INF
61924	INF
61925	INF
61926	INF
61927	INF
61928	INF
61929	INF
61930	INF
61931	INF
61932	INF
61933	INF
61934	INF
61935	INF
61936	INF
61937	INF
61938	INF
61939	INF
61940	INF
61941	INF
61942	INF
61943	INF
61944	INF
61945	INF
61946	INF
61947	INF
61948	INF
61949	INF
61950	INF
61951	INF
61952	INF
61953	INF
61954	INF
61955	INF
61956	INF
61957	INF
61958	INF
61959	INF
61960	INF
61961	INF
61962	INF
61963	INF
61964	INF
61965	INF
61966	INF
61967	INF
61968	INF
61969	INF
61970	INF
61971	INF
61972	INF
61973	INF
61974	INF
61975	INF
61976	INF
61977	INF
61978	INF
61979	INF
61980	INF
61981	INF
61982	INF
61983	INF
61984	INF
61985	INF
61986	INF
61987	INF
61988	INF
61989	INF
61990	INF
61991	INF
61992	INF
61993	INF
61994	INF
61995	INF
61996	INF
61997	INF
61998	INF
61999	INF
62000	INF
62001	INF
62002	INF
62003	INF
62004	INF
62005	INF
62006	INF
62007	INF
62008	INF
62009	INF
62010	INF
62011	INF
62012	INF
62013	INF
62014	INF
62015	INF
62016	INF
62017	INF
62018	INF
62019	INF
62020	INF
62021	INF
62022	INF
62023	INF
62024	INF
62025	INF
62026	INF
62027	INF
62028	INF
62029	INF
62030	INF
62031	INF
62032	INF
62033	INF
62034	INF
62035	INF
62036	INF
62037	INF
62038	INF
62039	INF
62040	INF
62041	INF
62042	INF
62043	INF
62044	INF
62045	INF
62046	INF
62047	INF
62048	INF
62049	INF
62050	INF
62051	INF
62052	INF
62053	INF
62054	INF
62055	INF
62056	INF
62057	INF
62058	INF
62059	INF
62060	INF
62061	INF
62062	INF
62063	INF
62064	INF
62065	INF
62066	INF
62067	INF
62068	INF
62069	INF
62070	INF
62071	INF
62072	INF
62073	INF
62074	INF
62075	INF
62076	INF
62077	INF
62078	INF
62079	INF
62080	INF
62081	INF
62082	INF
62083	INF
62084	INF
62085	INF
62086	INF
62087	INF
62088	INF
62089	INF
62090	INF
62091	INF
62092	INF
62093	INF
62094	INF
62095	INF
62096	INF
62097	INF
62098	INF
62099	INF
62100	INF
62101	INF
62102	INF
62103	INF
62104	INF
62105	INF
62106	INF
62107	INF
62108	INF
62109	INF
62110	INF
62111	INF
62112	INF
62113	INF
62114	INF
62115	INF
62116	INF
62117	INF
62118	INF
62119	INF
62120	INF
62121	INF
62122	INF
62123	INF
62124	INF
62125	INF
62126	INF
62127	INF
62128	INF
62129	INF
62130	INF
62131	INF
62132	INF
62133	INF
62134	INF
62135	INF
62136	INF
62137	INF
62138	INF
62139	INF
62140	INF
62141	INF
62142	INF
62143	INF
62144	INF
62145	INF
62146	INF
62147	INF
62148	INF
62149	INF
62150	INF
62151	INF
62152	INF
62153	INF
62154	INF
62155	INF
62156	INF
62157	INF
62158	INF
62159	INF
62160	INF
62161	INF
62162	INF
62163	INF
62164	INF
62165	INF
62166	INF
62167	INF
62168	INF
62169	INF
62170	INF
62171	INF
62172	INF
62173	INF
62174	INF
62175	INF
62176	INF
62177	INF
62178	INF
62179	INF
62180	INF
62181	INF
62182	INF
62183	INF
62184	INF
62185	INF
62186	INF
62187	INF
62188	INF
62189	INF
62190	INF
62191	INF
62192	INF
62193	INF
62194	INF
62195	INF
62196	INF
62197	INF
62198	INF
62199	INF
62200	INF
62201	INF
62202	INF
62203	INF
62204	INF
62205	INF
62206	INF
62207	INF
62208	INF
62209	INF
62210	INF
62211	INF
62212	INF
62213	INF
62214	INF
62215	INF
62216	INF
62217	INF
62218	INF
62219	INF
62220	INF
62221	INF
62222	INF
62223	INF
62224	INF
62225	INF
62226	INF
62227	INF
62228	INF
62229	INF
62230	INF
62231	INF
62232	INF
62233	INF
62234	INF
62235	INF
62236	INF
62237	INF
62238	INF
62239	INF
62240	INF
62241	INF
62242	INF
62243	INF
62244	INF
62245	INF
62246	INF
62247	INF
62248	INF
62249	INF
62250	INF
62251	INF
62252	INF
62253	INF
62254	INF
62255	INF
62256	INF
62257	INF
62258	INF
62259	INF
62260	INF
62261	INF
62262	INF
62263	INF
62264	INF
62265	INF
62266	INF
62267	INF
62268	INF
62269	INF
62270	INF
62271	INF
62272	INF
62273	INF
62274	INF
62275	INF
62276	INF
62277	INF
62278	INF
62279	INF
62280	INF
62281	INF
62282	INF
62283	INF
62284	INF
62285	INF
62286	INF
62287	INF
62288	INF
62289	INF
62290	INF
62291	INF
62292	INF
62293	INF
62294	INF
62295	INF
62296	INF
62297	INF
62298	INF
62299	INF
62300	INF
62301	INF
62302	INF
62303	INF
62304	INF
62305	INF
62306	INF
62307	INF
62308	INF
62309	INF
62310	INF
62311	INF
62312	INF
62313	INF
62314	INF
62315	INF
62316	INF
62317	INF
62318	INF
62319	INF
62320	INF
62321	INF
62322	INF
62323	INF
62324	INF
62325	INF
62326	INF
62327	INF
62328	INF
62329	INF
62330	INF
62331	INF
62332	INF
62333	INF
62334	INF
62335	INF
62336	INF
62337	INF
62338	INF
62339	INF
62340	INF
62341	INF
62342	INF
62343	INF
62344	INF
62345	INF
62346	INF
62347	INF
62348	INF
62349	INF
62350	INF
62351	INF
62352	INF
62353	INF
62354	INF
62355	INF
62356	INF
62357	INF
62358	INF
62359	INF
62360	INF
62361	INF
62362	INF
62363	INF
62364	INF
62365	INF
62366	INF
62367	INF
62368	INF
62369	INF
62370	INF
62371	INF
62372	INF
62373	INF
62374	INF
62375	INF
62376	INF
62377	INF
62378	INF
62379	INF
62380	INF
62381	INF
62382	INF
62383	INF
62384	INF
62385	INF
62386	INF
62387	INF
62388	INF
62389	INF
62390	INF
62391	INF
62392	INF
62393	INF
62394	INF
62395	INF
62396	INF
62397	INF
62398	INF
62399	INF
62400	INF
62401	INF
62402	INF
62403	INF
62404	INF
62405	INF
62406	INF
62407	INF
62408	INF
62409	INF
62410	INF
62411	INF
62412	INF
62413	INF
62414	INF
62415	INF
62416	INF
62417	INF
62418	INF
62419	INF
62420	INF
62421	INF
62422	INF
62423	INF
62424	INF
62425	INF
62426	INF
62427	INF
62428	INF
62429	INF
62430	INF
62431	INF
62432	INF
62433	INF
62434	INF
62435	INF
62436	INF
62437	INF
62438	INF
62439	INF
62440	INF
62441	INF
62442	INF
62443	INF
62444	INF
62445	INF
62446	INF
62447	INF
62448	INF
62449	INF
62450	INF
62451	INF
62452	INF
62453	INF
62454	INF
62455	INF
62456	INF
62457	INF
62458	INF
62459	INF
62460	INF
62461	INF
62462	INF
62463	INF
62464	INF
62465	INF
62466	INF
62467	INF
62468	INF
62469	INF
62470	INF
62471	INF
62472	INF
62473	INF
62474	INF
62475	INF
62476	INF
62477	INF
62478	INF
62479	INF
62480	INF
62481	INF
62482	INF
62483	INF
62484	INF
62485	INF
62486	INF
62487	INF
62488	INF
62489	INF
62490	INF
62491	INF
62492	INF
62493	INF
62494	INF
62495	INF
62496	INF
62497	INF
62498	INF
62499	INF
62500	INF
62501	INF
62502	INF
62503	INF
62504	INF
62505	INF
62506	INF
62507	INF
62508	INF
62509	INF
62510	INF
62511	INF
62512	INF
62513	INF
62514	INF
62515	INF
62516	INF
62517	INF
62518	INF
62519	INF
62520	INF
62521	INF
62522	INF
62523	INF
62524	INF
62525	INF
62526	INF
62527	INF
62528	INF
62529	INF
62530	INF
62531	INF
62532	INF
62533	INF
62534	INF
62535	INF
62536	INF
62537	INF
62538	INF
62539	INF
62540	INF
62541	INF
62542	INF
62543	INF
62544	INF
62545	INF
62546	INF
62547	INF
62548	INF
62549	INF
62550	INF
62551	INF
62552	INF
62553	INF
62554	INF
62555	INF
62556	INF
62557	INF
62558	INF
62559	INF
62560	INF
62561	INF
62562	INF
62563	INF
62564	INF
62565	INF
62566	INF
62567	INF
62568	INF
62569	INF
62570	INF
62571	INF
62572	INF
62573	INF
62574	INF
62575	INF
62576	INF
62577	INF
62578	INF
62579	INF
62580	INF
62581	INF
62582	INF
62583	INF
62584	INF
62585	INF
62586	INF
62587	INF
62588	INF
62589	INF
62590	INF
62591	INF
62592	INF
62593	INF
62594	INF
62595	INF
62596	INF
62597	INF
62598	INF
62599	INF
62600	INF
62601	INF
62602	INF
62603	INF
62604	INF
62605	INF
62606	INF
62607	INF
62608	INF
62609	INF
62610	INF
62611	INF
62612	INF
62613	INF
62614	INF
62615	INF
62616	INF
62617	INF
62618	INF
62619	INF
62620	INF
62621	INF
62622	INF
62623	INF
62624	INF
62625	INF
62626	INF
62627	INF
62628	INF
62629	INF
62630	INF
62631	INF
62632	INF
62633	INF
62634	INF
62635	INF
62636	INF
62637	INF
62638	INF
62639	INF
62640	INF
62641	INF
62642	INF
62643	INF
62644	INF
62645	INF
62646	INF
62647	INF
62648	INF
62649	INF
62650	INF
62651	INF
62652	INF
62653	INF
62654	INF
62655	INF
62656	INF
62657	INF
62658	INF
62659	INF
62660	INF
62661	INF
62662	INF
62663	INF
62664	INF
62665	INF
62666	INF
62667	INF
62668	INF
62669	INF
62670	INF
62671	INF
62672	INF
62673	INF
62674	INF
62675	INF
62676	INF
62677	INF
62678	INF
62679	INF
62680	INF
62681	INF
62682	INF
62683	INF
62684	INF
62685	INF
62686	INF
62687	INF
62688	INF
62689	INF
62690	INF
62691	INF
62692	INF
62693	INF
62694	INF
62695	INF
62696	INF
62697	INF
62698	INF
62699	INF
62700	INF
62701	INF
62702	INF
62703	INF
62704	INF
62705	INF
62706	INF
62707	INF
62708	INF
62709	INF
62710	INF
62711	INF
62712	INF
62713	INF
62714	INF
62715	INF
62716	INF
62717	INF
62718	INF
62719	INF
62720	INF
62721	INF
62722	INF
62723	INF
62724	INF
62725	INF
62726	INF
62727	INF
62728	INF
62729	INF
62730	INF
62731	INF
62732	INF
62733	INF
62734	INF
62735	INF
62736	INF
62737	INF
62738	INF
62739	INF
62740	INF
62741	INF
62742	INF
62743	INF
62744	INF
62745	INF
62746	INF
62747	INF
62748	INF
62749	INF
62750	INF
62751	INF
62752	INF
62753	INF
62754	INF
62755	INF
62756	INF
62757	INF
62758	INF
62759	INF
62760	INF
62761	INF
62762	INF
62763	INF
62764	INF
62765	INF
62766	INF
62767	INF
62768	INF
62769	INF
62770	INF
62771	INF
62772	INF
62773	INF
62774	INF
62775	INF
62776	INF
62777	INF
62778	INF
62779	INF
62780	INF
62781	INF
62782	INF
62783	INF
62784	INF
62785	INF
62786	INF
62787	INF
62788	INF
62789	INF
62790	INF
62791	INF
62792	INF
62793	INF
62794	INF
62795	INF
62796	INF
62797	INF
62798	INF
62799	INF
62800	INF
62801	INF
62802	INF
62803	INF
62804	INF
62805	INF
62806	INF
62807	INF
62808	INF
62809	INF
62810	INF
62811	INF
62812	INF
62813	INF
62814	INF
62815	INF
62816	INF
62817	INF
62818	INF
62819	INF
62820	INF
62821	INF
62822	INF
62823	INF
62824	INF
62825	INF
62826	INF
62827	INF
62828	INF
62829	INF
62830	INF
62831	INF
62832	INF
62833	INF
62834	INF
62835	INF
62836	INF
62837	INF
62838	INF
62839	INF
62840	INF
62841	INF
62842	INF
62843	INF
62844	INF
62845	INF
62846	INF
62847	INF
62848	INF
62849	INF
62850	INF
62851	INF
62852	INF
62853	INF
62854	INF
62855	INF
62856	INF
62857	INF
62858	INF
62859	INF
62860	INF
62861	INF
62862	INF
62863	INF
62864	INF
62865	INF
62866	INF
62867	INF
62868	INF
62869	INF
62870	INF
62871	INF
62872	INF
62873	INF
62874	INF
62875	INF
62876	INF
62877	INF
62878	INF
62879	INF
62880	INF
62881	INF
62882	INF
62883	INF
62884	INF
62885	INF
62886	INF
62887	INF
62888	INF
62889	INF
62890	INF
62891	INF
62892	INF
62893	INF
62894	INF
62895	INF
62896	INF
62897	INF
62898	INF
62899	INF
62900	INF
62901	INF
62902	INF
62903	INF
62904	INF
62905	INF
62906	INF
62907	INF
62908	INF
62909	INF
62910	INF
62911	INF
62912	INF
62913	INF
62914	INF
62915	INF
62916	INF
62917	INF
62918	INF
62919	INF
62920	INF
62921	INF
62922	INF
62923	INF
62924	INF
62925	INF
62926	INF
62927	INF
62928	INF
62929	INF
62930	INF
62931	INF
62932	INF
62933	INF
62934	INF
62935	INF
62936	INF
62937	INF
62938	INF
62939	INF
62940	INF
62941	INF
62942	INF
62943	INF
62944	INF
62945	INF
62946	INF
62947	INF
62948	INF
62949	INF
62950	INF
62951	INF
62952	INF
62953	INF
62954	INF
62955	INF
62956	INF
62957	INF
62958	INF
62959	INF
62960	INF
62961	INF
62962	INF
62963	INF
62964	INF
62965	INF
62966	INF
62967	INF
62968	INF
62969	INF
62970	INF
62971	INF
62972	INF
62973	INF
62974	INF
62975	INF
62976	INF
62977	INF
62978	INF
62979	INF
62980	INF
62981	INF
62982	INF
62983	INF
62984	INF
62985	INF
62986	INF
62987	INF
62988	INF
62989	INF
62990	INF
62991	INF
62992	INF
62993	INF
62994	INF
62995	INF
62996	INF
62997	INF
62998	INF
62999	INF
63000	INF
63001	INF
63002	INF
63003	INF
63004	INF
63005	INF
63006	INF
63007	INF
63008	INF
63009	INF
63010	INF
63011	INF
63012	INF
63013	INF
63014	INF
63015	INF
63016	INF
63017	INF
63018	INF
63019	INF
63020	INF
63021	INF
63022	INF
63023	INF
63024	INF
63025	INF
63026	INF
63027	INF
63028	INF
63029	INF
63030	INF
63031	INF
63032	INF
63033	INF
63034	INF
63035	INF
63036	INF
63037	INF
63038	INF
63039	INF
63040	INF
63041	INF
63042	INF
63043	INF
63044	INF
63045	INF
63046	INF
63047	INF
63048	INF
63049	INF
63050	INF
63051	INF
63052	INF
63053	INF
63054	INF
63055	INF
63056	INF
63057	INF
63058	INF
63059	INF
63060	INF
63061	INF
63062	INF
63063	INF
63064	INF
63065	INF
63066	INF
63067	INF
63068	INF
63069	INF
63070	INF
63071	INF
63072	INF
63073	INF
63074	INF
63075	INF
63076	INF
63077	INF
63078	INF
63079	INF
63080	INF
63081	INF
63082	INF
63083	INF
63084	INF
63085	INF
63086	INF
63087	INF
63088	INF
63089	INF
63090	INF
63091	INF
63092	INF
63093	INF
63094	INF
63095	INF
63096	INF
63097	INF
63098	INF
63099	INF
63100	INF
63101	INF
63102	INF
63103	INF
63104	INF
63105	INF
63106	INF
63107	INF
63108	INF
63109	INF
63110	INF
63111	INF
63112	INF
63113	INF
63114	INF
63115	INF
63116	INF
63117	INF
63118	INF
63119	INF
63120	INF
63121	INF
63122	INF
63123	INF
63124	INF
63125	INF
63126	INF
63127	INF
63128	INF
63129	INF
63130	INF
63131	INF
63132	INF
63133	INF
63134	INF
63135	INF
63136	INF
63137	INF
63138	INF
63139	INF
63140	INF
63141	INF
63142	INF
63143	INF
63144	INF
63145	INF
63146	INF
63147	INF
63148	INF
63149	INF
63150	INF
63151	INF
63152	INF
63153	INF
63154	INF
63155	INF
63156	INF
63157	INF
63158	INF
63159	INF
63160	INF
63161	INF
63162	INF
63163	INF
63164	INF
63165	INF
63166	INF
63167	INF
63168	INF
63169	INF
63170	INF
63171	INF
63172	INF
63173	INF
63174	INF
63175	INF
63176	INF
63177	INF
63178	INF
63179	INF
63180	INF
63181	INF
63182	INF
63183	INF
63184	INF
63185	INF
63186	INF
63187	INF
63188	INF
63189	INF
63190	INF
63191	INF
63192	INF
63193	INF
63194	INF
63195	INF
63196	INF
63197	INF
63198	INF
63199	INF
63200	INF
63201	INF
63202	INF
63203	INF
63204	INF
63205	INF
63206	INF
63207	INF
63208	INF
63209	INF
63210	INF
63211	INF
63212	INF
63213	INF
63214	INF
63215	INF
63216	INF
63217	INF
63218	INF
63219	INF
63220	INF
63221	INF
63222	INF
63223	INF
63224	INF
63225	INF
63226	INF
63227	INF
63228	INF
63229	INF
63230	INF
63231	INF
63232	INF
63233	INF
63234	INF
63235	INF
63236	INF
63237	INF
63238	INF
63239	INF
63240	INF
63241	INF
63242	INF
63243	INF
63244	INF
63245	INF
63246	INF
63247	INF
63248	INF
63249	INF
63250	INF
63251	INF
63252	INF
63253	INF
63254	INF
63255	INF
63256	INF
63257	INF
63258	INF
63259	INF
63260	INF
63261	INF
63262	INF
63263	INF
63264	INF
63265	INF
63266	INF
63267	INF
63268	INF
63269	INF
63270	INF
63271	INF
63272	INF
63273	INF
63274	INF
63275	INF
63276	INF
63277	INF
63278	INF
63279	INF
63280	INF
63281	INF
63282	INF
63283	INF
63284	INF
63285	INF
63286	INF
63287	INF
63288	INF
63289	INF
63290	INF
63291	INF
63292	INF
63293	INF
63294	INF
63295	INF
63296	INF
63297	INF
63298	INF
63299	INF
63300	INF
63301	INF
63302	INF
63303	INF
63304	INF
63305	INF
63306	INF
63307	INF
63308	INF
63309	INF
63310	INF
63311	INF
63312	INF
63313	INF
63314	INF
63315	INF
63316	INF
63317	INF
63318	INF
63319	INF
63320	INF
63321	INF
63322	INF
63323	INF
63324	INF
63325	INF
63326	INF
63327	INF
63328	INF
63329	INF
63330	INF
63331	INF
63332	INF
63333	INF
63334	INF
63335	INF
63336	INF
63337	INF
63338	INF
63339	INF
63340	INF
63341	INF
63342	INF
63343	INF
63344	INF
63345	INF
63346	INF
63347	INF
63348	INF
63349	INF
63350	INF
63351	INF
63352	INF
63353	INF
63354	INF
63355	INF
63356	INF
63357	INF
63358	INF
63359	INF
63360	INF
63361	INF
63362	INF
63363	INF
63364	INF
63365	INF
63366	INF
63367	INF
63368	INF
63369	INF
63370	INF
63371	INF
63372	INF
63373	INF
63374	INF
63375	INF
63376	INF
63377	INF
63378	INF
63379	INF
63380	INF
63381	INF
63382	INF
63383	INF
63384	INF
63385	INF
63386	INF
63387	INF
63388	INF
63389	INF
63390	INF
63391	INF
63392	INF
63393	INF
63394	INF
63395	INF
63396	INF
63397	INF
63398	INF
63399	INF
63400	INF
63401	INF
63402	INF
63403	INF
63404	INF
63405	INF
63406	INF
63407	INF
63408	INF
63409	INF
63410	INF
63411	INF
63412	INF
63413	INF
63414	INF
63415	INF
63416	INF
63417	INF
63418	INF
63419	INF
63420	INF
63421	INF
63422	INF
63423	INF
63424	INF
63425	INF
63426	INF
63427	INF
63428	INF
63429	INF
63430	INF
63431	INF
63432	INF
63433	INF
63434	INF
63435	INF
63436	INF
63437	INF
63438	INF
63439	INF
63440	INF
63441	INF
63442	INF
63443	INF
63444	INF
63445	INF
63446	INF
63447	INF
63448	INF
63449	INF
63450	INF
63451	INF
63452	INF
63453	INF
63454	INF
63455	INF
63456	INF
63457	INF
63458	INF
63459	INF
63460	INF
63461	INF
63462	INF
63463	INF
63464	INF
63465	INF
63466	INF
63467	INF
63468	INF
63469	INF
63470	INF
63471	INF
63472	INF
63473	INF
63474	INF
63475	INF
63476	INF
63477	INF
63478	INF
63479	INF
63480	INF
63481	INF
63482	INF
63483	INF
63484	INF
63485	INF
63486	INF
63487	INF
63488	INF
63489	INF
63490	INF
63491	INF
63492	INF
63493	INF
63494	INF
63495	INF
63496	INF
63497	INF
63498	INF
63499	INF
63500	INF
63501	INF
63502	INF
63503	INF
63504	INF
63505	INF
63506	INF
63507	INF
63508	INF
63509	INF
63510	INF
63511	INF
63512	INF
63513	INF
63514	INF
63515	INF
63516	INF
63517	INF
63518	INF
63519	INF
63520	INF
63521	INF
63522	INF
63523	INF
63524	INF
63525	INF
63526	INF
63527	INF
63528	INF
63529	INF
63530	INF
63531	INF
63532	INF
63533	INF
63534	INF
63535	INF
63536	INF
63537	INF
63538	INF
63539	INF
63540	INF
63541	INF
63542	INF
63543	INF
63544	INF
63545	INF
63546	INF
63547	INF
63548	INF
63549	INF
63550	INF
63551	INF
63552	INF
63553	INF
63554	INF
63555	INF
63556	INF
63557	INF
63558	INF
63559	INF
63560	INF
63561	INF
63562	INF
63563	INF
63564	INF
63565	INF
63566	INF
63567	INF
63568	INF
63569	INF
63570	INF
63571	INF
63572	INF
63573	INF
63574	INF
63575	INF
63576	INF
63577	INF
63578	INF
63579	INF
63580	INF
63581	INF
63582	INF
63583	INF
63584	INF
63585	INF
63586	INF
63587	INF
63588	INF
63589	INF
63590	INF
63591	INF
63592	INF
63593	INF
63594	INF
63595	INF
63596	INF
63597	INF
63598	INF
63599	INF
63600	INF
63601	INF
63602	INF
63603	INF
63604	INF
63605	INF
63606	INF
63607	INF
63608	INF
63609	INF
63610	INF
63611	INF
63612	INF
63613	INF
63614	INF
63615	INF
63616	INF
63617	INF
63618	INF
63619	INF
63620	INF
63621	INF
63622	INF
63623	INF
63624	INF
63625	INF
63626	INF
63627	INF
63628	INF
63629	INF
63630	INF
63631	INF
63632	INF
63633	INF
63634	INF
63635	INF
63636	INF
63637	INF
63638	INF
63639	INF
63640	INF
63641	INF
63642	INF
63643	INF
63644	INF
63645	INF
63646	INF
63647	INF
63648	INF
63649	INF
63650	INF
63651	INF
63652	INF
63653	INF
63654	INF
63655	INF
63656	INF
63657	INF
63658	INF
63659	INF
63660	INF
63661	INF
63662	INF
63663	INF
63664	INF
63665	INF
63666	INF
63667	INF
63668	INF
63669	INF
63670	INF
63671	INF
63672	INF
63673	INF
63674	INF
63675	INF
63676	INF
63677	INF
63678	INF
63679	INF
63680	INF
63681	INF
63682	INF
63683	INF
63684	INF
63685	INF
63686	INF
63687	INF
63688	INF
63689	INF
63690	INF
63691	INF
63692	INF
63693	INF
63694	INF
63695	INF
63696	INF
63697	INF
63698	INF
63699	INF
63700	INF
63701	INF
63702	INF
63703	INF
63704	INF
63705	INF
63706	INF
63707	INF
63708	INF
63709	INF
63710	INF
63711	INF
63712	INF
63713	INF
63714	INF
63715	INF
63716	INF
63717	INF
63718	INF
63719	INF
63720	INF
63721	INF
63722	INF
63723	INF
63724	INF
63725	INF
63726	INF
63727	INF
63728	INF
63729	INF
63730	INF
63731	INF
63732	INF
63733	INF
63734	INF
63735	INF
63736	INF
63737	INF
63738	INF
63739	INF
63740	INF
63741	INF
63742	INF
63743	INF
63744	INF
63745	INF
63746	INF
63747	INF
63748	INF
63749	INF
63750	INF
63751	INF
63752	INF
63753	INF
63754	INF
63755	INF
63756	INF
63757	INF
63758	INF
63759	INF
63760	INF
63761	INF
63762	INF
63763	INF
63764	INF
63765	INF
63766	INF
63767	INF
63768	INF
63769	INF
63770	INF
63771	INF
63772	INF
63773	INF
63774	INF
63775	INF
63776	INF
63777	INF
63778	INF
63779	INF
63780	INF
63781	INF
63782	INF
63783	INF
63784	INF
63785	INF
63786	INF
63787	INF
63788	INF
63789	INF
63790	INF
63791	INF
63792	INF
63793	INF
63794	INF
63795	INF
63796	INF
63797	INF
63798	INF
63799	INF
63800	INF
63801	INF
63802	INF
63803	INF
63804	INF
63805	INF
63806	INF
63807	INF
63808	INF
63809	INF
63810	INF
63811	INF
63812	INF
63813	INF
63814	INF
63815	INF
63816	INF
63817	INF
63818	INF
63819	INF
63820	INF
63821	INF
63822	INF
63823	INF
63824	INF
63825	INF
63826	INF
63827	INF
63828	INF
63829	INF
63830	INF
63831	INF
63832	INF
63833	INF
63834	INF
63835	INF
63836	INF
63837	INF
63838	INF
63839	INF
63840	INF
63841	INF
63842	INF
63843	INF
63844	INF
63845	INF
63846	INF
63847	INF
63848	INF
63849	INF
63850	INF
63851	INF
63852	INF
63853	INF
63854	INF
63855	INF
63856	INF
63857	INF
63858	INF
63859	INF
63860	INF
63861	INF
63862	INF
63863	INF
63864	INF
63865	INF
63866	INF
63867	INF
63868	INF
63869	INF
63870	INF
63871	INF
63872	INF
63873	INF
63874	INF
63875	INF
63876	INF
63877	INF
63878	INF
63879	INF
63880	INF
63881	INF
63882	INF
63883	INF
63884	INF
63885	INF
63886	INF
63887	INF
63888	INF
63889	INF
63890	INF
63891	INF
63892	INF
63893	INF
63894	INF
63895	INF
63896	INF
63897	INF
63898	INF
63899	INF
63900	INF
63901	INF
63902	INF
63903	INF
63904	INF
63905	INF
63906	INF
63907	INF
63908	INF
63909	INF
63910	INF
63911	INF
63912	INF
63913	INF
63914	INF
63915	INF
63916	INF
63917	INF
63918	INF
63919	INF
63920	INF
63921	INF
63922	INF
63923	INF
63924	INF
63925	INF
63926	INF
63927	INF
63928	INF
63929	INF
63930	INF
63931	INF
63932	INF
63933	INF
63934	INF
63935	INF
63936	INF
63937	INF
63938	INF
63939	INF
63940	INF
63941	INF
63942	INF
63943	INF
63944	INF
63945	INF
63946	INF
63947	INF
63948	INF
63949	INF
63950	INF
63951	INF
63952	INF
63953	INF
63954	INF
63955	INF
63956	INF
63957	INF
63958	INF
63959	INF
63960	INF
63961	INF
63962	INF
63963	INF
63964	INF
63965	INF
63966	INF
63967	INF
63968	INF
63969	INF
63970	INF
63971	INF
63972	INF
63973	INF
63974	INF
63975	INF
63976	INF
63977	INF
63978	INF
63979	INF
63980	INF
63981	INF
63982	INF
63983	INF
63984	INF
63985	INF
63986	INF
63987	INF
63988	INF
63989	INF
63990	INF
63991	INF
63992	INF
63993	INF
63994	INF
63995	INF
63996	INF
63997	INF
63998	INF
63999	INF
64000	INF
64001	INF
64002	INF
64003	INF
64004	INF
64005	INF
64006	INF
64007	INF
64008	INF
64009	INF
64010	INF
64011	INF
64012	INF
64013	INF
64014	INF
64015	INF
64016	INF
64017	INF
64018	INF
64019	INF
64020	INF
64021	INF
64022	INF
64023	INF
64024	INF
64025	INF
64026	INF
64027	INF
64028	INF
64029	INF
64030	INF
64031	INF
64032	INF
64033	INF
64034	INF
64035	INF
64036	INF
64037	INF
64038	INF
64039	INF
64040	INF
64041	INF
64042	INF
64043	INF
64044	INF
64045	INF
64046	INF
64047	INF
64048	INF
64049	INF
64050	INF
64051	INF
64052	INF
64053	INF
64054	INF
64055	INF
64056	INF
64057	INF
64058	INF
64059	INF
64060	INF
64061	INF
64062	INF
64063	INF
64064	INF
64065	INF
64066	INF
64067	INF
64068	INF
64069	INF
64070	INF
64071	INF
64072	INF
64073	INF
64074	INF
64075	INF
64076	INF
64077	INF
64078	INF
64079	INF
64080	INF
64081	INF
64082	INF
64083	INF
64084	INF
64085	INF
64086	INF
64087	INF
64088	INF
64089	INF
64090	INF
64091	INF
64092	INF
64093	INF
64094	INF
64095	INF
64096	INF
64097	INF
64098	INF
64099	INF
64100	INF
64101	INF
64102	INF
64103	INF
64104	INF
64105	INF
64106	INF
64107	INF
64108	INF
64109	INF
64110	INF
64111	INF
64112	INF
64113	INF
64114	INF
64115	INF
64116	INF
64117	INF
64118	INF
64119	INF
64120	INF
64121	INF
64122	INF
64123	INF
64124	INF
64125	INF
64126	INF
64127	INF
64128	INF
64129	INF
64130	INF
64131	INF
64132	INF
64133	INF
64134	INF
64135	INF
64136	INF
64137	INF
64138	INF
64139	INF
64140	INF
64141	INF
64142	INF
64143	INF
64144	INF
64145	INF
64146	INF
64147	INF
64148	INF
64149	INF
64150	INF
64151	INF
64152	INF
64153	INF
64154	INF
64155	INF
64156	INF
64157	INF
64158	INF
64159	INF
64160	INF
64161	INF
64162	INF
64163	INF
64164	INF
64165	INF
64166	INF
64167	INF
64168	INF
64169	INF
64170	INF
64171	INF
64172	INF
64173	INF
64174	INF
64175	INF
64176	INF
64177	INF
64178	INF
64179	INF
64180	INF
64181	INF
64182	INF
64183	INF
64184	INF
64185	INF
64186	INF
64187	INF
64188	INF
64189	INF
64190	INF
64191	INF
64192	INF
64193	INF
64194	INF
64195	INF
64196	INF
64197	INF
64198	INF
64199	INF
64200	INF
64201	INF
64202	INF
64203	INF
64204	INF
64205	INF
64206	INF
64207	INF
64208	INF
64209	INF
64210	INF
64211	INF
64212	INF
64213	INF
64214	INF
64215	INF
64216	INF
64217	INF
64218	INF
64219	INF
64220	INF
64221	INF
64222	INF
64223	INF
64224	INF
64225	INF
64226	INF
64227	INF
64228	INF
64229	INF
64230	INF
64231	INF
64232	INF
64233	INF
64234	INF
64235	INF
64236	INF
64237	INF
64238	INF
64239	INF
64240	INF
64241	INF
64242	INF
64243	INF
64244	INF
64245	INF
64246	INF
64247	INF
64248	INF
64249	INF
64250	INF
64251	INF
64252	INF
64253	INF
64254	INF
64255	INF
64256	INF
64257	INF
64258	INF
64259	INF
64260	INF
64261	INF
64262	INF
64263	INF
64264	INF
64265	INF
64266	INF
64267	INF
64268	INF
64269	INF
64270	INF
64271	INF
64272	INF
64273	INF
64274	INF
64275	INF
64276	INF
64277	INF
64278	INF
64279	INF
64280	INF
64281	INF
64282	INF
64283	INF
64284	INF
64285	INF
64286	INF
64287	INF
64288	INF
64289	INF
64290	INF
64291	INF
64292	INF
64293	INF
64294	INF
64295	INF
64296	INF
64297	INF
64298	INF
64299	INF
64300	INF
64301	INF
64302	INF
64303	INF
64304	INF
64305	INF
64306	INF
64307	INF
64308	INF
64309	INF
64310	INF
64311	INF
64312	INF
64313	INF
64314	INF
64315	INF
64316	INF
64317	INF
64318	INF
64319	INF
64320	INF
64321	INF
64322	INF
64323	INF
64324	INF
64325	INF
64326	INF
64327	INF
64328	INF
64329	INF
64330	INF
64331	INF
64332	INF
64333	INF
64334	INF
64335	INF
64336	INF
64337	INF
64338	INF
64339	INF
64340	INF
64341	INF
64342	INF
64343	INF
64344	INF
64345	INF
64346	INF
64347	INF
64348	INF
64349	INF
64350	INF
64351	INF
64352	INF
64353	INF
64354	INF
64355	INF
64356	INF
64357	INF
64358	INF
64359	INF
64360	INF
64361	INF
64362	INF
64363	INF
64364	INF
64365	INF
64366	INF
64367	INF
64368	INF
64369	INF
64370	INF
64371	INF
64372	INF
64373	INF
64374	INF
64375	INF
64376	INF
64377	INF
64378	INF
64379	INF
64380	INF
64381	INF
64382	INF
64383	INF
64384	INF
64385	INF
64386	INF
64387	INF
64388	INF
64389	INF
64390	INF
64391	INF
64392	INF
64393	INF
64394	INF
64395	INF
64396	INF
64397	INF
64398	INF
64399	INF
64400	INF
64401	INF
64402	INF
64403	INF
64404	INF
64405	INF
64406	INF
64407	INF
64408	INF
64409	INF
64410	INF
64411	INF
64412	INF
64413	INF
64414	INF
64415	INF
64416	INF
64417	INF
64418	INF
64419	INF
64420	INF
64421	INF
64422	INF
64423	INF
64424	INF
64425	INF
64426	INF
64427	INF
64428	INF
64429	INF
64430	INF
64431	INF
64432	INF
64433	INF
64434	INF
64435	INF
64436	INF
64437	INF
64438	INF
64439	INF
64440	INF
64441	INF
64442	INF
64443	INF
64444	INF
64445	INF
64446	INF
64447	INF
64448	INF
64449	INF
64450	INF
64451	INF
64452	INF
64453	INF
64454	INF
64455	INF
64456	INF
64457	INF
64458	INF
64459	INF
64460	INF
64461	INF
64462	INF
64463	INF
64464	INF
64465	INF
64466	INF
64467	INF
64468	INF
64469	INF
64470	INF
64471	INF
64472	INF
64473	INF
64474	INF
64475	INF
64476	INF
64477	INF
64478	INF
64479	INF
64480	INF
64481	INF
64482	INF
64483	INF
64484	INF
64485	INF
64486	INF
64487	INF
64488	INF
64489	INF
64490	INF
64491	INF
64492	INF
64493	INF
64494	INF
64495	INF
64496	INF
64497	INF
64498	INF
64499	INF
64500	INF
64501	INF
64502	INF
64503	INF
64504	INF
64505	INF
64506	INF
64507	INF
64508	INF
64509	INF
64510	INF
64511	INF
64512	INF
64513	INF
64514	INF
64515	INF
64516	INF
64517	INF
64518	INF
64519	INF
64520	INF
64521	INF
64522	INF
64523	INF
64524	INF
64525	INF
64526	INF
64527	INF
64528	INF
64529	INF
64530	INF
64531	INF
64532	INF
64533	INF
64534	INF
64535	INF
64536	INF
64537	INF
64538	INF
64539	INF
64540	INF
64541	INF
64542	INF
64543	INF
64544	INF
64545	INF
64546	INF
64547	INF
64548	INF
64549	INF
64550	INF
64551	INF
64552	INF
64553	INF
64554	INF
64555	INF
64556	INF
64557	INF
64558	INF
64559	INF
64560	INF
64561	INF
64562	INF
64563	INF
64564	INF
64565	INF
64566	INF
64567	INF
64568	INF
64569	INF
64570	INF
64571	INF
64572	INF
64573	INF
64574	INF
64575	INF
64576	INF
64577	INF
64578	INF
64579	INF
64580	INF
64581	INF
64582	INF
64583	INF
64584	INF
64585	INF
64586	INF
64587	INF
64588	INF
64589	INF
64590	INF
64591	INF
64592	INF
64593	INF
64594	INF
64595	INF
64596	INF
64597	INF
64598	INF
64599	INF
64600	INF
64601	INF
64602	INF
64603	INF
64604	INF
64605	INF
64606	INF
64607	INF
64608	INF
64609	INF
64610	INF
64611	INF
64612	INF
64613	INF
64614	INF
64615	INF
64616	INF
64617	INF
64618	INF
64619	INF
64620	INF
64621	INF
64622	INF
64623	INF
64624	INF
64625	INF
64626	INF
64627	INF
64628	INF
64629	INF
64630	INF
64631	INF
64632	INF
64633	INF
64634	INF
64635	INF
64636	INF
64637	INF
64638	INF
64639	INF
64640	INF
64641	INF
64642	INF
64643	INF
64644	INF
64645	INF
64646	INF
64647	INF
64648	INF
64649	INF
64650	INF
64651	INF
64652	INF
64653	INF
64654	INF
64655	INF
64656	INF
64657	INF
64658	INF
64659	INF
64660	INF
64661	INF
64662	INF
64663	INF
64664	INF
64665	INF
64666	INF
64667	INF
64668	INF
64669	INF
64670	INF
64671	INF
64672	INF
64673	INF
64674	INF
64675	INF
64676	INF
64677	INF
64678	INF
64679	INF
64680	INF
64681	INF
64682	INF
64683	INF
64684	INF
64685	INF
64686	INF
64687	INF
64688	INF
64689	INF
64690	INF
64691	INF
64692	INF
64693	INF
64694	INF
64695	INF
64696	INF
64697	INF
64698	INF
64699	INF
64700	INF
64701	INF
64702	INF
64703	INF
64704	INF
64705	INF
64706	INF
64707	INF
64708	INF
64709	INF
64710	INF
64711	INF
64712	INF
64713	INF
64714	INF
64715	INF
64716	INF
64717	INF
64718	INF
64719	INF
64720	INF
64721	INF
64722	INF
64723	INF
64724	INF
64725	INF
64726	INF
64727	INF
64728	INF
64729	INF
64730	INF
64731	INF
64732	INF
64733	INF
64734	INF
64735	INF
64736	INF
64737	INF
64738	INF
64739	INF
64740	INF
64741	INF
64742	INF
64743	INF
64744	INF
64745	INF
64746	INF
64747	INF
64748	INF
64749	INF
64750	INF
64751	INF
64752	INF
64753	INF
64754	INF
64755	INF
64756	INF
64757	INF
64758	INF
64759	INF
64760	INF
64761	INF
64762	INF
64763	INF
64764	INF
64765	INF
64766	INF
64767	INF
64768	INF
64769	INF
64770	INF
64771	INF
64772	INF
64773	INF
64774	INF
64775	INF
64776	INF
64777	INF
64778	INF
64779	INF
64780	INF
64781	INF
64782	INF
64783	INF
64784	INF
64785	INF
64786	INF
64787	INF
64788	INF
64789	INF
64790	INF
64791	INF
64792	INF
64793	INF
64794	INF
64795	INF
64796	INF
64797	INF
64798	INF
64799	INF
64800	INF
64801	INF
64802	INF
64803	INF
64804	INF
64805	INF
64806	INF
64807	INF
64808	INF
64809	INF
64810	INF
64811	INF
64812	INF
64813	INF
64814	INF
64815	INF
64816	INF
64817	INF
64818	INF
64819	INF
64820	INF
64821	INF
64822	INF
64823	INF
64824	INF
64825	INF
64826	INF
64827	INF
64828	INF
64829	INF
64830	INF
64831	INF
64832	INF
64833	INF
64834	INF
64835	INF
64836	INF
64837	INF
64838	INF
64839	INF
64840	INF
64841	INF
64842	INF
64843	INF
64844	INF
64845	INF
64846	INF
64847	INF
64848	INF
64849	INF
64850	INF
64851	INF
64852	INF
64853	INF
64854	INF
64855	INF
64856	INF
64857	INF
64858	INF
64859	INF
64860	INF
64861	INF
64862	INF
64863	INF
64864	INF
64865	INF
64866	INF
64867	INF
64868	INF
64869	INF
64870	INF
64871	INF
64872	INF
64873	INF
64874	INF
64875	INF
64876	INF
64877	INF
64878	INF
64879	INF
64880	INF
64881	INF
64882	INF
64883	INF
64884	INF
64885	INF
64886	INF
64887	INF
64888	INF
64889	INF
64890	INF
64891	INF
64892	INF
64893	INF
64894	INF
64895	INF
64896	INF
64897	INF
64898	INF
64899	INF
64900	INF
64901	INF
64902	INF
64903	INF
64904	INF
64905	INF
64906	INF
64907	INF
64908	INF
64909	INF
64910	INF
64911	INF
64912	INF
64913	INF
64914	INF
64915	INF
64916	INF
64917	INF
64918	INF
64919	INF
64920	INF
64921	INF
64922	INF
64923	INF
64924	INF
64925	INF
64926	INF
64927	INF
64928	INF
64929	INF
64930	INF
64931	INF
64932	INF
64933	INF
64934	INF
64935	INF
64936	INF
64937	INF
64938	INF
64939	INF
64940	INF
64941	INF
64942	INF
64943	INF
64944	INF
64945	INF
64946	INF
64947	INF
64948	INF
64949	INF
64950	INF
64951	INF
64952	INF
64953	INF
64954	INF
64955	INF
64956	INF
64957	INF
64958	INF
64959	INF
64960	INF
64961	INF
64962	INF
64963	INF
64964	INF
64965	INF
64966	INF
64967	INF
64968	INF
64969	INF
64970	INF
64971	INF
64972	INF
64973	INF
64974	INF
64975	INF
64976	INF
64977	INF
64978	INF
64979	INF
64980	INF
64981	INF
64982	INF
64983	INF
64984	INF
64985	INF
64986	INF
64987	INF
64988	INF
64989	INF
64990	INF
64991	INF
64992	INF
64993	INF
64994	INF
64995	INF
64996	INF
64997	INF
64998	INF
64999	INF
65000	INF
65001	INF
65002	INF
65003	INF
65004	INF
65005	INF
65006	INF
65007	INF
65008	INF
65009	INF
65010	INF
65011	INF
65012	INF
65013	INF
65014	INF
65015	INF
65016	INF
65017	INF
65018	INF
65019	INF
65020	INF
65021	INF
65022	INF
65023	INF
65024	INF
65025	INF
65026	INF
65027	INF
65028	INF
65029	INF
65030	INF
65031	INF
65032	INF
65033	INF
65034	INF
65035	INF
65036	INF
65037	INF
65038	INF
65039	INF
65040	INF
65041	INF
65042	INF
65043	INF
65044	INF
65045	INF
65046	INF
65047	INF
65048	INF
65049	INF
65050	INF
65051	INF
65052	INF
65053	INF
65054	INF
65055	INF
65056	INF
65057	INF
65058	INF
65059	INF
65060	INF
65061	INF
65062	INF
65063	INF
65064	INF
65065	INF
65066	INF
65067	INF
65068	INF
65069	INF
65070	INF
65071	INF
65072	INF
65073	INF
65074	INF
65075	INF
65076	INF
65077	INF
65078	INF
65079	INF
65080	INF
65081	INF
65082	INF
65083	INF
65084	INF
65085	INF
65086	INF
65087	INF
65088	INF
65089	INF
65090	INF
65091	INF
65092	INF
65093	INF
65094	INF
65095	INF
65096	INF
65097	INF
65098	INF
65099	INF
65100	INF
65101	INF
65102	INF
65103	INF
65104	INF
65105	INF
65106	INF
65107	INF
65108	INF
65109	INF
65110	INF
65111	INF
65112	INF
65113	INF
65114	INF
65115	INF
65116	INF
65117	INF
65118	INF
65119	INF
65120	INF
65121	INF
65122	INF
65123	INF
65124	INF
65125	INF
65126	INF
65127	INF
65128	INF
65129	INF
65130	INF
65131	INF
65132	INF
65133	INF
65134	INF
65135	INF
65136	INF
65137	INF
65138	INF
65139	INF
65140	INF
65141	INF
65142	INF
65143	INF
65144	INF
65145	INF
65146	INF
65147	INF
65148	INF
65149	INF
65150	INF
65151	INF
65152	INF
65153	INF
65154	INF
65155	INF
65156	INF
65157	INF
65158	INF
65159	INF
65160	INF
65161	INF
65162	INF
65163	INF
65164	INF
65165	INF
65166	INF
65167	INF
65168	INF
65169	INF
65170	INF
65171	INF
65172	INF
65173	INF
65174	INF
65175	INF
65176	INF
65177	INF
65178	INF
65179	INF
65180	INF
65181	INF
65182	INF
65183	INF
65184	INF
65185	INF
65186	INF
65187	INF
65188	INF
65189	INF
65190	INF
65191	INF
65192	INF
65193	INF
65194	INF
65195	INF
65196	INF
65197	INF
65198	INF
65199	INF
65200	INF
65201	INF
65202	INF
65203	INF
65204	INF
65205	INF
65206	INF
65207	INF
65208	INF
65209	INF
65210	INF
65211	INF
65212	INF
65213	INF
65214	INF
65215	INF
65216	INF
65217	INF
65218	INF
65219	INF
65220	INF
65221	INF
65222	INF
65223	INF
65224	INF
65225	INF
65226	INF
65227	INF
65228	INF
65229	INF
65230	INF
65231	INF
65232	INF
65233	INF
65234	INF
65235	INF
65236	INF
65237	INF
65238	INF
65239	INF
65240	INF
65241	INF
65242	INF
65243	INF
65244	INF
65245	INF
65246	INF
65247	INF
65248	INF
65249	INF
65250	INF
65251	INF
65252	INF
65253	INF
65254	INF
65255	INF
65256	INF
65257	INF
65258	INF
65259	INF
65260	INF
65261	INF
65262	INF
65263	INF
65264	INF
65265	INF
65266	INF
65267	INF
65268	INF
65269	INF
65270	INF
65271	INF
65272	INF
65273	INF
65274	INF
65275	INF
65276	INF
65277	INF
65278	INF
65279	INF
65280	INF
65281	INF
65282	INF
65283	INF
65284	INF
65285	INF
65286	INF
65287	INF
65288	INF
65289	INF
65290	INF
65291	INF
65292	INF
65293	INF
65294	INF
65295	INF
65296	INF
65297	INF
65298	INF
65299	INF
65300	INF
65301	INF
65302	INF
65303	INF
65304	INF
65305	INF
65306	INF
65307	INF
65308	INF
65309	INF
65310	INF
65311	INF
65312	INF
65313	INF
65314	INF
65315	INF
65316	INF
65317	INF
65318	INF
65319	INF
65320	INF
65321	INF
65322	INF
65323	INF
65324	INF
65325	INF
65326	INF
65327	INF
65328	INF
65329	INF
65330	INF
65331	INF
65332	INF
65333	INF
65334	INF
65335	INF
65336	INF
65337	INF
65338	INF
65339	INF
65340	INF
65341	INF
65342	INF
65343	INF
65344	INF
65345	INF
65346	INF
65347	INF
65348	INF
65349	INF
65350	INF
65351	INF
65352	INF
65353	INF
65354	INF
65355	INF
65356	INF
65357	INF
65358	INF
65359	INF
65360	INF
65361	INF
65362	INF
65363	INF
65364	INF
65365	INF
65366	INF
65367	INF
65368	INF
65369	INF
65370	INF
65371	INF
65372	INF
65373	INF
65374	INF
65375	INF
65376	INF
65377	INF
65378	INF
65379	INF
65380	INF
65381	INF
65382	INF
65383	INF
65384	INF
65385	INF
65386	INF
65387	INF
65388	INF
65389	INF
65390	INF
65391	INF
65392	INF
65393	INF
65394	INF
65395	INF
65396	INF
65397	INF
65398	INF
65399	INF
65400	INF
65401	INF
65402	INF
65403	INF
65404	INF
65405	INF
65406	INF
65407	INF
65408	INF
65409	INF
65410	INF
65411	INF
65412	INF
65413	INF
65414	INF
65415	INF
65416	INF
65417	INF
65418	INF
65419	INF
65420	INF
65421	INF
65422	INF
65423	INF
65424	INF
65425	INF
65426	INF
65427	INF
65428	INF
65429	INF
65430	INF
65431	INF
65432	INF
65433	INF
65434	INF
65435	INF
65436	INF
65437	INF
65438	INF
65439	INF
65440	INF
65441	INF
65442	INF
65443	INF
65444	INF
65445	INF
65446	INF
65447	INF
65448	INF
65449	INF
65450	INF
65451	INF
65452	INF
65453	INF
65454	INF
65455	INF
65456	INF
65457	INF
65458	INF
65459	INF
65460	INF
65461	INF
65462	INF
65463	INF
65464	INF
65465	INF
65466	INF
65467	INF
65468	INF
65469	INF
65470	INF
65471	INF
65472	INF
65473	INF
65474	INF
65475	INF
65476	INF
65477	INF
65478	INF
65479	INF
65480	INF
65481	INF
65482	INF
65483	INF
65484	INF
65485	INF
65486	INF
65487	INF
65488	INF
65489	INF
65490	INF
65491	INF
65492	INF
65493	INF
65494	INF
65495	INF
65496	INF
65497	INF
65498	INF
65499	INF
65500	INF
65501	INF
65502	INF
65503	INF
65504	INF
65505	INF
65506	INF
65507	INF
65508	INF
65509	INF
65510	INF
65511	INF
65512	INF
65513	INF
65514	INF
65515	INF
65516	INF
65517	INF
65518	INF
65519	INF
65520	INF
65521	INF
65522	INF
65523	INF
65524	INF
65525	INF
65526	INF
65527	INF
65528	INF
65529	INF
65530	INF
65531	INF
65532	INF
65533	INF
65534	INF
65535	INF
